15	odour	0.17142857
15	smell	0.12653061
15	odor	0.12653061
15	odore	0.08163265
15	stenche	0.05306122
15	stink	0.04897959
15	olfactus	0.03673469
15	sauour	0.02857143
15	smel	0.01632653
15	foul	0.01632653
15	odorant	0.01632653
15	stench	0.01632653
15	smelleth	0.01632653
15	stank	0.01224490
15	odora	0.01224490
15	smelle	0.01224490
15	socour	0.00816327
15	odoran	0.00816327
15	odorabilia	0.00816327
15	olfactu	0.00816327
15	scent	0.00816327
15	smellid	0.00816327
15	aromatous	0.00816327
15	aromatykis	0.00816327
15	rethorik	0.00816327
15	fetid	0.00816327
15	stinkyng	0.00816327
15	smelly	0.00816327
15	infeccy	0.00816327
15	fawte	0.00816327
15	odoriferous	0.00816327
15	smellyth	0.00408163
15	olfact	0.00408163
15	olfactum	0.00408163
15	prouendour	0.00408163
15	myrrour	0.00408163
15	aroma	0.00408163
15	yesmelle	0.00408163
15	apocryfum	0.00408163
15	fume	0.00408163
15	aromatike	0.00408163
15	mynour	0.00408163
15	appetit	0.00408163
15	perfour	0.00408163
15	licour	0.00408163
15	perfumes	0.00408163
15	fragrancy	0.00408163
15	smell sauour	0.00408163
15	lycour	0.00408163
15	stinche	0.00408163
15	stynke	0.00408163
15	stinke	0.00408163
16	smell	0.30096634
16	stink	0.18420526
16	perfume	0.07257581
16	odour	0.06244585
16	odoriferous	0.06157947
16	fragrant	0.04405198
16	smel	0.02319227
16	odor	0.02139287
16	sauour	0.02052649
16	fmell	0.01446185
16	stench	0.01386205
16	stinke	0.00999667
16	breath	0.00886371
16	fume	0.00826391
16	stincke	0.00753082
16	smelleth	0.00659780
16	send	0.00539820
16	odoure	0.00479840
16	scent	0.00433189
16	fmelle	0.00419860
16	perfumes	0.00399867
16	smell sauour	0.00359880
16	smelle	0.00299900
16	aroma	0.00293236
16	stinch	0.00266578
16	stenche	0.00259913
16	smelles	0.00253249
16	parfume	0.00246584
16	licour	0.00239920
16	noisome	0.00219927
16	fetor	0.00219927
16	stink breath	0.00213262
16	odore	0.00213262
16	reek	0.00199933
16	snuff	0.00179940
16	stin	0.00173276
16	stinketh	0.00159947
16	vapour	0.00146618
16	fetid	0.00133289
16	stincking	0.00133289
16	stinkyng	0.00126624
16	foule	0.00106631
16	noysome	0.00106631
16	pestiferous	0.00099967
16	lycour	0.00099967
16	stink sauour	0.00093302
16	smellinge	0.00093302
16	aromatic	0.00093302
16	ocour	0.00086638
16	odorem	0.00079973
16	snuffe	0.00079973
16	ooour	0.00079973
16	aromatike	0.00073309
16	stinche	0.00073309
16	smels	0.00073309
16	oximell	0.00066644
16	savour	0.00059980
16	breathe	0.00059980
16	stank	0.00059980
16	aromatise	0.00059980
16	aromaticus	0.00059980
16	perfum '	0.00053316
16	sapour	0.00053316
16	foul	0.00053316
16	aromaticall	0.00053316
16	oyle	0.00053316
16	smelly	0.00053316
16	stunk	0.00046651
16	odoriferous sauour	0.00046651
16	ferous	0.00046651
16	odorife	0.00046651
16	aromatick	0.00046651
16	nose	0.00039987
16	smeller	0.00039987
16	odouris	0.00039987
16	fauour	0.00039987
16	smokie	0.00039987
16	olfactus	0.00039987
16	filthy	0.00039987
16	putrid	0.00039987
16	effeminate	0.00039987
16	vile	0.00039987
16	odorous	0.00039987
16	fmelleth	0.00039987
16	stincketh	0.00033322
16	aromatize	0.00033322
16	odori	0.00033322
16	sauor	0.00033322
16	spice	0.00033322
16	venemous	0.00033322
16	smeld	0.00026658
16	fragra	0.00026658
16	oyntment	0.00026658
16	confume	0.00026658
16	odo	0.00026658
16	odoriferus	0.00026658
16	contagious	0.00026658
16	perfum	0.00026658
16	odoror	0.00026658
16	perfumer	0.00026658
16	suffumigation	0.00026658
16	stinckyng	0.00026658
16	stincking breath	0.00026658
16	scente	0.00026658
16	odorifferous	0.00026658
16	stencheth	0.00026658
16	fmel	0.00026658
16	odoriferous smel	0.00019993
16	ordour	0.00019993
16	odoriferous smelle	0.00019993
16	smelling	0.00019993
16	odoriferous perfume	0.00019993
16	flagrant	0.00019993
16	olfacto	0.00019993
16	perfumde	0.00019993
16	sweete	0.00019993
16	fragrant sauour	0.00019993
16	spel	0.00019993
16	odoryferous	0.00019993
16	musick	0.00019993
16	incense	0.00019993
16	fumes	0.00019993
16	whiff	0.00019993
16	puff	0.00019993
16	famish	0.00019993
16	stink sauor	0.00019993
16	odeur	0.00019993
16	hoate	0.00019993
16	odoriferous send	0.00019993
16	aromaticke	0.00019993
16	stanke	0.00019993
16	perfumár	0.00019993
16	vnholsome	0.00019993
16	smele	0.00019993
16	odorate	0.00019993
16	nostril	0.00019993
16	vncleane	0.00019993
16	ing	0.00019993
16	odoratiora	0.00019993
16	medow	0.00019993
16	stink vapour	0.00013329
16	shittim	0.00013329
16	virule	0.00013329
16	cammell	0.00013329
16	aperfume	0.00013329
16	parfum '	0.00013329
16	ncense	0.00013329
16	stenchinge	0.00013329
16	fection	0.00013329
16	garland	0.00013329
16	perfec	0.00013329
16	andsweetsmelle	0.00013329
16	wellsmelle	0.00013329
16	offend	0.00013329
16	encense	0.00013329
16	oderiferous	0.00013329
16	stinkin	0.00013329
16	odoriferous parfume	0.00013329
16	smok	0.00013329
16	breath smell	0.00013329
16	tast	0.00013329
16	welsmelle	0.00013329
16	vapours	0.00013329
16	fragráre	0.00013329
16	stincking sauour	0.00013329
16	aromata	0.00013329
16	sauoure	0.00013329
16	withodoriferous	0.00013329
16	perfumyng	0.00013329
16	ful	0.00013329
16	ordoure	0.00013329
16	smel odor	0.00013329
16	ydolatrous	0.00013329
16	camomell	0.00013329
16	smell perfume	0.00013329
16	hearb	0.00013329
16	corrupt	0.00013329
16	suffitus	0.00013329
16	aromatico	0.00013329
16	odorato	0.00013329
16	sente	0.00013329
16	perfumo	0.00013329
16	reeke	0.00013329
16	mistie	0.00013329
16	parfums	0.00013329
16	perfumé	0.00013329
16	perfumement	0.00013329
16	stinck	0.00013329
16	thefume	0.00013329
16	stincho	0.00013329
16	odourous	0.00013329
16	detestable	0.00013329
16	iferous	0.00013329
16	aromatyzate	0.00013329
16	goatish	0.00013329
16	daungerous	0.00013329
16	smell odoriferous	0.00013329
16	séeke	0.00013329
16	pestilent	0.00013329
16	stynke	0.00013329
16	socour	0.00013329
16	caue	0.00013329
16	rauenous	0.00013329
16	odorouse	0.00013329
16	pleasant	0.00013329
16	forsayd	0.00013329
16	fragrancie	0.00013329
16	fulsome	0.00013329
16	slauish	0.00013329
16	asstinke	0.00013329
16	oysome	0.00013329
16	dour	0.00013329
16	peractus	0.00013329
16	coulour	0.00013329
16	camamell	0.00013329
16	horrour	0.00013329
16	flud	0.00013329
16	resplendour	0.00013329
16	hellish	0.00013329
16	abominable	0.00013329
16	fylthy	0.00013329
16	stinkinge	0.00013329
16	ieperdous	0.00013329
16	lothsome	0.00013329
16	hainous	0.00013329
16	riferous	0.00013329
16	aromati	0.00013329
16	fauore	0.00013329
16	odyous	0.00013329
16	perfu	0.00013329
16	sauere	0.00013329
16	snuf	0.00013329
16	stinc	0.00013329
16	poysone	0.00013329
16	brutish	0.00013329
16	filthie	0.00013329
16	ointmente	0.00013329
16	appetid	0.00013329
16	contemptible	0.00013329
16	scented	0.00013329
16	noxious	0.00013329
16	infectious	0.00013329
16	obaur	0.00013329
16	virofum	0.00013329
16	fomentacion	0.00013329
16	fent	0.00013329
16	fuffume	0.00013329
16	odoziferous	0.00013329
16	sufuf	0.00013329
16	fetide	0.00013329
16	dianifum	0.00013329
16	belfome	0.00013329
16	fooulb	0.00013329
16	fufo	0.00013329
16	fectious	0.00013329
16	effetiuall	0.00013329
16	feolfome	0.00013329
16	obtferous	0.00013329
16	fweet	0.00013329
16	lauour	0.00013329
16	cheke	0.00006664
16	exhale	0.00006664
16	thedoctrine	0.00006664
16	perfume stinke	0.00006664
16	feine	0.00006664
16	diademes	0.00006664
16	vapur	0.00006664
16	feruour	0.00006664
16	indow	0.00006664
16	corruption	0.00006664
16	feedingamong	0.00006664
16	odora	0.00006664
16	lyperfume	0.00006664
16	sweetesmell	0.00006664
16	stink miste	0.00006664
16	miste	0.00006664
16	apud	0.00006664
16	odoriferous licour	0.00006664
16	licoure fragrant	0.00006664
16	splendour	0.00006664
16	oderous	0.00006664
16	odor smeld	0.00006664
16	puffing	0.00006664
16	séemely	0.00006664
16	fragrant odour	0.00006664
16	smoake	0.00006664
16	feel	0.00006664
16	swelt	0.00006664
16	smell parfume	0.00006664
16	stink breathe	0.00006664
16	trammelle	0.00006664
16	stink bealke	0.00006664
16	stincking sauor	0.00006664
16	smell send	0.00006664
16	sweetene	0.00006664
16	smel feast	0.00006664
16	smel stifleth	0.00006664
16	od	0.00006664
16	stink chase	0.00006664
16	chase	0.00006664
16	parfumer	0.00006664
16	aromate	0.00006664
16	superiours	0.00006664
16	souldiour	0.00006664
16	fetour	0.00006664
16	schupe	0.00006664
16	waffing	0.00006664
16	smellis	0.00006664
16	brodmell	0.00006664
16	breathing	0.00006664
16	kiss	0.00006664
16	odour smell	0.00006664
16	stink trifle	0.00006664
16	trifle	0.00006664
16	candoure	0.00006664
16	finesmell	0.00006664
16	stink hearb	0.00006664
16	rupt	0.00006664
16	stifle	0.00006664
16	medowe	0.00006664
16	odour andsauour	0.00006664
16	faggot	0.00006664
16	odoriferous alluring	0.00006664
16	alluring	0.00006664
16	sauore	0.00006664
16	smuke	0.00006664
16	buzz	0.00006664
16	smell savour	0.00006664
16	goo	0.00006664
16	gnash	0.00006664
16	heretike	0.00006664
16	odorare	0.00006664
16	sauoured	0.00006664
16	smackt	0.00006664
16	delectable	0.00006664
16	tasteth	0.00006664
16	stink sent	0.00006664
16	sent	0.00006664
16	perfuming	0.00006664
16	cullour	0.00006664
16	goume	0.00006664
16	felte	0.00006664
16	sweetesmel	0.00006664
16	inammell	0.00006664
16	whiffing	0.00006664
16	andfume	0.00006664
16	sucour	0.00006664
16	stink heretike	0.00006664
16	haue	0.00006664
16	filthiecolour	0.00006664
16	somesink	0.00006664
16	ismelte	0.00006664
16	wouldparfume	0.00006664
16	toparfume	0.00006664
16	noisome wéed	0.00006664
16	sweeteodour	0.00006664
16	sweeteodours	0.00006664
16	smell odour	0.00006664
16	doth stinke	0.00006664
16	essence	0.00006664
16	fragrant sauor	0.00006664
16	gouernour	0.00006664
16	lineament	0.00006664
16	balme	0.00006664
16	perfume theym	0.00006664
16	hydromell	0.00006664
16	fume stinc	0.00006664
16	nosethrille	0.00006664
16	sauours	0.00006664
16	sweteperfume	0.00006664
16	smal	0.00006664
16	incenseth	0.00006664
16	semely	0.00006664
16	perfúme	0.00006664
16	smellys	0.00006664
16	behauour	0.00006664
16	breath perfumd	0.00006664
16	perfumd	0.00006664
16	parfumes	0.00006664
16	doth	0.00006664
16	odor ferous	0.00006664
16	oratour	0.00006664
16	smelie	0.00006664
16	smellingfume	0.00006664
16	conueyodour	0.00006664
16	prefumed	0.00006664
16	prefume	0.00006664
16	indeuour	0.00006664
16	oyntmente	0.00006664
16	myrrour	0.00006664
16	stynkyng	0.00006664
16	stink snuffe	0.00006664
16	noyfull	0.00006664
16	smell stinkyng	0.00006664
16	tryuiall	0.00006664
16	odor fragrant	0.00006664
16	odord	0.00006664
16	breath '	0.00006664
16	stanch	0.00006664
16	odout	0.00006664
16	breath perfume	0.00006664
16	cense	0.00006664
16	spicery	0.00006664
16	stunke	0.00006664
16	odour smelleth	0.00006664
16	stinking breathe	0.00006664
16	membrance	0.00006664
16	smellyng	0.00006664
16	skum	0.00006664
16	yourstinke	0.00006664
16	yourstinking	0.00006664
16	vagrant	0.00006664
16	vagrant breath	0.00006664
16	befumde	0.00006664
16	stink exhalation	0.00006664
16	vapor	0.00006664
16	synomom	0.00006664
16	stink réeke	0.00006664
16	réeke	0.00006664
16	smelte	0.00006664
16	liueline	0.00006664
16	nosthrill	0.00006664
16	breath stin	0.00006664
16	swéete	0.00006664
16	stink foule	0.00006664
16	postume	0.00006664
16	stink filth	0.00006664
16	filth	0.00006664
16	thefilth	0.00006664
16	els	0.00006664
16	counterfete	0.00006664
16	mud	0.00006664
16	valour	0.00006664
16	stink hellish	0.00006664
16	odoriferous scent	0.00006664
16	frind	0.00006664
16	•	0.00006664
16	perfume smel	0.00006664
16	herbe	0.00006664
16	odor smell	0.00006664
16	saluiour	0.00006664
16	offendour	0.00006664
16	fragrance	0.00006664
16	sweetesmelle	0.00006664
16	snuffing	0.00006664
16	smelde	0.00006664
16	odoriferant	0.00006664
16	stinking flouds	0.00006664
16	floud	0.00006664
16	stink carkas	0.00006664
16	carkas	0.00006664
16	taste	0.00006664
16	smell sauor	0.00006664
16	snort	0.00006664
16	quour	0.00006664
16	befume	0.00006664
16	stifeled	0.00006664
16	fauiour	0.00006664
16	amorour	0.00006664
16	odour sauour	0.00006664
16	perfumeth	0.00006664
16	odoriferous smell	0.00006664
16	noynte	0.00006664
16	pyle	0.00006664
16	gumme	0.00006664
16	sweetne	0.00006664
16	smell smell	0.00006664
16	smell breath	0.00006664
16	polluted	0.00006664
16	pollute	0.00006664
16	- scented	0.00006664
16	odor '	0.00006664
16	hearbes	0.00006664
16	fmelleo	0.00006664
16	luff	0.00006664
16	polfumc	0.00006664
16	polfume	0.00006664
16	fetit	0.00006664
16	nodhrill	0.00006664
16	r	0.00006664
16	feapour	0.00006664
16	fele	0.00006664
16	tmell	0.00006664
16	gmafmell	0.00006664
16	gajofmell	0.00006664
16	ooours	0.00006664
16	0mell perceiueth	0.00006664
16	fmelltng	0.00006664
16	ttinke	0.00006664
16	perfumcs	0.00006664
16	fmell tinge	0.00006664
16	tinge	0.00006664
16	pleafure	0.00006664
16	diuerfum	0.00006664
16	fapor	0.00006664
16	odoratir	0.00006664
16	vfum	0.00006664
16	vfum odore	0.00006664
16	perfumar	0.00006664
16	perfutne	0.00006664
16	mmell	0.00006664
16	efume	0.00006664
16	frocbifccs	0.00006664
16	tbefmell	0.00006664
16	offtneetefmell	0.00006664
16	befmell	0.00006664
16	thefame	0.00006664
16	cmell	0.00006664
16	pecfume	0.00006664
16	fpume	0.00006664
16	faucur	0.00006664
16	ganfofmell	0.00006664
16	fimell	0.00006664
16	rume	0.00006664
16	tonfume	0.00006664
16	ojeame	0.00006664
16	foulcs	0.00006664
16	ponour	0.00006664
16	sfe	0.00006664
16	fetors	0.00006664
16	fetij	0.00006664
16	aromatize odour	0.00006664
16	aromaticum	0.00006664
16	stem	0.00006664
16	dofume	0.00006664
16	tbeperfume	0.00006664
16	fmellr	0.00006664
16	fiflfonte	0.00006664
17	smell	0.25674578
17	stink	0.16774614
17	perfume	0.07598012
17	odour	0.06451943
17	fragrant	0.05384914
17	scent	0.04322275
17	odoriferous	0.03731676
17	fmell	0.01997936
17	putrid	0.01708858
17	odor	0.01548584
17	stench	0.01473204
17	savour	0.01386114
17	fume	0.01020923
17	fetid	0.00994577
17	smel	0.00903828
17	breath	0.00886996
17	aromatick	0.00816007
17	fmelle	0.00637437
17	odorous	0.00624995
17	reek	0.00623532
17	aromatic	0.00576694
17	foul	0.00464721
17	send	0.00414224
17	scented	0.00392269
17	smell savour	0.00376900
17	stinke	0.00360068
17	snuff	0.00289811
17	sauour	0.00288347
17	perfum '	0.00287615
17	vapour	0.00283956
17	fragrancy	0.00279565
17	perfumes	0.00273710
17	effluvia	0.00251023
17	aroma	0.00245168
17	olfactory	0.00231995
17	noysome	0.00220285
17	stunk	0.00218090
17	smelleth	0.00215162
17	noisome	0.00210039
17	noxious	0.00205648
17	aromatize	0.00195403
17	aromatical	0.00184425
17	stink breath	0.00174911
17	aromaticall	0.00174911
17	odorate	0.00170520
17	stank	0.00151492
17	confume	0.00133928
17	stincke	0.00132464
17	fweet	0.00124414
17	odore	0.00118559
17	effluvium	0.00105386
17	sapour	0.00103922
17	fmel	0.00093676
17	nauseous	0.00092212
17	infufe	0.00090749
17	whiff	0.00086358
17	smels	0.00085626
17	offensive	0.00082698
17	nose	0.00081235
17	stinketh	0.00076844
17	savor	0.00076112
17	stinck	0.00069525
17	stinch	0.00068793
17	ferous	0.00065866
17	sweet	0.00063670
17	ing	0.00060743
17	smell sauour	0.00060743
17	odorem	0.00057816
17	perfumer	0.00057084
17	snuffe	0.00057084
17	odorife	0.00056352
17	sulphur	0.00054888
17	nostril	0.00054157
17	fragrance	0.00050497
17	vapours	0.00049034
17	spice	0.00047570
17	exhalation	0.00047570
17	infufion	0.00047570
17	obnoxious	0.00045374
17	odo	0.00043911
17	stin	0.00042447
17	florid	0.00042447
17	fmelt	0.00040983
17	viscous	0.00040251
17	taste	0.00037324
17	aromata	0.00037324
17	strew	0.00036592
17	fetor	0.00035860
17	odori	0.00035860
17	pestiferous	0.00035129
17	stenche	0.00033665
17	faetid	0.00032933
17	fetids	0.00032933
17	smell odour	0.00032201
17	emanation	0.00032201
17	aromatise	0.00031469
17	confufe	0.00031469
17	aromaticus	0.00030737
17	odoriferous perfume	0.00030006
17	incense	0.00030006
17	garlick	0.00030006
17	stanch	0.00029274
17	stincking	0.00028542
17	vapor	0.00028542
17	riferous	0.00028542
17	smoak	0.00027810
17	sent	0.00027810
17	odorable	0.00026346
17	candour	0.00024883
17	nerve	0.00024883
17	feculent	0.00024883
17	drink	0.00024151
17	dour	0.00024151
17	whiffing	0.00023419
17	fent	0.00023419
17	pungent	0.00023419
17	foetid	0.00023419
17	inodorous	0.00022687
17	stink savour	0.00022687
17	effeminate	0.00021223
17	stink vapour	0.00021223
17	olfactus	0.00021223
17	aromatique	0.00020492
17	loathsome	0.00020492
17	breath smell	0.00019760
17	fuliginous	0.00019760
17	breathe	0.00019028
17	spicy	0.00019028
17	perfum	0.00019028
17	oderiferous	0.00019028
17	frigid	0.00019028
17	pretious	0.00018296
17	fragran	0.00018296
17	aromaticke	0.00017564
17	odoratory	0.00016832
17	odourable	0.00016832
17	odoriserous	0.00016101
17	ness	0.00016101
17	foule	0.00016101
17	fece	0.00016101
17	prefume	0.00015369
17	odoriferous scent	0.00015369
17	stink sauour	0.00015369
17	smell savor	0.00015369
17	smell nerve	0.00015369
17	ftinke	0.00015369
17	splendour	0.00014637
17	smell '	0.00014637
17	faetor	0.00014637
17	fectious	0.00014637
17	exhale	0.00014637
17	intoxicate	0.00014637
17	olfactive	0.00014637
17	breath perfume	0.00013905
17	odorament	0.00013905
17	vour	0.00013905
17	oyntment	0.00013905
17	musick	0.00013905
17	noysom	0.00013905
17	corrupt	0.00013905
17	vigour	0.00013173
17	meek	0.00013173
17	aromatics	0.00013173
17	olfactory nerve	0.00013173
17	odeur	0.00013173
17	odorant	0.00013173
17	liquour	0.00013173
17	vifcous	0.00013173
17	smelles	0.00012441
17	sente	0.00012441
17	superfluous	0.00012441
17	stunke	0.00012441
17	putrifye	0.00012441
17	smell perfume	0.00011710
17	fragrancie	0.00011710
17	filthy	0.00011710
17	putrifie	0.00011710
17	breath stink	0.00011710
17	fetide	0.00011710
17	perfe	0.00011710
17	odoriferous breath	0.00010978
17	fauour	0.00010978
17	parfume	0.00010978
17	embalm	0.00010978
17	unsavory	0.00010978
17	poysonous	0.00010978
17	savours	0.00010978
17	smelly	0.00010978
17	imell	0.00010978
17	fetidness	0.00010246
17	stinche	0.00010246
17	inferiour	0.00010246
17	odoure	0.00010246
17	odorifferous	0.00010246
17	theperfume	0.00010246
17	fragrant send	0.00010246
17	odoriferous send	0.00010246
17	horrour	0.00010246
17	acrid	0.00010246
17	putrid vapour	0.00010246
17	smokie	0.00010246
17	stanke	0.00010246
17	lour	0.00010246
17	fmelleth	0.00010246
17	intolerable	0.00009514
17	stink vapor	0.00009514
17	virulent	0.00009514
17	caustick	0.00009514
17	fmelle nerve	0.00009514
17	stink fume	0.00008782
17	odoriferous savour	0.00008782
17	tast	0.00008782
17	perfumeth	0.00008782
17	touch	0.00008782
17	smeld	0.00008782
17	vile	0.00008782
17	smelling	0.00008782
17	suaveolent	0.00008782
17	fetida	0.00008782
17	fuccour	0.00008782
17	treafure	0.00008050
17	refufe	0.00008050
17	infus	0.00008050
17	membrance	0.00008050
17	smelle	0.00008050
17	fevor	0.00008050
17	odoriferous exhalation	0.00008050
17	doth	0.00008050
17	loathsom	0.00008050
17	smell stink	0.00008050
17	perfumâ	0.00008050
17	tafle	0.00008050
17	fetin	0.00008050
17	breathing	0.00007318
17	fpice	0.00007318
17	ftink	0.00007318
17	puff	0.00007318
17	suffumigation	0.00007318
17	smeller	0.00007318
17	essence	0.00007318
17	'	0.00007318
17	famish	0.00007318
17	flegmatick	0.00007318
17	aqueous	0.00007318
17	offend	0.00007318
17	filth	0.00007318
17	fragrant breath	0.00007318
17	pleasant	0.00007318
17	odorus	0.00006587
17	fimell	0.00006587
17	antidot	0.00006587
17	odoriferous smell	0.00006587
17	medow	0.00006587
17	odoriferous sauour	0.00006587
17	smell breath	0.00006587
17	nasty	0.00006587
17	odora	0.00006587
17	stunck	0.00006587
17	blush	0.00006587
17	terrour	0.00006587
17	licour	0.00006587
17	lmell	0.00006587
17	perfumd	0.00005855
17	fpicy	0.00005855
17	aromatization	0.00005855
17	odorif	0.00005855
17	fouler	0.00005855
17	odoriferous smel	0.00005855
17	effluvi	0.00005855
17	thefume	0.00005855
17	powder	0.00005855
17	stink smoak	0.00005855
17	vagrant	0.00005855
17	stink snuffe	0.00005855
17	stinction	0.00005855
17	balsam	0.00005855
17	aromatico	0.00005855
17	stink sauor	0.00005855
17	astinke	0.00005855
17	odorat	0.00005855
17	stench '	0.00005855
17	smell odoriferous	0.00005855
17	soporiferous	0.00005855
17	frondous	0.00005855
17	frothy	0.00005855
17	stinkard	0.00005855
17	contagious	0.00005855
17	confufion	0.00005855
17	wholfome	0.00005855
17	fweete	0.00005123
17	unfum '	0.00005123
17	steam	0.00005123
17	sauor	0.00005123
17	efflu	0.00005123
17	impure	0.00005123
17	feed	0.00005123
17	scent perfume	0.00005123
17	smell perfumes	0.00005123
17	odour smell	0.00005123
17	ill	0.00005123
17	parfum	0.00005123
17	noxious vapour	0.00005123
17	venomous	0.00005123
17	oleous	0.00005123
17	choak	0.00005123
17	exteriour	0.00005123
17	sudour	0.00005123
17	greasy	0.00005123
17	fragra	0.00005123
17	smell odor	0.00005123
17	reek '	0.00005123
17	vinous	0.00005123
17	thefmell	0.00005123
17	fmells	0.00005123
17	confufed	0.00005123
17	tallow	0.00004391
17	whore	0.00004391
17	odorous breath	0.00004391
17	gore	0.00004391
17	sneeze	0.00004391
17	stink savor	0.00004391
17	stink send	0.00004391
17	garlicke	0.00004391
17	putredinous	0.00004391
17	aromat	0.00004391
17	foetor	0.00004391
17	odou	0.00004391
17	liquor	0.00004391
17	flegm	0.00004391
17	humid	0.00004391
17	pernicious	0.00004391
17	smelt	0.00004391
17	fetulent	0.00004391
17	ofsmelle	0.00004391
17	reeke	0.00004391
17	parfumer	0.00004391
17	rorid	0.00004391
17	mellifluous	0.00004391
17	sordid	0.00004391
17	nidour	0.00004391
17	herb	0.00004391
17	fecte	0.00004391
17	unsavoury	0.00004391
17	mud	0.00004391
17	odoriterous	0.00004391
17	sulphureous	0.00004391
17	pestilential	0.00004391
17	perfume smell	0.00004391
17	sweetperfume	0.00004391
17	noisom	0.00004391
17	fragor	0.00004391
17	fapour	0.00004391
17	sapor	0.00004391
17	ambient	0.00004391
17	morbifick	0.00004391
17	perfluous	0.00004391
17	puffing	0.00004391
17	fmoke	0.00004391
17	nofe	0.00004391
17	vifeous	0.00004391
17	jmell	0.00003659
17	feruour	0.00003659
17	reek gore	0.00003659
17	pungency	0.00003659
17	fetid sulphur	0.00003659
17	odoriferus	0.00003659
17	flagrant	0.00003659
17	vertue	0.00003659
17	refreshing	0.00003659
17	spirituous	0.00003659
17	olfacto	0.00003659
17	odout	0.00003659
17	aromaticum	0.00003659
17	aromati	0.00003659
17	fervour	0.00003659
17	odorous exhalation	0.00003659
17	theodour	0.00003659
17	exhala	0.00003659
17	turd	0.00003659
17	grance	0.00003659
17	leek	0.00003659
17	fungous	0.00003659
17	aromatick perfumes	0.00003659
17	hearb	0.00003659
17	oily	0.00003659
17	smel '	0.00003659
17	odour perfume	0.00003659
17	hum	0.00003659
17	olfact	0.00003659
17	breath '	0.00003659
17	perfu	0.00003659
17	stinct	0.00003659
17	aer	0.00003659
17	scour	0.00003659
17	superstitious	0.00003659
17	pernitious	0.00003659
17	ferment	0.00003659
17	fervor	0.00003659
17	rous	0.00003659
17	frag	0.00003659
17	fetit	0.00003659
17	arife	0.00003659
17	fimelle	0.00003659
17	aromatife	0.00003659
17	fome	0.00003659
17	profufe	0.00003659
17	nervofum	0.00003659
17	e v e r	0.00003659
17	oleofum	0.00003659
17	pccky	0.00002927
17	fragrant treafure	0.00002927
17	imelle	0.00002927
17	st	0.00002927
17	whifpere	0.00002927
17	smother	0.00002927
17	pestilent	0.00002927
17	perfec	0.00002927
17	stinking sink	0.00002927
17	lust	0.00002927
17	mucilaginous	0.00002927
17	stink exhalation	0.00002927
17	fetid liquor	0.00002927
17	stinking fume	0.00002927
17	andsmell	0.00002927
17	fragrant odoriferous	0.00002927
17	riour	0.00002927
17	persume	0.00002927
17	sweetne	0.00002927
17	delicious	0.00002927
17	avour	0.00002927
17	pommell	0.00002927
17	spick	0.00002927
17	impregnate	0.00002927
17	smoake	0.00002927
17	theirsmell	0.00002927
17	urinous	0.00002927
17	phlegmatick	0.00002927
17	smell thereof	0.00002927
17	olfactum	0.00002927
17	parfums	0.00002927
17	contagion	0.00002927
17	ordour	0.00002927
17	snuf	0.00002927
17	ointment	0.00002927
17	emparfumé	0.00002927
17	enammelle	0.00002927
17	balsamick	0.00002927
17	valour	0.00002927
17	odoriferous spice	0.00002927
17	scentless	0.00002927
17	fucus	0.00002927
17	odorise	0.00002927
17	fection	0.00002927
17	savour stink	0.00002927
17	aliment	0.00002927
17	ferid	0.00002927
17	stink mud	0.00002927
17	vaporous	0.00002927
17	unclean	0.00002927
17	odorious	0.00002927
17	greasie	0.00002927
17	odoratum	0.00002927
17	flavorous	0.00002927
17	-	0.00002927
17	sordidous	0.00002927
17	frightful	0.00002927
17	whiffe	0.00002927
17	contemptible	0.00002927
17	oyls	0.00002927
17	aromas	0.00002927
17	oximell	0.00002927
17	scald	0.00002927
17	stenchfull	0.00002927
17	smoke	0.00002927
17	eruginous	0.00002927
17	lukewarm	0.00002927
17	fusty	0.00002927
17	aromatick perfume	0.00002927
17	snivel	0.00002927
17	daub	0.00002927
17	odoratus	0.00002927
17	poifonous	0.00002927
17	ttinke	0.00002927
17	ttinking	0.00002927
17	taft	0.00002927
17	fele	0.00002927
17	refume	0.00002927
17	earomatick	0.00002927
17	fwcecfmelle	0.00002927
17	julepum	0.00002927
17	acetofum	0.00002927
17	fetidnef	0.00002927
17	folid	0.00002927
17	puttid	0.00002927
17	peftilent	0.00002927
17	aromate	0.00002196
17	fragour	0.00002196
17	scent perfum '	0.00002196
17	whifper	0.00002196
17	odoriferious	0.00002196
17	faggot	0.00002196
17	breath stunk	0.00002196
17	pallid	0.00002196
17	garland	0.00002196
17	odour smelling	0.00002196
17	hydromell	0.00002196
17	bawd	0.00002196
17	smell nose	0.00002196
17	impostume	0.00002196
17	feast	0.00002196
17	infus '	0.00002196
17	snort	0.00002196
17	stink lust	0.00002196
17	stink nose	0.00002196
17	pollute	0.00002196
17	feel	0.00002196
17	hearbe	0.00002196
17	odoriferous fume	0.00002196
17	stinc	0.00002196
17	tang	0.00002196
17	poisonous	0.00002196
17	ofperfume	0.00002196
17	unhealthy	0.00002196
17	acour	0.00002196
17	stink putrid	0.00002196
17	sanious	0.00002196
17	santsmell	0.00002196
17	aromaticall vapour	0.00002196
17	smelst	0.00002196
17	fer	0.00002196
17	smell sense	0.00002196
17	fel	0.00002196
17	stinkest	0.00002196
17	infuse	0.00002196
17	odorum	0.00002196
17	fluvia	0.00002196
17	andperfume	0.00002196
17	vnsauorie	0.00002196
17	effluviate	0.00002196
17	snuff '	0.00002196
17	stencher	0.00002196
17	stenching	0.00002196
17	odoriferous sent	0.00002196
17	thatperfume	0.00002196
17	asmell	0.00002196
17	theodoriferous	0.00002196
17	stink gleet	0.00002196
17	gleet	0.00002196
17	errour	0.00002196
17	venom	0.00002196
17	wholsome	0.00002196
17	stinking	0.00002196
17	foulde	0.00002196
17	scenta	0.00002196
17	screeking	0.00002196
17	stink scent	0.00002196
17	aromatical spice	0.00002196
17	perfor	0.00002196
17	odotiferous	0.00002196
17	fe	0.00002196
17	odoriferous fragrancy	0.00002196
17	sweetesmelle	0.00002196
17	smele	0.00002196
17	festre	0.00002196
17	aroma '	0.00002196
17	sweeten	0.00002196
17	hue	0.00002196
17	mostodoriferous	0.00002196
17	persum	0.00002196
17	perfuming	0.00002196
17	filthiness	0.00002196
17	stencheth	0.00002196
17	fetour	0.00002196
17	grace	0.00002196
17	nointe	0.00002196
17	brackish	0.00002196
17	sweetsavour	0.00002196
17	black	0.00002196
17	putrefy	0.00002196
17	sonorifick	0.00002196
17	aloe	0.00002196
17	petfume	0.00002196
17	fragrant ointment	0.00002196
17	lycour	0.00002196
17	odorato	0.00002196
17	pomatum	0.00002196
17	corruption	0.00002196
17	putrefied	0.00002196
17	odouris	0.00002196
17	eek	0.00002196
17	sweete	0.00002196
17	lineall	0.00002196
17	smocke	0.00002196
17	fragrant spice	0.00002196
17	appetit	0.00002196
17	venimous	0.00002196
17	ufually	0.00002196
17	fnuffe	0.00002196
17	feetor	0.00002196
17	confumâ	0.00002196
17	infuper	0.00002196
17	odoâ	0.00002196
17	fmell exhale	0.00002196
17	oman	0.00002196
17	dtink	0.00002196
17	odoiir	0.00002196
17	odorare	0.00002196
17	odoriferant	0.00002196
17	wholefome	0.00002196
17	wholefome perfume	0.00002196
17	diflufe	0.00002196
17	fwcet	0.00002196
17	offmell	0.00002196
17	odoriforous	0.00002196
17	e x p e r	0.00002196
17	odoriferous favour	0.00002196
17	favour	0.00002196
17	univerfum	0.00002196
17	ferve	0.00002196
17	alfume	0.00002196
17	ufe	0.00002196
17	effluviaâ	0.00002196
17	tize	0.00002196
17	bituminofum	0.00002196
17	balfamick	0.00002196
17	confum '	0.00001464
17	cafhifie	0.00001464
17	prefum '	0.00001464
17	vapoury	0.00001464
17	breath perfum '	0.00001464
17	perfume perfume	0.00001464
17	dofmell	0.00001464
17	fragrant scent	0.00001464
17	ardour	0.00001464
17	breath fmell	0.00001464
17	fumptuous	0.00001464
17	infufferabk	0.00001464
17	stice	0.00001464
17	fmell '	0.00001464
17	fcalde	0.00001464
17	prcfume	0.00001464
17	stink belching	0.00001464
17	snufs	0.00001464
17	olfactorium	0.00001464
17	stincketh	0.00001464
17	odiferous	0.00001464
17	mist	0.00001464
17	dissolue	0.00001464
17	ful	0.00001464
17	theirodour	0.00001464
17	lethmost	0.00001464
17	aromatick fumes	0.00001464
17	durance	0.00001464
17	turbid	0.00001464
17	putrid breath	0.00001464
17	stenchy	0.00001464
17	stinie	0.00001464
17	stiny	0.00001464
17	fetid taste	0.00001464
17	acid	0.00001464
17	grateful	0.00001464
17	nauseously	0.00001464
17	doriferous	0.00001464
17	havock	0.00001464
17	odious	0.00001464
17	darkesome	0.00001464
17	polluted	0.00001464
17	smoky	0.00001464
17	stink tast	0.00001464
17	libatio	0.00001464
17	soperfume	0.00001464
17	stink belch	0.00001464
17	breath stinketh	0.00001464
17	sauours	0.00001464
17	odoriferousne	0.00001464
17	odoriferous aromatick	0.00001464
17	stenchie	0.00001464
17	venemous	0.00001464
17	odoriferous odor	0.00001464
17	delitious	0.00001464
17	nosegay	0.00001464
17	stincus	0.00001464
17	reeking	0.00001464
17	stink breathe	0.00001464
17	stink lier	0.00001464
17	lier	0.00001464
17	poysone	0.00001464
17	smel odoriferous	0.00001464
17	sulphurious	0.00001464
17	strewd	0.00001464
17	fulsom	0.00001464
17	phlegmy	0.00001464
17	sweetsmelle	0.00001464
17	apour	0.00001464
17	smok	0.00001464
17	sweetodour	0.00001464
17	perfumy	0.00001464
17	nostrill	0.00001464
17	infestant	0.00001464
17	hisstinke	0.00001464
17	fouly	0.00001464
17	calamus	0.00001464
17	aromatick tast	0.00001464
17	sweetestsmelle	0.00001464
17	trine	0.00001464
17	erousfame	0.00001464
17	odourof	0.00001464
17	tiferous	0.00001464
17	noysomness	0.00001464
17	garish	0.00001464
17	stinking stirre	0.00001464
17	smell ill	0.00001464
17	oxymell	0.00001464
17	noxious exhalation	0.00001464
17	noisome vapour	0.00001464
17	odourous	0.00001464
17	teem	0.00001464
17	odotous	0.00001464
17	odoro	0.00001464
17	persum '	0.00001464
17	fluous	0.00001464
17	feer	0.00001464
17	tardy	0.00001464
17	louzey	0.00001464
17	perfume breath	0.00001464
17	parfumé	0.00001464
17	week	0.00001464
17	smellnot	0.00001464
17	withfoetid	0.00001464
17	theeffluvium	0.00001464
17	scentof	0.00001464
17	stinke doth	0.00001464
17	excelleth	0.00001464
17	factitious	0.00001464
17	appetitious	0.00001464
17	perfet	0.00001464
17	unmeasur	0.00001464
17	breathd	0.00001464
17	corrosive	0.00001464
17	ornament	0.00001464
17	cansmell	0.00001464
17	putrefaction	0.00001464
17	nosed	0.00001464
17	emparfumer	0.00001464
17	odoration	0.00001464
17	odoré	0.00001464
17	odoriferousliquour	0.00001464
17	officious	0.00001464
17	bilious	0.00001464
17	pleasantsmell	0.00001464
17	smell -	0.00001464
17	astrong	0.00001464
17	acrimonius	0.00001464
17	smell smell	0.00001464
17	stink ditty	0.00001464
17	dittie	0.00001464
17	ofodour	0.00001464
17	splendor	0.00001464
17	smell scent	0.00001464
17	sneez	0.00001464
17	odoriferous herb	0.00001464
17	scorch	0.00001464
17	kiss	0.00001464
17	loth	0.00001464
17	phlegm	0.00001464
17	insipid	0.00001464
17	exatick	0.00001464
17	sleek	0.00001464
17	odoriferent	0.00001464
17	puffe	0.00001464
17	suffrance	0.00001464
17	fern	0.00001464
17	odorific	0.00001464
17	calamus aromaticus	0.00001464
17	spiritful	0.00001464
17	spiritous	0.00001464
17	inflamable	0.00001464
17	potion	0.00001464
17	stinka	0.00001464
17	erous	0.00001464
17	smellsweet	0.00001464
17	torture	0.00001464
17	sanour	0.00001464
17	papillous	0.00001464
17	smell fume	0.00001464
17	poisononus	0.00001464
17	raceous	0.00001464
17	luciferous	0.00001464
17	odorables	0.00001464
17	odoriferous medicament	0.00001464
17	noxious fervour	0.00001464
17	aromataes	0.00001464
17	odoar	0.00001464
17	olfact fragrant	0.00001464
17	stillatitious	0.00001464
17	odorate fragrant	0.00001464
17	aromatical lentour	0.00001464
17	lentour	0.00001464
17	praise	0.00001464
17	stink spitting	0.00001464
17	spit	0.00001464
17	enammell '	0.00001464
17	stink sulphur	0.00001464
17	erfume	0.00001464
17	odoriferous vapor	0.00001464
17	abhominable	0.00001464
17	perriwig	0.00001464
17	dunghill	0.00001464
17	noxious sulphur	0.00001464
17	rammishness	0.00001464
17	stack	0.00001464
17	smellinge	0.00001464
17	venome	0.00001464
17	poy	0.00001464
17	odoriferous smelle	0.00001464
17	rancid	0.00001464
17	odorate vapour	0.00001464
17	sick	0.00001464
17	redolant	0.00001464
17	holdstinke	0.00001464
17	brutish	0.00001464
17	horrid	0.00001464
17	smut	0.00001464
17	exotick	0.00001464
17	faecid	0.00001464
17	fetid vapour	0.00001464
17	rotten	0.00001464
17	odour stink	0.00001464
17	filthie	0.00001464
17	dreggy	0.00001464
17	deform	0.00001464
17	goodsmell	0.00001464
17	vapoure	0.00001464
17	odore olfactum	0.00001464
17	fragrant sent	0.00001464
17	effuvia	0.00001464
17	lumphish	0.00001464
17	mischief	0.00001464
17	livid	0.00001464
17	fragrant oleous	0.00001464
17	unsmelle	0.00001464
17	smell olfactus	0.00001464
17	odoriferrous	0.00001464
17	perfume scent	0.00001464
17	balsamical	0.00001464
17	odoriferous savor	0.00001464
17	errhine	0.00001464
17	stammell	0.00001464
17	ordure	0.00001464
17	odorible	0.00001464
17	perfumde	0.00001464
17	sweeter	0.00001464
17	abominable	0.00001464
17	stinkof	0.00001464
17	surfet	0.00001464
17	ammell	0.00001464
17	sniff	0.00001464
17	andodoriferous	0.00001464
17	stink superstitious	0.00001464
17	fauoured	0.00001464
17	der	0.00001464
17	scent -	0.00001464
17	gum	0.00001464
17	aromatick mixtures	0.00001464
17	roguish	0.00001464
17	allsweet	0.00001464
17	hissmell	0.00001464
17	aetid	0.00001464
17	odorous fluid	0.00001464
17	belliferous	0.00001464
17	ocoriferous	0.00001464
17	apothegm	0.00001464
17	smok '	0.00001464
17	getherstinke	0.00001464
17	vultur	0.00001464
17	shitten	0.00001464
17	anincense	0.00001464
17	ppetite	0.00001464
17	drinke	0.00001464
17	stinker	0.00001464
17	anatick	0.00001464
17	salinous	0.00001464
17	toggy	0.00001464
17	sprink	0.00001464
17	overfragrant	0.00001464
17	medicin	0.00001464
17	aromatiz	0.00001464
17	indolent	0.00001464
17	expel	0.00001464
17	send perfume	0.00001464
17	olfactus nose	0.00001464
17	ncence	0.00001464
17	strangesmelle	0.00001464
17	sonorous	0.00001464
17	noxious reek	0.00001464
17	sweeteodour	0.00001464
17	abominate	0.00001464
17	fffluvia	0.00001464
17	stink odor	0.00001464
17	stenchful	0.00001464
17	gumme	0.00001464
17	foete	0.00001464
17	morphewous	0.00001464
17	scenteth	0.00001464
17	smellwell	0.00001464
17	ticksmell	0.00001464
17	stifne	0.00001464
17	purulentous	0.00001464
17	stink sink	0.00001464
17	saetid	0.00001464
17	sweetsmell	0.00001464
17	nastiness	0.00001464
17	oldstinke	0.00001464
17	smellstrong	0.00001464
17	scenting	0.00001464
17	delightful	0.00001464
17	putifye	0.00001464
17	perfurme	0.00001464
17	stanche	0.00001464
17	fret	0.00001464
17	efluvia	0.00001464
17	thisperfume	0.00001464
17	smeak	0.00001464
17	odorifrous	0.00001464
17	scention	0.00001464
17	withodoriferous	0.00001464
17	muske	0.00001464
17	sweetness	0.00001464
17	fricti	0.00001464
17	putrify	0.00001464
17	antidotal	0.00001464
17	odorous vapour	0.00001464
17	saporiferous	0.00001464
17	olfactile	0.00001464
17	medowe	0.00001464
17	excre	0.00001464
17	foul stink	0.00001464
17	soetid	0.00001464
17	musty	0.00001464
17	odoriferous liquour	0.00001464
17	odiriferous	0.00001464
17	abhominablestinke	0.00001464
17	grow	0.00001464
17	frankincense	0.00001464
17	sulferous	0.00001464
17	impudent	0.00001464
17	stryke	0.00001464
17	aromada	0.00001464
17	stygian	0.00001464
17	vnctuous	0.00001464
17	odorifierous	0.00001464
17	fum	0.00001464
17	whifle	0.00001464
17	turbulous	0.00001464
17	indurance	0.00001464
17	fetid odor	0.00001464
17	nefandous	0.00001464
17	slur	0.00001464
17	withsweet	0.00001464
17	breeze	0.00001464
17	resinous	0.00001464
17	sowrish	0.00001464
17	seluesodoriferous	0.00001464
17	stincking breath	0.00001464
17	smutty	0.00001464
17	goryvapour	0.00001464
17	dilucide	0.00001464
17	heady	0.00001464
17	huffsand	0.00001464
17	stinkards	0.00001464
17	foredoor	0.00001464
17	spikenard	0.00001464
17	perfumatorie	0.00001464
17	deprave	0.00001464
17	fantasticall	0.00001464
17	otherpoysonous	0.00001464
17	stork	0.00001464
17	barbarous	0.00001464
17	odoriferous emanation	0.00001464
17	stink ichor	0.00001464
17	rymy	0.00001464
17	requirance	0.00001464
17	sudoriferous	0.00001464
17	oderate	0.00001464
17	nautious	0.00001464
17	suffre	0.00001464
17	thereof	0.00001464
17	foulely	0.00001464
17	theraromatick	0.00001464
17	shameful	0.00001464
17	holine	0.00001464
17	perfumier	0.00001464
17	lodoriferous	0.00001464
17	mixture	0.00001464
17	odorifeorous	0.00001464
17	frank	0.00001464
17	parfumes	0.00001464
17	somniferous	0.00001464
17	melancholie	0.00001464
17	unslak	0.00001464
17	rume	0.00001464
17	pathetique	0.00001464
17	scent thereof	0.00001464
17	odoratius	0.00001464
17	odoriferousness	0.00001464
17	detestable	0.00001464
17	offragrant	0.00001464
17	sauore	0.00001464
17	sottish	0.00001464
17	acrimonious	0.00001464
17	odoris	0.00001464
17	dedolent	0.00001464
17	oint	0.00001464
17	fragge	0.00001464
17	prefum	0.00001464
17	fapor	0.00001464
17	noifom	0.00001464
17	fmellethfweet	0.00001464
17	effedfuall	0.00001464
17	graffy	0.00001464
17	effedual	0.00001464
17	fcetid	0.00001464
17	r	0.00001464
17	fmellirig	0.00001464
17	infufid	0.00001464
17	nofuieetcfmelle	0.00001464
17	melancholickfume	0.00001464
17	andconfume	0.00001464
17	fuppofe	0.00001464
17	u e r	0.00001464
17	fuccours	0.00001464
17	fonorous	0.00001464
17	tenuious	0.00001464
17	foul ftinking	0.00001464
17	luminous	0.00001464
17	tmell	0.00001464
17	garlicky	0.00001464
17	plendour	0.00001464
17	fnuffing	0.00001464
17	refreflie	0.00001464
17	transfufe	0.00001464
17	tragrant	0.00001464
17	fectere	0.00001464
17	fullfome	0.00001464
17	fperm	0.00001464
17	perfuâ	0.00001464
17	cribrofum	0.00001464
17	noyfom	0.00001464
17	odorite	0.00001464
17	ftinking	0.00001464
17	odoriierous	0.00001464
17	fhale	0.00001464
17	greafe	0.00001464
17	peftiferous	0.00001464
17	fneeze	0.00001464
17	waft	0.00001464
17	prefumed	0.00001464
17	qdour	0.00001464
17	feto	0.00001464
17	peftifcrous	0.00001464
17	putrid fume	0.00001464
17	fmellâ	0.00001464
17	ufuall	0.00001464
17	fpirit	0.00001464
17	tafte	0.00001464
17	defcenfum	0.00001464
17	aromatickc	0.00001464
17	infufc	0.00001464
17	eonfume	0.00001464
17	mtiny	0.00001464
17	confum	0.00001464
17	fetily	0.00001464
17	fhivere	0.00001464
17	lefsconfume	0.00001464
17	odorem urinofum	0.00001464
17	urinofum	0.00001464
17	odorifcrous	0.00001464
17	perfuraedand	0.00001464
17	fmellmg	0.00001464
17	taffe	0.00001464
17	imel	0.00001464
17	defeenfum	0.00001464
17	inodoriferous	0.00001464
17	fcent	0.00001464
17	aromatieall	0.00001464
17	fmelof	0.00001464
17	fordid	0.00001464
17	obfufeate	0.00001464
17	fpecifick	0.00001464
17	fek	0.00001464
17	inclofure	0.00001464
17	fbaddow	0.00001464
17	fplendid	0.00001464
17	balfomic	0.00001464
17	excrefcence	0.00001464
17	immoderate	0.00001464
17	effedfual	0.00001464
17	perfuafion	0.00001464
17	lpice	0.00001464
17	vfuall	0.00001464
17	ticall	0.00001464
17	infufedin	0.00001464
17	vtinc	0.00001464
17	odorous fubftance	0.00001464
17	fmelltothenofe	0.00001464
17	fmellsand	0.00001464
17	fagacious	0.00001464
17	faporid	0.00001464
17	fmell ing	0.00001464
17	odorata	0.00001464
17	venoâ	0.00001464
17	odoriferous fmell	0.00001464
17	petrify	0.00001464
17	afuoder	0.00001464
17	rnoky	0.00001464
17	vrine	0.00001464
17	tafie	0.00001464
17	rmell	0.00001464
17	fweet fmelle	0.00001464
17	odotament	0.00001464
17	cderiferous	0.00001464
17	aromatict	0.00001464
17	profufion	0.00001464
17	fetibe	0.00001464
17	f e v e r	0.00001464
17	afweetodour	0.00001464
17	foporiferous	0.00001464
17	fonietime	0.00001464
17	sonorinck	0.00001464
17	inconfufe	0.00001464
17	gloffy	0.00001464
17	cdoriferous	0.00001464
17	putre	0.00001464
17	rufous	0.00001464
17	aromaticl	0.00001464
17	olferve	0.00001464
17	infflffate	0.00001464
17	perfume glove	0.00001464
17	mufick	0.00001464
17	olfatory	0.00001464
17	ricofum	0.00001464
17	effluâ	0.00001464
17	fubftance	0.00001464
17	fweetfmell	0.00001464
17	fetous	0.00001464
17	isftrongfmelle	0.00001464
17	perfett	0.00001464
17	olous	0.00001464
17	fetie	0.00001464
17	felid	0.00001464
17	aflurance	0.00001464
17	odorabl	0.00001464
17	eflential	0.00001464
17	finefugar	0.00001464
17	fujoctefmelle	0.00001464
17	obour	0.00001464
17	epileptick	0.00001464
17	pleafure	0.00001464
17	odoraman	0.00001464
17	afmell	0.00001464
17	ftperfluous	0.00001464
17	ltinke	0.00001464
17	itpfragrant	0.00001464
17	iromaticm	0.00001464
17	fplendor	0.00001464
17	liqueur	0.00001464
17	smelb	0.00001464
17	perfedfe	0.00001464
17	perfon	0.00001464
17	fuffumigation	0.00001464
17	pertilent	0.00001464
17	peftilential	0.00001464
17	butconfufe	0.00001464
17	venemousfub	0.00001464
17	bitaminofum	0.00001464
17	odoriferon	0.00001464
17	pleafane	0.00001464
17	glaffy	0.00001464
17	fetib	0.00001464
17	bitternef	0.00001464
17	om	0.00001464
17	bulbofum	0.00001464
17	effluviâ	0.00001464
17	ferofe	0.00001464
17	thatfuperfluous	0.00001464
17	odorikrous	0.00001464
17	bad	0.00001464
17	olfatium	0.00001464
17	noifome	0.00001464
17	fpacious	0.00001464
17	fleih	0.00001464
17	simell	0.00001464
17	confubitantiall	0.00001464
17	whiffre	0.00001464
17	infufetiic	0.00001464
17	anodoriferous	0.00001464
17	perfumea	0.00001464
17	fietid	0.00001464
17	fleke	0.00001464
17	fente	0.00000732
17	fmock	0.00000732
17	flasoe	0.00000732
17	fcoffe	0.00000732
17	fmell fweete	0.00000732
17	fragrancy perfume	0.00000732
17	perjfume	0.00000732
17	perjfume perjfume	0.00000732
17	odoriferous odoriferous	0.00000732
17	arviolal	0.00000732
17	fmell fweet	0.00000732
17	dificlofe	0.00000732
17	itfmell	0.00000732
17	curl '	0.00000732
17	fufte	0.00000732
17	fmeller	0.00000732
17	perfbm	0.00000732
17	fneaking	0.00000732
17	odorous savour	0.00000732
17	perfumid	0.00000732
17	ifmell	0.00000732
17	odoriferous lustre	0.00000732
17	lustre	0.00000732
17	prefumc	0.00000732
17	whiffle	0.00000732
17	stink brearh	0.00000732
17	brearh	0.00000732
17	snaccht	0.00000732
17	tonfume	0.00000732
17	l	0.00000732
17	g	0.00000732
17	perfurn '	0.00000732
17	fetition	0.00000732
17	twhiff	0.00000732
17	pestiferous breath	0.00000732
17	sneak	0.00000732
17	comfic	0.00000732
17	breath fmel	0.00000732
17	p h l	0.00000732
17	fhamm	0.00000732
17	rascal	0.00000732
17	scent perfete	0.00000732
17	fetid pod	0.00000732
17	fpew '	0.00000732
17	fweet perfume	0.00000732
17	feftival	0.00000732
17	libation	0.00000732
17	salutiferous	0.00000732
17	salutiferous steam	0.00000732
17	outsmell	0.00000732
17	odoriferous dis	0.00000732
17	foulded	0.00000732
17	ned	0.00000732
17	ge	0.00000732
17	withal	0.00000732
17	odorefirous	0.00000732
17	odorefirous sauor	0.00000732
17	stif	0.00000732
17	perfume distil	0.00000732
17	intolerable stench	0.00000732
17	foul runing	0.00000732
17	apporrhoea	0.00000732
17	on	0.00000732
17	assertion	0.00000732
17	siblesmell	0.00000732
17	beingsmell '	0.00000732
17	sudorifick	0.00000732
17	cosmetick	0.00000732
17	vomit	0.00000732
17	infusi	0.00000732
17	oftentimesstinketh	0.00000732
17	magick	0.00000732
17	sweetodor	0.00000732
17	sweetfume	0.00000732
17	mustmelt	0.00000732
17	stink licour	0.00000732
17	fragrant mead	0.00000732
17	torment	0.00000732
17	perfumest	0.00000732
17	beingperfume	0.00000732
17	bitterness	0.00000732
17	effluviums	0.00000732
17	noctilucas	0.00000732
17	flesh	0.00000732
17	fragrant aromatick	0.00000732
17	smell aromatick	0.00000732
17	fetid savor	0.00000732
17	fragrant fume	0.00000732
17	breather	0.00000732
17	comfort	0.00000732
17	spew	0.00000732
17	effluction	0.00000732
17	fragrant arbour	0.00000732
17	arbour	0.00000732
17	stink scrible	0.00000732
17	scrible	0.00000732
17	senteth	0.00000732
17	ous	0.00000732
17	stink idolatrous	0.00000732
17	idolatrous	0.00000732
17	stinking meane	0.00000732
17	mean	0.00000732
17	stink hath	0.00000732
17	belch	0.00000732
17	scoffe smell	0.00000732
17	aromatis '	0.00000732
17	dishonour	0.00000732
17	speke	0.00000732
17	breath smelleth	0.00000732
17	spew '	0.00000732
17	perfum ' fragrance	0.00000732
17	noxious nourish	0.00000732
17	stink noysome	0.00000732
17	odoriferous fragor	0.00000732
17	dostink	0.00000732
17	perfum ' breath	0.00000732
17	medicine	0.00000732
17	poisonous vapour	0.00000732
17	beleeue	0.00000732
17	stink humid	0.00000732
17	allure	0.00000732
17	alluring	0.00000732
17	whiz	0.00000732
17	whizing	0.00000732
17	turalcolour	0.00000732
17	oussmell	0.00000732
17	puresmell	0.00000732
17	evilsmell	0.00000732
17	sentfume	0.00000732
17	nauseate	0.00000732
17	fragrant vertue	0.00000732
17	kercherperfum	0.00000732
17	odoriferous efflux	0.00000732
17	offensive steam	0.00000732
17	stink sanious	0.00000732
17	aromatic scent	0.00000732
17	fragrant balsam	0.00000732
17	frind	0.00000732
17	odour andperfume	0.00000732
17	smerk	0.00000732
17	smell savours	0.00000732
17	stink poysonous	0.00000732
17	lixivium	0.00000732
17	fester	0.00000732
17	receiue	0.00000732
17	odoriferous bodye	0.00000732
17	bodye	0.00000732
17	odour sapour	0.00000732
17	snore	0.00000732
17	foremostperfume	0.00000732
17	odoriserous send	0.00000732
17	iewell	0.00000732
17	noxious efflu	0.00000732
17	insmel	0.00000732
17	odoriferousstarre	0.00000732
17	sweeterfauour	0.00000732
17	sweetestodour	0.00000732
17	smel cometh	0.00000732
17	smel .	0.00000732
17	balsamic	0.00000732
17	odoratur	0.00000732
17	heareth	0.00000732
17	fetis	0.00000732
17	odor -	0.00000732
17	contrary	0.00000732
17	aromatical pouder	0.00000732
17	pouder	0.00000732
17	stinke loth	0.00000732
17	mendour	0.00000732
17	cularsmell	0.00000732
17	thesmoak	0.00000732
17	ofsmell	0.00000732
17	acridsmell	0.00000732
17	coolingsmell	0.00000732
17	perfure	0.00000732
17	ratingfragrancy	0.00000732
17	trid	0.00000732
17	urinous send	0.00000732
17	perfumes vapour	0.00000732
17	fragrant sigh	0.00000732
17	item	0.00000732
17	item perfume	0.00000732
17	stinking bawd	0.00000732
17	scented oyls	0.00000732
17	frolick	0.00000732
17	sweet incense	0.00000732
17	aromatick fume	0.00000732
17	becense	0.00000732
17	aromatick breath	0.00000732
17	spicie	0.00000732
17	onlyperfume	0.00000732
17	tleperfum '	0.00000732
17	whereofodour	0.00000732
17	odorous effluvia	0.00000732
17	odoroussteams	0.00000732
17	odoroussteam	0.00000732
17	knownodour	0.00000732
17	smellas	0.00000732
17	whitefumes	0.00000732
17	thesefume	0.00000732
17	inducedcolour	0.00000732
17	scent effluvia	0.00000732
17	theireffluvium	0.00000732
17	balm	0.00000732
17	mour	0.00000732
17	acidity	0.00000732
17	odoriferous effluvia	0.00000732
17	smel ed	0.00000732
17	smilde	0.00000732
17	dperfume	0.00000732
17	bnoxious	0.00000732
17	noisome putrid	0.00000732
17	otherpersume	0.00000732
17	aromatizer	0.00000732
17	scenter	0.00000732
17	odorement	0.00000732
17	stink foule	0.00000732
17	gue	0.00000732
17	whitefume	0.00000732
17	fetid fume	0.00000732
17	certainliquour	0.00000732
17	almostinodorous	0.00000732
17	theirfume	0.00000732
17	unpleasantsmell	0.00000732
17	aperfume	0.00000732
17	veralperfume	0.00000732
17	putrid fuliginous	0.00000732
17	embalmed	0.00000732
17	odoriferous spicy	0.00000732
17	carryeperfume	0.00000732
17	odor smell	0.00000732
17	heretik	0.00000732
17	mowzack	0.00000732
17	lysmell	0.00000732
17	saline	0.00000732
17	faece	0.00000732
17	stink filthiness	0.00000732
17	scent object	0.00000732
17	object	0.00000732
17	holy	0.00000732
17	fluor	0.00000732
17	stinking sordid	0.00000732
17	expell	0.00000732
17	fumes	0.00000732
17	consum	0.00000732
17	snorteth	0.00000732
17	svvarm	0.00000732
17	morbifical	0.00000732
17	crye	0.00000732
17	seniour	0.00000732
17	viol	0.00000732
17	soporiferous vapour	0.00000732
17	odoriferous sauor	0.00000732
17	quour	0.00000732
17	carpet	0.00000732
17	foul sediment	0.00000732
17	stinkless	0.00000732
17	stink phlegm	0.00000732
17	effiuvia	0.00000732
17	presum '	0.00000732
17	aromatick vapour	0.00000732
17	unsavouriness	0.00000732
17	fragrant respiration	0.00000732
17	respiration	0.00000732
17	soule	0.00000732
17	stink virulent	0.00000732
17	suffitus	0.00000732
17	smell medicament	0.00000732
17	snip	0.00000732
17	smell withall	0.00000732
17	withall	0.00000732
17	bellowing	0.00000732
17	svffiment	0.00000732
17	controul perfume	0.00000732
17	stinking errour	0.00000732
17	stinking strawnake	0.00000732
17	strawnake	0.00000732
17	shaddow	0.00000732
17	beenmelte	0.00000732
17	edsmell	0.00000732
17	cllour	0.00000732
17	flout	0.00000732
17	odouri erous	0.00000732
17	moneth	0.00000732
17	spel	0.00000732
17	areperfume	0.00000732
17	doe	0.00000732
17	annointe	0.00000732
17	flavour	0.00000732
17	bathing	0.00000732
17	tedour	0.00000732
17	flewer	0.00000732
17	fulsom send	0.00000732
17	fragrant vallie	0.00000732
17	whistle	0.00000732
17	screek	0.00000732
17	soureness	0.00000732
17	scented smoak	0.00000732
17	nauseous sent	0.00000732
17	namesmell	0.00000732
17	sputter	0.00000732
17	smell atthing	0.00000732
17	aromatical blast	0.00000732
17	befume	0.00000732
17	hurt	0.00000732
17	balsom	0.00000732
17	hersmelt	0.00000732
17	stink fogge	0.00000732
17	fogge	0.00000732
17	uoured	0.00000732
17	smell sweet	0.00000732
17	aire	0.00000732
17	smel surfeit	0.00000732
17	odorantur	0.00000732
17	ver	0.00000732
17	smock	0.00000732
17	yoursmell	0.00000732
17	succour	0.00000732
17	pallat	0.00000732
17	scented odor	0.00000732
17	sperm	0.00000732
17	ismelt	0.00000732
17	spicedwine	0.00000732
17	odorate exhalation	0.00000732
17	moussmell	0.00000732
17	fulodour	0.00000732
17	nauseous fume	0.00000732
17	silthiness	0.00000732
17	parfum '	0.00000732
17	oudour	0.00000732
17	otherperfume	0.00000732
17	foulding	0.00000732
17	ciuet	0.00000732
17	teriour	0.00000732
17	teriour smell	0.00000732
17	emanating	0.00000732
17	unmelted	0.00000732
17	unmelte	0.00000732
17	aromatick spirit	0.00000732
17	spirit	0.00000732
17	ssmell	0.00000732
17	perfum ' send	0.00000732
17	er	0.00000732
17	shesstink	0.00000732
17	assmell	0.00000732
17	od	0.00000732
17	stink dreggy	0.00000732
17	sulphurs	0.00000732
17	vapcurs	0.00000732
17	vapcur	0.00000732
17	fouled	0.00000732
17	odour perfum '	0.00000732
17	féeleth	0.00000732
17	spice perfume	0.00000732
17	aromatike	0.00000732
17	stink garlick	0.00000732
17	dulcify	0.00000732
17	somperfum '	0.00000732
17	beingsmelt	0.00000732
17	gelliedness	0.00000732
17	aromatick drink	0.00000732
17	odoran	0.00000732
17	perfum ∣ ed	0.00000732
17	ingfavour	0.00000732
17	savorysmell	0.00000732
17	stinking rag	0.00000732
17	rag	0.00000732
17	smel andperfume	0.00000732
17	mirrour	0.00000732
17	odoriferous steam	0.00000732
17	odorous object	0.00000732
17	smell odorous	0.00000732
17	effiuvium	0.00000732
17	scented nose	0.00000732
17	steame	0.00000732
17	scent smel	0.00000732
17	tangour	0.00000732
17	musky	0.00000732
17	musky send	0.00000732
17	oyle	0.00000732
17	fetid breathing	0.00000732
17	perfume odor	0.00000732
17	porife	0.00000732
17	slalk	0.00000732
17	stink greasie	0.00000732
17	prefumes	0.00000732
17	otherstinke	0.00000732
17	otherstinking	0.00000732
17	noxious fume	0.00000732
17	dedour	0.00000732
17	odour breath	0.00000732
17	inammell	0.00000732
17	smellerh	0.00000732
17	baddesmell	0.00000732
17	villanous	0.00000732
17	villanous exhalation	0.00000732
17	smell fauour	0.00000732
17	butperfume	0.00000732
17	somesweet	0.00000732
17	somesweet spirit	0.00000732
17	halitus	0.00000732
17	perfumethem	0.00000732
17	fragrant blast	0.00000732
17	trammell	0.00000732
17	scented phlegm	0.00000732
17	aromatick send	0.00000732
17	viscous putrid	0.00000732
17	stink ish	0.00000732
17	ish	0.00000732
17	puzzo	0.00000732
17	scent aromatick	0.00000732
17	stagnate	0.00000732
17	graffe	0.00000732
17	stink lewd	0.00000732
17	lewd	0.00000732
17	olfac	0.00000732
17	thisodour	0.00000732
17	stink doth	0.00000732
17	spice scented	0.00000732
17	faeted	0.00000732
17	faeted liquor	0.00000732
17	faetid stink	0.00000732
17	devour	0.00000732
17	drance	0.00000732
17	sivesmell	0.00000732
17	perfume stink	0.00000732
17	stinkand	0.00000732
17	aromatick gums	0.00000732
17	odoriferous andaromaticall	0.00000732
17	andaromaticall	0.00000732
17	aromatine	0.00000732
17	succours	0.00000732
17	coulour	0.00000732
17	delightfull	0.00000732
17	rank	0.00000732
17	flowre	0.00000732
17	anddiscour	0.00000732
17	perfam	0.00000732
17	smell andfauour	0.00000732
17	ownecolour	0.00000732
17	mysmelle	0.00000732
17	stink curre	0.00000732
17	curre	0.00000732
17	chekred	0.00000732
17	simelt	0.00000732
17	spic	0.00000732
17	fluid	0.00000732
17	imbalm	0.00000732
17	squeeke	0.00000732
17	appetition	0.00000732
17	yeodour	0.00000732
17	stink pitt	0.00000732
17	odoriferous vapour	0.00000732
17	stink andsulphurious	0.00000732
17	andsulphurious	0.00000732
17	odoriferous hearb	0.00000732
17	dothstinke	0.00000732
17	thingsmelleth	0.00000732
17	oratour	0.00000732
17	odour smelleth	0.00000732
17	stank '	0.00000732
17	flux	0.00000732
17	stink choak	0.00000732
17	slurr	0.00000732
17	blurr	0.00000732
17	breath stinke	0.00000732
17	stink avour	0.00000732
17	aromatick scent	0.00000732
17	perfum ' odour	0.00000732
17	feild	0.00000732
17	stink gore	0.00000732
17	nard	0.00000732
17	lute	0.00000732
17	regale	0.00000732
17	fancy	0.00000732
17	lthiness	0.00000732
17	difflatur	0.00000732
17	noysome vapour	0.00000732
17	smell exhale	0.00000732
17	fulsomefumes	0.00000732
17	fulsomefume	0.00000732
17	stafe	0.00000732
17	gerperfume	0.00000732
17	stink snuf	0.00000732
17	theyperfume	0.00000732
17	stink cometh	0.00000732
17	anxiety	0.00000732
17	aromatic drink	0.00000732
17	aromatic calamus	0.00000732
17	appetise	0.00000732
17	appetising ferment	0.00000732
17	aromatic oyls	0.00000732
17	aromatic herb	0.00000732
17	smell aromatic	0.00000732
17	baddesent	0.00000732
17	toperfume	0.00000732
17	fould	0.00000732
17	rellish	0.00000732
17	odour ofyour	0.00000732
17	putrefie	0.00000732
17	offensive corruption	0.00000732
17	redolentperfume	0.00000732
17	thatmelt	0.00000732
17	fragrant odo	0.00000732
17	stink turd	0.00000732
17	stink smell	0.00000732
17	sordidness	0.00000732
17	stine	0.00000732
17	indole	0.00000732
17	steirar	0.00000732
17	rast	0.00000732
17	stink humor	0.00000732
17	perfumes breath '	0.00000732
17	odoriferous flowersperfuming	0.00000732
17	fresh	0.00000732
17	venomousfume	0.00000732
17	theirsmel	0.00000732
17	sweetgums	0.00000732
17	sweetgum	0.00000732
17	odour stinke	0.00000732
17	stink smoake	0.00000732
17	ness stink	0.00000732
17	covering	0.00000732
17	inodour	0.00000732
17	rareperfume	0.00000732
17	fragrant smoak	0.00000732
17	gratefullsmell	0.00000732
17	stinking ayre	0.00000732
17	chamomell	0.00000732
17	scent odor	0.00000732
17	dolesome	0.00000732
17	astalk	0.00000732
17	fragrantsmell	0.00000732
17	itsmell	0.00000732
17	odorous smell	0.00000732
17	vvorde	0.00000732
17	schol	0.00000732
17	theodoriferous perfume	0.00000732
17	soar	0.00000732
17	stink perfumer	0.00000732
17	loathsom stench	0.00000732
17	indevour	0.00000732
17	foul putrid	0.00000732
17	cammell	0.00000732
17	harmoniack	0.00000732
17	sulphurous	0.00000732
17	steams	0.00000732
17	stincking garlicke	0.00000732
17	sink	0.00000732
17	dense	0.00000732
17	reek fume	0.00000732
17	deceit	0.00000732
17	sweetfavour	0.00000732
17	dioussmell	0.00000732
17	perfume -	0.00000732
17	imitatesmell	0.00000732
17	spue	0.00000732
17	spuing	0.00000732
17	bitternesse	0.00000732
17	vivingodour	0.00000732
17	um	0.00000732
17	gustfull	0.00000732
17	tade	0.00000732
17	stink slimy	0.00000732
17	slimy	0.00000732
17	nauseous putrid	0.00000732
17	shiv	0.00000732
17	exubrance	0.00000732
17	wash	0.00000732
17	perfum ' sweet	0.00000732
17	nish	0.00000732
17	nish perfume	0.00000732
17	looke	0.00000732
17	vent	0.00000732
17	tion	0.00000732
17	illtaste	0.00000732
17	ofsweet	0.00000732
17	afflu	0.00000732
17	aromatiz '	0.00000732
17	odoer	0.00000732
17	palefume	0.00000732
17	nostinke	0.00000732
17	nostinking pomatum	0.00000732
17	stink corruption	0.00000732
17	itch	0.00000732
17	stanching	0.00000732
17	anddoor	0.00000732
17	odoriferous specifick	0.00000732
17	sweetoyntmen	0.00000732
17	aromatical perfume	0.00000732
17	affection	0.00000732
17	perfume rellish	0.00000732
17	odorn	0.00000732
17	vnfauouriestink	0.00000732
17	perfumie	0.00000732
17	scar	0.00000732
17	stench breath	0.00000732
17	singodour	0.00000732
17	savingsmell	0.00000732
17	smell orsavour	0.00000732
17	figure	0.00000732
17	glistere	0.00000732
17	sweetincense	0.00000732
17	smell smel	0.00000732
17	odoratory nerve	0.00000732
17	sorance	0.00000732
17	esmelleth	0.00000732
17	trifie	0.00000732
17	voice	0.00000732
17	smell liquor	0.00000732
17	drank	0.00000732
17	enamour	0.00000732
17	insmell	0.00000732
17	odoriferoussauour	0.00000732
17	fragrantodour	0.00000732
17	smell thesauour	0.00000732
17	pipe	0.00000732
17	odoriferous stench	0.00000732
17	wasperfumed	0.00000732
17	stench smell	0.00000732
17	smell hearb	0.00000732
17	aromatical send	0.00000732
17	thesauour	0.00000732
17	rancour	0.00000732
17	smellingodour	0.00000732
17	reekon	0.00000732
17	firstperfume	0.00000732
17	smel ∣	0.00000732
17	∣	0.00000732
17	therance	0.00000732
17	sowr	0.00000732
17	thenidour	0.00000732
17	perfumethereof	0.00000732
17	stinkamong	0.00000732
17	thestink	0.00000732
17	foule contagion	0.00000732
17	infamy	0.00000732
17	fragrant murmur	0.00000732
17	murmur	0.00000732
17	ve	0.00000732
17	anoynte	0.00000732
17	efficatious	0.00000732
17	cellentsmell	0.00000732
17	samesmell	0.00000732
17	bitingtaste	0.00000732
17	odori erous	0.00000732
17	breath savour	0.00000732
17	ckeek	0.00000732
17	stink unwholesome	0.00000732
17	unwholesome	0.00000732
17	trance	0.00000732
17	fragrant blushing	0.00000732
17	aromatick bark	0.00000732
17	stink flegm	0.00000732
17	stink snuff	0.00000732
17	ignorance	0.00000732
17	odorous gust	0.00000732
17	nour	0.00000732
17	mask	0.00000732
17	stan	0.00000732
17	infect	0.00000732
17	ink	0.00000732
17	gust	0.00000732
17	- scented	0.00000732
17	stinking damp	0.00000732
17	damp	0.00000732
17	ratle	0.00000732
17	feeder	0.00000732
17	scentor stink	0.00000732
17	vnholesome	0.00000732
17	snack	0.00000732
17	stink viscous	0.00000732
17	darcke	0.00000732
17	gormondize	0.00000732
17	guzle	0.00000732
17	drinking	0.00000732
17	bleperfume	0.00000732
17	stink carkasse	0.00000732
17	carkasse	0.00000732
17	odour smel	0.00000732
17	odoriferous sweet	0.00000732
17	ravenous	0.00000732
17	ousodour	0.00000732
17	odorous fume	0.00000732
17	snuffing	0.00000732
17	stanck	0.00000732
17	stink garlicke	0.00000732
17	scented odour	0.00000732
17	offensivefume	0.00000732
17	fumid	0.00000732
17	sulfur	0.00000732
17	versessmelle	0.00000732
17	smellinganointe	0.00000732
17	skink	0.00000732
17	sublime	0.00000732
17	noisome stink	0.00000732
17	skum	0.00000732
17	succession	0.00000732
17	odoriserous savour	0.00000732
17	feind	0.00000732
17	cateperfume	0.00000732
17	stifeled	0.00000732
17	stifele	0.00000732
17	sour	0.00000732
17	souring	0.00000732
17	stink noysom	0.00000732
17	character	0.00000732
17	mimik	0.00000732
17	ketting	0.00000732
17	scented breath	0.00000732
17	odour savour	0.00000732
17	perfu ∣	0.00000732
17	stink corrupt	0.00000732
17	tyranny	0.00000732
17	partsmelle	0.00000732
17	excellentsplendour	0.00000732
17	fume perfume	0.00000732
17	gaye	0.00000732
17	tink	0.00000732
17	stench confume	0.00000732
17	swel	0.00000732
17	fracedine	0.00000732
17	fragrant liquor	0.00000732
17	nours	0.00000732
17	ichor	0.00000732
17	smelof	0.00000732
17	slyminess	0.00000732
17	stink liquor	0.00000732
17	odorous perfume	0.00000732
17	fragrant perfume	0.00000732
17	thrid	0.00000732
17	strow '	0.00000732
17	fragrant sweetness	0.00000732
17	somentation	0.00000732
17	stink preye	0.00000732
17	fig	0.00000732
17	fart	0.00000732
17	renowm	0.00000732
17	noxious putrid	0.00000732
17	ofdoore	0.00000732
17	gulph	0.00000732
17	shamm	0.00000732
17	fustiness	0.00000732
17	cammomell	0.00000732
17	stinking sauor	0.00000732
17	perfumin	0.00000732
17	taint	0.00000732
17	noysome putrid	0.00000732
17	rentrose	0.00000732
17	maundre	0.00000732
17	measur	0.00000732
17	mack	0.00000732
17	rosary	0.00000732
17	ayre	0.00000732
17	itsmelt	0.00000732
17	awhiff	0.00000732
17	choler	0.00000732
17	stink smoaky	0.00000732
17	smoaky	0.00000732
17	metaphor	0.00000732
17	stink fogg	0.00000732
17	fogg	0.00000732
17	qualitie	0.00000732
17	perfume sweat	0.00000732
17	sweat	0.00000732
17	stink vleer	0.00000732
17	vleer	0.00000732
17	burn	0.00000732
17	riferousfume	0.00000732
17	toil	0.00000732
17	tainesmell	0.00000732
17	smellariseth	0.00000732
17	tude	0.00000732
17	smel -	0.00000732
17	stinkamongst	0.00000732
17	choake	0.00000732
17	putridsavour	0.00000732
17	phisition	0.00000732
17	cloaks	0.00000732
17	cloak	0.00000732
17	stink whore	0.00000732
17	fragrantodor	0.00000732
17	noysomesavour	0.00000732
17	noisomvapour	0.00000732
17	betterodor	0.00000732
17	obiect	0.00000732
17	itstink	0.00000732
17	odorotus	0.00000732
17	dromac	0.00000732
17	tragus	0.00000732
17	ill sente	0.00000732
17	fuse	0.00000732
17	perfume sweete	0.00000732
17	aromaticall send	0.00000732
17	counterfet	0.00000732
17	stink vind	0.00000732
17	odorous emanation	0.00000732
17	stink smel	0.00000732
17	fragrant sauour	0.00000732
17	thenperfume	0.00000732
17	thusperfume	0.00000732
17	odoriferoussmell	0.00000732
17	smell aromaticall	0.00000732
17	misdemeanour	0.00000732
17	odorous sent	0.00000732
17	od riferous	0.00000732
17	sauoure	0.00000732
17	vnpleasantsmell	0.00000732
17	smelling send	0.00000732
17	nyexhalation	0.00000732
17	befoul	0.00000732
17	stunk '	0.00000732
17	fragrant bosom	0.00000732
17	perfume oint	0.00000732
17	mentionsmells	0.00000732
17	consum '	0.00000732
17	rmel	0.00000732
17	breath stunck	0.00000732
17	waue	0.00000732
17	unsavourysmell	0.00000732
17	snuff incense	0.00000732
17	aromata odorem	0.00000732
17	vvalk	0.00000732
17	stinke perfumde	0.00000732
17	posterior	0.00000732
17	itstinke	0.00000732
17	cense	0.00000732
17	insulphure	0.00000732
17	nupeall	0.00000732
17	sermell	0.00000732
17	befmelt	0.00000732
17	lmelle	0.00000732
17	evillfmell	0.00000732
17	infmell	0.00000732
17	fmell - ing	0.00000732
17	fes	0.00000732
17	ferofum	0.00000732
17	ooour	0.00000732
17	iffue	0.00000732
17	confufam	0.00000732
17	perfume vapour	0.00000732
17	feetid	0.00000732
17	confumlng	0.00000732
17	ddour	0.00000732
17	fragrant exhalaâ	0.00000732
17	exhalaâ	0.00000732
17	feyour	0.00000732
17	j f p u r	0.00000732
17	efume	0.00000732
17	diffufe	0.00000732
17	olfadory	0.00000732
17	olfadory nerve	0.00000732
17	tape	0.00000732
17	adfum	0.00000732
17	- ing	0.00000732
17	odoriferous itcour	0.00000732
17	rheume	0.00000732
17	foperfume	0.00000732
17	effeft	0.00000732
17	c h e	0.00000732
17	e r	0.00000732
17	refetvâ	0.00000732
17	badfmell	0.00000732
17	rofesfmell	0.00000732
17	extravafate	0.00000732
17	compos	0.00000732
17	plenticof	0.00000732
17	ofthestink	0.00000732
17	toprefervethefume	0.00000732
17	foul vapor	0.00000732
17	vnmell	0.00000732
17	bther	0.00000732
17	u r u p b	0.00000732
17	fmobe	0.00000732
17	aromatis	0.00000732
17	copiofum	0.00000732
17	affe	0.00000732
17	perfumte	0.00000732
17	fenfum	0.00000732
17	folic	0.00000732
17	olofe	0.00000732
17	tafteandfmell	0.00000732
17	troublefbmefmell	0.00000732
17	perfuade	0.00000732
17	icink	0.00000732
17	fnuff	0.00000732
17	fmell perfume	0.00000732
17	prefume perfume	0.00000732
17	anwholefome	0.00000732
17	perfum -	0.00000732
17	filuvia	0.00000732
17	fmeltito	0.00000732
17	illation	0.00000732
17	fmellech	0.00000732
17	fcenc	0.00000732
17	tomelt	0.00000732
17	nofes	0.00000732
17	notfmell	0.00000732
17	fmel odor	0.00000732
17	exhalatiâ	0.00000732
17	afiluy	0.00000732
17	fcald	0.00000732
17	aromatic perfume	0.00000732
17	fenfe	0.00000732
17	fecde	0.00000732
17	fpek	0.00000732
17	bysmelle	0.00000732
17	ffluvium	0.00000732
17	luflful	0.00000732
17	utalmell	0.00000732
17	faffe	0.00000732
17	faffing	0.00000732
17	afe	0.00000732
17	fweet aromatick	0.00000732
17	omen	0.00000732
17	theforance	0.00000732
17	fweet -	0.00000732
17	rfmell	0.00000732
17	odoury	0.00000732
17	deverousorftinke	0.00000732
17	deverousorftinking	0.00000732
17	chetidie	0.00000732
17	low	0.00000732
17	confumin	0.00000732
17	confumc	0.00000732
17	pdour	0.00000732
17	fonietime aroma	0.00000732
17	fetore	0.00000732
17	perfme	0.00000732
17	odour andceojeur	0.00000732
17	feme	0.00000732
17	weathertperfume	0.00000732
17	confefe	0.00000732
17	underdood	0.00000732
17	perfume expire	0.00000732
17	feemtofmell	0.00000732
17	afcenfum	0.00000732
17	v r g l e	0.00000732
17	r g l n e	0.00000732
17	fmeis	0.00000732
17	maybeeconfume	0.00000732
17	agreatfum	0.00000732
17	dreffe	0.00000732
17	ofclenfing	0.00000732
17	n c h	0.00000732
17	tafb	0.00000732
17	g n	0.00000732
17	fweetfmelle	0.00000732
17	fweetfmelling	0.00000732
17	odoriferous afifle	0.00000732
17	afifle	0.00000732
17	fpicerie	0.00000732
17	fragraucy	0.00000732
17	ze	0.00000732
17	ftrongfmell	0.00000732
17	fmell carcafle	0.00000732
17	carcafle	0.00000732
17	ofaperfume	0.00000732
17	fmellof	0.00000732
17	goodfmell	0.00000732
17	pearefmelle	0.00000732
17	afeenfum	0.00000732
17	fweecefmelle	0.00000732
17	fweecefmelling	0.00000732
17	fullicfmell	0.00000732
17	butagree	0.00000732
17	fome aroma	0.00000732
17	abufe	0.00000732
17	p h c	0.00000732
17	reverence	0.00000732
17	ppenfum	0.00000732
17	amulet	0.00000732
17	apoftume	0.00000732
17	perfuine	0.00000732
17	perfuy	0.00000732
17	anbfmell	0.00000732
17	p u e r	0.00000732
17	fimellâ	0.00000732
17	wefmell	0.00000732
17	binfume	0.00000732
17	fwellâ	0.00000732
17	fwum	0.00000732
17	odore fragrant	0.00000732
17	odo -	0.00000732
17	fpicd	0.00000732
17	dofe	0.00000732
17	caromaticus	0.00000732
17	aflure	0.00000732
17	mfufe	0.00000732
17	thefour	0.00000732
17	fmellt	0.00000732
17	efurine	0.00000732
17	refrigerate	0.00000732
17	dtunk	0.00000732
17	isconfume	0.00000732
17	fuch	0.00000732
17	obfeur	0.00000732
17	aromatice	0.00000732
17	tife	0.00000732
17	fetus	0.00000732
17	ttefame	0.00000732
17	tftdour	0.00000732
17	ambafiadour	0.00000732
17	baffadour	0.00000732
17	balfadour	0.00000732
17	imelt	0.00000732
17	perfume oftenfime	0.00000732
17	fiuour	0.00000732
17	togiucfuchfmell	0.00000732
17	hefame	0.00000732
17	fetier	0.00000732
17	euidfattouredfmell	0.00000732
17	rcent	0.00000732
17	fetimme	0.00000732
17	fragrant imel	0.00000732
17	tefiamur	0.00000732
17	exorickjverficolour	0.00000732
17	fttffumigation	0.00000732
17	fhift	0.00000732
17	tofmell	0.00000732
17	aromaticm	0.00000732
17	confum - ing	0.00000732
17	llrong fmell	0.00000732
17	effour	0.00000732
17	poyfonous	0.00000732
17	confumer	0.00000732
17	altrong	0.00000732
17	fmellingbal	0.00000732
17	rmelle	0.00000732
17	fmelling	0.00000732
17	peefume	0.00000732
17	tyochisk	0.00000732
17	perfetion	0.00000732
17	imelleth	0.00000732
17	orfweerfmell	0.00000732
17	foulnow	0.00000732
17	ptinkle	0.00000732
17	wafhed	0.00000732
17	olficc	0.00000732
17	r e n	0.00000732
17	e v e	0.00000732
17	perfualion	0.00000732
17	ejfluvia	0.00000732
17	v e r	0.00000732
17	defetibe	0.00000732
17	whattheodour	0.00000732
17	ipcak	0.00000732
17	fee	0.00000732
17	odouf	0.00000732
17	gdour	0.00000732
17	spongiofum	0.00000732
17	fetid jmell	0.00000732
17	fluek	0.00000732
17	dpbfume	0.00000732
17	confumpt	0.00000732
17	effluvias	0.00000732
17	reek flime	0.00000732
17	falfum	0.00000732
17	putrid fe	0.00000732
17	mucus	0.00000732
17	perfufe	0.00000732
17	fomentation	0.00000732
17	rifie	0.00000732
17	senfe	0.00000732
17	noxious fumey	0.00000732
17	fweet sulphur	0.00000732
17	odoriferous fmel	0.00000732
17	oetor	0.00000732
17	odoriferous effluvium	0.00000732
17	noxious effluvia	0.00000732
17	fhifte	0.00000732
17	plealure	0.00000732
17	e	0.00000732
17	olf	0.00000732
17	eff	0.00000732
17	bythefmell	0.00000732
17	confumcd	0.00000732
17	pleafam	0.00000732
17	menftrmm	0.00000732
17	tmel	0.00000732
17	fhivering	0.00000732
17	oftink	0.00000732
17	fume thatfmell	0.00000732
17	mlusfmell	0.00000732
17	delufion	0.00000732
17	lmel	0.00000732
17	lavour	0.00000732
17	efflu -	0.00000732
17	flrance	0.00000732
17	oap	0.00000732
17	fetid effluvia	0.00000732
17	ffluvia	0.00000732
17	efuvin	0.00000732
17	odorife -	0.00000732
17	exfufflate	0.00000732
17	effinvia	0.00000732
17	tannotmell	0.00000732
17	spufk	0.00000732
17	pimpemell	0.00000732
17	aromaticusy	0.00000732
17	perfumer fliop	0.00000732
17	odoriferous lianor	0.00000732
17	oate	0.00000732
17	purencffeoffmelle	0.00000732
17	p r g n 0 c	0.00000732
17	diflipate	0.00000732
17	odoror	0.00000732
17	odorator	0.00000732
17	favor	0.00000732
17	fmell -	0.00000732
17	feente	0.00000732
17	fmoake	0.00000732
17	hocfufum	0.00000732
17	fugar	0.00000732
17	olfactu	0.00000732
17	olfacus	0.00000732
17	ingrateful	0.00000732
17	infufionof	0.00000732
17	nallinef	0.00000732
17	efuming	0.00000732
17	beconfume	0.00000732
17	mllmell	0.00000732
17	fuff	0.00000732
17	andfmell	0.00000732
17	difpofure	0.00000732
17	6dour	0.00000732
17	tofume	0.00000732
17	foulifie	0.00000732
17	aiftniffe	0.00000732
17	odom	0.00000732
17	ftinke flux	0.00000732
17	odoyr	0.00000732
17	fmellin	0.00000732
17	fmoak	0.00000732
17	fak	0.00000732
17	rtank	0.00000732
17	fekd	0.00000732
17	burntifhodour	0.00000732
17	rholfome perfume	0.00000732
17	jmelling	0.00000732
17	therinaperfume	0.00000732
17	perfame	0.00000732
17	e c	0.00000732
17	fwim	0.00000732
17	fecure	0.00000732
17	infubfiance	0.00000732
17	gutts	0.00000732
17	olfa	0.00000732
17	fantafie	0.00000732
17	afulphurous	0.00000732
17	purify	0.00000732
17	perfus me	0.00000732
17	paffe	0.00000732
17	difpofition	0.00000732
17	grape	0.00000732
17	tranfuda	0.00000732
17	excellinfmell	0.00000732
17	salk	0.00000732
17	fetid swell	0.00000732
17	fweet heady	0.00000732
17	lignofum	0.00000732
17	aromaticksmelh	0.00000732
17	fmell fragrant	0.00000732
17	fmell fetid	0.00000732
17	fmells fragrant	0.00000732
17	cleanfe	0.00000732
17	fmells aromatick	0.00000732
17	fruticofum	0.00000732
17	odoratura	0.00000732
17	fetid bituman	0.00000732
17	aromatich	0.00000732
17	fufffumigation	0.00000732
17	infunon	0.00000732
17	eafe	0.00000732
17	nofmell	0.00000732
17	odoriferous fait	0.00000732
17	eflence	0.00000732
17	ftek	0.00000732
17	ot	0.00000732
17	confefs	0.00000732
17	fmelle fragrant	0.00000732
17	fecret	0.00000732
17	fetid humidity	0.00000732
17	efure	0.00000732
17	effuvium	0.00000732
17	fragrant odor	0.00000732
17	thefmel	0.00000732
17	prefump	0.00000732
17	otince	0.00000732
17	fudorifick	0.00000732
17	smoking perfume	0.00000732
17	orfmell	0.00000732
17	fmolf	0.00000732
17	feaft	0.00000732
17	averfumer	0.00000732
17	offmelle	0.00000732
17	wholefom	0.00000732
17	wholefom perfume	0.00000732
17	jperfume	0.00000732
17	fuliginous putrid	0.00000732
17	apozem	0.00000732
17	ronfume	0.00000732
17	patfume	0.00000732
17	thisfeetor	0.00000732
17	windy	0.00000732
17	fiorid	0.00000732
17	flatulent	0.00000732
17	nutritious	0.00000732
17	odow	0.00000732
17	purefmell	0.00000732
17	andfuchasareofafweetandplcafatitfmell	0.00000732
17	sweetfmell	0.00000732
18	fmell	0.16520815
18	aromatic	0.10914132
18	putrid	0.07395375
18	smell	0.07359344
18	fragrant	0.06061032
18	fetid	0.05792331
18	odor	0.04174631
18	odour	0.04057990
18	perfume	0.02903799
18	odoriferous	0.02647923
18	fmelle	0.02227773
18	scent	0.01909607
18	odorous	0.01515716
18	effluvia	0.01328236
18	foul	0.01245183
18	infufion	0.01231138
18	fragrance	0.01179229
18	noxious	0.01003963
18	odore	0.00990528
18	aroma	0.00943506
18	fume	0.00764575
18	aromatick	0.00747476
18	vapour	0.00665034
18	stink	0.00589309
18	reek	0.00586256
18	infufe	0.00548394
18	fweet	0.00489768
18	breath	0.00431142
18	odorem	0.00340761
18	profufe	0.00281525
18	fetor	0.00277861
18	confume	0.00273586
18	olfactory	0.00261983
18	florid	0.00240609
18	acrid	0.00191755
18	fmelt	0.00191144
18	aromatics	0.00182594
18	ferous	0.00181984
18	aqueous	0.00177098
18	foetid	0.00155114
18	scented	0.00144732
18	aromaticus	0.00141068
18	exhalation	0.00140457
18	eflential	0.00140457
18	fragrancy	0.00138625
18	snuff	0.00124579
18	indolent	0.00120915
18	inodorous	0.00113587
18	prefume	0.00111755
18	effluvium	0.00110534
18	infufum	0.00106259
18	fmoke	0.00105038
18	mucus	0.00100152
18	fapid	0.00098320
18	perfumes	0.00095267
18	effential	0.00087938
18	stench	0.00087328
18	whiff	0.00081221
18	fpicy	0.00078778
18	refufe	0.00071450
18	fnuff	0.00071450
18	perfe	0.00069007
18	perfum '	0.00065954
18	ufe	0.00064122
18	pungent	0.00063511
18	confufe	0.00060458
18	infipid	0.00060458
18	aromas	0.00056183
18	fcetid	0.00054961
18	infuper	0.00054351
18	-	0.00050687
18	balfamic	0.00050687
18	fpice	0.00050076
18	perfuade	0.00049465
18	perfumer	0.00047633
18	smelly	0.00047633
18	confufion	0.00047023
18	lmell	0.00045191
18	oleofum	0.00044580
18	garlick	0.00043359
18	aromatical	0.00042137
18	ing	0.00040916
18	vagrant	0.00040305
18	intoxicate	0.00040305
18	balfam	0.00040305
18	nauseous	0.00039694
18	fungous	0.00039694
18	effeft	0.00037252
18	oily	0.00036641
18	pleafure	0.00036030
18	vapours	0.00036030
18	riferous	0.00036030
18	odorate	0.00035420
18	aromatize	0.00034809
18	exhale	0.00033588
18	whifk	0.00033588
18	obnoxious	0.00032977
18	imell	0.00031756
18	inflammable	0.00031756
18	candour	0.00031145
18	ufum	0.00031145
18	refume	0.00030534
18	savour	0.00030534
18	perfumâ	0.00030534
18	offend	0.00029313
18	fapor	0.00029313
18	effluâ	0.00029313
18	frothy	0.00029313
18	fenfation	0.00028702
18	impregnate	0.00028702
18	grance	0.00028091
18	nofe	0.00027481
18	drink	0.00027481
18	fetid breath	0.00027481
18	noxious effluvia	0.00027481
18	stunk	0.00026870
18	bilious	0.00026870
18	vifcous	0.00026259
18	feculent	0.00026259
18	aromata	0.00026259
18	fcaly	0.00025649
18	treafure	0.00024427
18	aquofum	0.00024427
18	odo	0.00023817
18	sulphur	0.00023817
18	odorant	0.00023817
18	hue	0.00023206
18	confump	0.00023206
18	breath perfume	0.00022595
18	noxious vapour	0.00022595
18	fome	0.00021985
18	fmel	0.00020763
18	frefh	0.00020763
18	perfon	0.00020763
18	fuppofe	0.00020763
18	flammable	0.00020763
18	odeur	0.00020153
18	intolerable	0.00019542
18	fluvia	0.00019542
18	urinofum	0.00019542
18	vigour	0.00018931
18	inhale	0.00018931
18	fcent	0.00018931
18	difufe	0.00018931
18	prefumed	0.00018931
18	fnuffe	0.00018320
18	emanation	0.00018320
18	antifeptic	0.00018320
18	carnofum	0.00018320
18	taint	0.00017710
18	dofe	0.00017710
18	acrimonious	0.00017710
18	tic	0.00017710
18	noisome	0.00017099
18	iffue	0.00017099
18	odoâ	0.00017099
18	febrifuge	0.00017099
18	odorato	0.00017099
18	profufion	0.00017099
18	parfum	0.00017099
18	fubtile	0.00017099
18	offensive	0.00016488
18	whifper	0.00016488
18	infufum aquofum	0.00016488
18	alkaline	0.00016488
18	wholfome	0.00015878
18	fetids	0.00015878
18	odorat	0.00015878
18	breathing	0.00015267
18	tranfude	0.00015267
18	vinous	0.00015267
18	abufe	0.00015267
18	breathe	0.00014046
18	r	0.00014046
18	gloffy	0.00014046
18	fmellâ	0.00014046
18	urinous	0.00014046
18	falfum	0.00014046
18	noifome	0.00013435
18	efflu	0.00013435
18	fenfum	0.00013435
18	corrupt	0.00013435
18	vinofum	0.00013435
18	fetide	0.00013435
18	balfamick	0.00013435
18	infuf	0.00013435
18	fetid vapour	0.00012824
18	efflu -	0.00012824
18	expofure	0.00012824
18	exfudation	0.00012824
18	tafle	0.00012824
18	aroma -	0.00012824
18	aromate	0.00012824
18	odoriferous smell	0.00012824
18	ferve	0.00012824
18	arofe	0.00012824
18	vour	0.00012214
18	essential	0.00012214
18	fcour	0.00012214
18	e c	0.00012214
18	fmelleth	0.00012214
18	fimell	0.00012214
18	mufk	0.00012214
18	odorife	0.00012214
18	vifeid	0.00012214
18	lour	0.00012214
18	ichorous	0.00012214
18	perfuafion	0.00011603
18	aromatica	0.00011603
18	ufeful	0.00011603
18	fetido	0.00011603
18	turbid	0.00011603
18	ftinke	0.00011603
18	refinous	0.00011603
18	copiofum	0.00011603
18	arife	0.00011603
18	rous	0.00011603
18	affume	0.00010992
18	fcene	0.00010992
18	fmeli	0.00010992
18	alfume	0.00010992
18	tranfudation	0.00010992
18	odo -	0.00010992
18	nitrous	0.00010992
18	stink breath	0.00010382
18	dour	0.00010382
18	contagious	0.00010382
18	odoris	0.00010382
18	perfuâ	0.00010382
18	jmell	0.00010382
18	effedlual	0.00010382
18	fluff	0.00010382
18	vitiate	0.00010382
18	aromat	0.00010382
18	fetis	0.00010382
18	r e	0.00009771
18	nose	0.00009771
18	contaminate	0.00009771
18	medicinal	0.00009771
18	exfude	0.00009771
18	confumâ	0.00009771
18	fanguiferous	0.00009771
18	fectious	0.00009771
18	fragrant aromatic	0.00009771
18	fragran	0.00009771
18	ufually	0.00009771
18	fhifte	0.00009160
18	fucus	0.00009160
18	faetor	0.00009160
18	noxious exhalation	0.00009160
18	olfadtory	0.00009160
18	odorous effluvia	0.00009160
18	odoriferous effluvia	0.00009160
18	fetidnef	0.00009160
18	febaceous	0.00009160
18	alcohol	0.00009160
18	cactus	0.00009160
18	fpirit	0.00009160
18	ferment	0.00009160
18	fplendour	0.00008550
18	fcente	0.00008550
18	scentless	0.00008550
18	leek	0.00008550
18	mufky	0.00008550
18	r u	0.00008550
18	infup	0.00008550
18	odorum	0.00008550
18	cribrofum	0.00008550
18	e r e c	0.00008550
18	ftrong	0.00008550
18	glaucous	0.00008550
18	foporific	0.00008550
18	whiffing	0.00007939
18	confum '	0.00007939
18	ardour	0.00007939
18	oman	0.00007939
18	putrid vapour	0.00007939
18	vapid	0.00007939
18	faetid	0.00007939
18	phlegm	0.00007939
18	infudon	0.00007939
18	pungency	0.00007939
18	aphorifm	0.00007939
18	fmells	0.00007939
18	bruife	0.00007939
18	ftagnant	0.00007939
18	ponderofum	0.00007939
18	odora	0.00007939
18	f p h	0.00007939
18	vifeous	0.00007939
18	oleous	0.00007939
18	cadaverous	0.00007939
18	fpirituous	0.00007939
18	fpirituofum	0.00007939
18	odorante	0.00007939
18	stank	0.00007328
18	effeminate	0.00007328
18	sniff	0.00007328
18	smell savour	0.00007328
18	ed	0.00007328
18	odorose	0.00007328
18	infufum amarum	0.00007328
18	odoriferous fmell	0.00007328
18	herbaceous	0.00007328
18	odoratis	0.00007328
18	infufing	0.00007328
18	fetid mucus	0.00007328
18	effedual	0.00007328
18	aromatic vapour	0.00007328
18	fmelly	0.00007328
18	afafoetida	0.00007328
18	oleraceous	0.00007328
18	offenfive	0.00007328
18	aromaticum	0.00007328
18	breath fetid	0.00007328
18	afafetida	0.00007328
18	whifpere	0.00006718
18	thoufand	0.00006718
18	frigid	0.00006718
18	olfactory nerve	0.00006718
18	feme	0.00006718
18	olfadory	0.00006718
18	poifonous	0.00006718
18	ftrong infufion	0.00006718
18	r e r	0.00006718
18	effiuvia	0.00006718
18	parfums	0.00006718
18	odorata	0.00006718
18	putrefeent	0.00006718
18	ferruginous	0.00006718
18	nerve	0.00006718
18	nitrofum	0.00006718
18	sweet	0.00006107
18	odoriferous exhalation	0.00006107
18	perfue	0.00006107
18	fragrant breath	0.00006107
18	breath smell	0.00006107
18	stanch	0.00006107
18	fecret	0.00006107
18	fpongiofum	0.00006107
18	aromatiek	0.00006107
18	diverfum	0.00006107
18	fperm	0.00006107
18	fugar	0.00006107
18	fragrant eflential	0.00006107
18	aromatic fpice	0.00006107
18	foul putrid	0.00006107
18	fetid liquor	0.00006107
18	liquor	0.00006107
18	inferiour	0.00006107
18	confum	0.00006107
18	tindfure	0.00006107
18	ichor	0.00006107
18	parfumer	0.00006107
18	variolous	0.00006107
18	bad	0.00006107
18	effed	0.00006107
18	grumous	0.00006107
18	foporiferous	0.00006107
18	tion	0.00006107
18	antifcorbutic	0.00006107
18	fetida	0.00006107
18	valour	0.00005496
18	e	0.00005496
18	essence	0.00005496
18	prefumes	0.00005496
18	rancid	0.00005496
18	glaffy	0.00005496
18	jmelle	0.00005496
18	impregnated	0.00005496
18	smelt	0.00005496
18	olfactus	0.00005496
18	p p e n	0.00005496
18	petrofum	0.00005496
18	villofum	0.00005496
18	naufeous	0.00005496
18	efum	0.00005496
18	fmoak	0.00005496
18	effete	0.00005496
18	falubrious	0.00005496
18	confufed	0.00005496
18	vfum	0.00005496
18	olea	0.00005496
18	flavour	0.00005496
18	b e r	0.00005496
18	faponaceous	0.00005496
18	virofum	0.00005496
18	occult	0.00005496
18	fenfe	0.00005496
18	fmell - ing	0.00005496
18	livid	0.00005496
18	e r e	0.00005496
18	sapour	0.00005496
18	perfufion	0.00005496
18	naufeofum	0.00005496
18	exhalaâ	0.00005496
18	perfuafive	0.00004885
18	spicy	0.00004885
18	reek '	0.00004885
18	langour	0.00004885
18	whiffy	0.00004885
18	nostril	0.00004885
18	odour scent	0.00004885
18	fnow	0.00004885
18	aromatic fume	0.00004885
18	scour	0.00004885
18	fmell '	0.00004885
18	graffy	0.00004885
18	tafte	0.00004885
18	odoriferous scent	0.00004885
18	spice	0.00004885
18	c	0.00004885
18	fetid putrid	0.00004885
18	feotid	0.00004885
18	greafe	0.00004885
18	e r	0.00004885
18	refiduum	0.00004885
18	fuliginous	0.00004885
18	effence	0.00004885
18	apour	0.00004885
18	exhala	0.00004885
18	aluminofum	0.00004885
18	fectid	0.00004885
18	lweet	0.00004885
18	fetid ichor	0.00004885
18	wholefome	0.00004885
18	trid	0.00004885
18	profuma	0.00004885
18	foul vapours	0.00004885
18	fetid gleet	0.00004885
18	arifen	0.00004885
18	odorifer	0.00004885
18	aloe	0.00004885
18	steams	0.00004885
18	univerfum	0.00004885
18	ous	0.00004885
18	fuffocate	0.00004885
18	fent	0.00004885
18	fcetor	0.00004885
18	perfluous	0.00004885
18	farinaceous	0.00004885
18	vifcid	0.00004885
18	effervefcence	0.00004885
18	glutinofum	0.00004885
18	ltinke	0.00004885
18	odoratius	0.00004885
18	excrementitious	0.00004885
18	effcntial	0.00004885
18	whifper '	0.00004275
18	splendour	0.00004275
18	h e	0.00004275
18	n	0.00004275
18	garland	0.00004275
18	inclofure	0.00004275
18	taste	0.00004275
18	smel	0.00004275
18	odor fetido	0.00004275
18	acid	0.00004275
18	odorus	0.00004275
18	aromatife	0.00004275
18	alkali	0.00004275
18	denfum	0.00004275
18	gleet	0.00004275
18	nervofum	0.00004275
18	jmelling	0.00004275
18	quaquaverfum	0.00004275
18	aromatic fpirit	0.00004275
18	nofum	0.00004275
18	fmell fetid	0.00004275
18	ftink	0.00004275
18	odorati	0.00004275
18	femetime	0.00004275
18	apud	0.00004275
18	fpre	0.00004275
18	p p r u	0.00004275
18	whifpering	0.00003664
18	flavorous	0.00003664
18	strew	0.00003664
18	scent perfume	0.00003664
18	anodinous	0.00003664
18	whifky	0.00003664
18	viscous	0.00003664
18	c e	0.00003664
18	putrefy	0.00003664
18	potent	0.00003664
18	thefmell	0.00003664
18	breath fmell	0.00003664
18	eflence	0.00003664
18	morbofum	0.00003664
18	fpafm	0.00003664
18	flrong infufion	0.00003664
18	fmelte	0.00003664
18	inclufum	0.00003664
18	odoro	0.00003664
18	antifeor	0.00003664
18	infed	0.00003664
18	odorous exhalation	0.00003664
18	pungent aromatic	0.00003664
18	feel	0.00003664
18	transfufion	0.00003664
18	lmelle	0.00003664
18	spongiofum	0.00003664
18	aromatic balfam	0.00003664
18	fecorid	0.00003664
18	fragrant effential	0.00003664
18	tranfparent	0.00003664
18	odorar	0.00003664
18	ferious	0.00003664
18	fnuffing	0.00003664
18	fetit	0.00003664
18	tmell	0.00003664
18	clayey	0.00003664
18	ftetid	0.00003664
18	pifum	0.00003664
18	fuccofum	0.00003664
18	fmelf	0.00003664
18	defcenfum	0.00003664
18	acetofum	0.00003664
18	amarum	0.00003664
18	scorodoprafum	0.00003664
18	expreffe	0.00003664
18	fpirant	0.00003664
18	tafe	0.00003664
18	perfedl	0.00003664
18	ftagnate	0.00003664
18	smoke	0.00003664
18	perfumar	0.00003664
18	infalubrious	0.00003664
18	omen	0.00003053
18	odoriferous perfume	0.00003053
18	libation	0.00003053
18	refum	0.00003053
18	fweet fmelle	0.00003053
18	feed	0.00003053
18	r r	0.00003053
18	smutty	0.00003053
18	'	0.00003053
18	famish	0.00003053
18	thyme	0.00003053
18	l	0.00003053
18	h r	0.00003053
18	infure	0.00003053
18	blush	0.00003053
18	p	0.00003053
18	air	0.00003053
18	promife	0.00003053
18	aflurance	0.00003053
18	odoriferious	0.00003053
18	fneeze	0.00003053
18	miafma	0.00003053
18	tuberofum	0.00003053
18	flrong	0.00003053
18	r n	0.00003053
18	fumigate	0.00003053
18	efflorefcence	0.00003053
18	aromatis	0.00003053
18	noxious putrid	0.00003053
18	aromatic flavour	0.00003053
18	liqueur	0.00003053
18	dreffe	0.00003053
18	cancrofum	0.00003053
18	fouler	0.00003053
18	fmelh	0.00003053
18	fluor	0.00003053
18	fecure	0.00003053
18	expofe	0.00003053
18	odor fragran	0.00003053
18	tuofum	0.00003053
18	odoriferous eflential	0.00003053
18	lmelling	0.00003053
18	acorus	0.00003053
18	efhuvia	0.00003053
18	virulent	0.00003053
18	effuvia	0.00003053
18	u r g e r	0.00003053
18	fluid	0.00003053
18	eruption	0.00003053
18	ftem	0.00003053
18	fuch	0.00003053
18	transfufe	0.00003053
18	tail	0.00003053
18	infufionof	0.00003053
18	folid	0.00003053
18	fulphureous	0.00003053
18	limpid	0.00003053
18	putredinofum	0.00003053
18	ufual	0.00003053
18	fmellin	0.00003053
18	efiluvia	0.00003053
18	refem	0.00003053
18	aloes	0.00003053
18	fubftance	0.00003053
18	fpint	0.00003053
18	efluvia	0.00003053
18	aromatic fotus	0.00003053
18	efurine	0.00003053
18	effeff	0.00003053
18	effcd	0.00003053
18	infus	0.00002443
18	reek gore	0.00002443
18	odour perfume	0.00002443
18	gore	0.00002443
18	fhift	0.00002443
18	refumes	0.00002443
18	fervor	0.00002443
18	mellifluous	0.00002443
18	e v e r	0.00002443
18	enchant	0.00002443
18	prefum '	0.00002443
18	rs	0.00002443
18	aromatic fweet	0.00002443
18	stinkard	0.00002443
18	n e	0.00002443
18	clofe	0.00002443
18	c e r	0.00002443
18	fense	0.00002443
18	garish	0.00002443
18	odoriferous fweet	0.00002443
18	fweet perfume	0.00002443
18	lukewarm	0.00002443
18	savor	0.00002443
18	whifp	0.00002443
18	fnack	0.00002443
18	nofes	0.00002443
18	fhade	0.00002443
18	l e	0.00002443
18	murky	0.00002443
18	puff	0.00002443
18	exuberance	0.00002443
18	lmelt	0.00002443
18	pernicious	0.00002443
18	odori	0.00002443
18	pestiferous	0.00002443
18	noysome	0.00002443
18	fpiced	0.00002443
18	peftiferous	0.00002443
18	noxious effluvium	0.00002443
18	throâ	0.00002443
18	incifum	0.00002443
18	perfpirative	0.00002443
18	odure	0.00002443
18	cariofum	0.00002443
18	accenfum	0.00002443
18	perfidious	0.00002443
18	contufe	0.00002443
18	putrid exhala	0.00002443
18	exfudate	0.00002443
18	relinous	0.00002443
18	bitternef	0.00002443
18	ftimulant	0.00002443
18	fonietime	0.00002443
18	ftagnating	0.00002443
18	iragrant	0.00002443
18	luminous	0.00002443
18	foetor	0.00002443
18	fection	0.00002443
18	infpiflate	0.00002443
18	fhop	0.00002443
18	lufeious	0.00002443
18	odorifere	0.00002443
18	afeende	0.00002443
18	phyfick	0.00002443
18	finous	0.00002443
18	imelle	0.00002443
18	firong	0.00002443
18	febrifugous	0.00002443
18	erfume	0.00002443
18	inflammatory	0.00002443
18	unfluous	0.00002443
18	infume	0.00002443
18	odorac	0.00002443
18	tofmell	0.00002443
18	ambergreafe	0.00002443
18	acrid putrid	0.00002443
18	c r	0.00002443
18	anxiety	0.00002443
18	p r	0.00002443
18	- riferous	0.00002443
18	fcctid	0.00002443
18	coenofum	0.00002443
18	gum	0.00002443
18	r r e	0.00002443
18	mucous	0.00002443
18	aromatick scent	0.00002443
18	lation	0.00002443
18	leave	0.00002443
18	loathfome	0.00002443
18	bark	0.00002443
18	cafum	0.00002443
18	odoratiora	0.00002443
18	ordoriferous	0.00002443
18	frelli	0.00002443
18	fpume	0.00002443
18	mortiferous	0.00002443
18	belliferous	0.00002443
18	fragrant perfume	0.00002443
18	mephitic	0.00002443
18	bifidous	0.00002443
18	abfurd	0.00002443
18	fmellsa	0.00002443
18	pinguious	0.00002443
18	e c n	0.00002443
18	lapfum	0.00002443
18	odor aromaticus	0.00002443
18	unfafe	0.00002443
18	infeclious	0.00002443
18	infetious	0.00002443
18	seruginous	0.00002443
18	putrefaction	0.00002443
18	confuma	0.00002443
18	p e n	0.00002443
18	odoroua	0.00002443
18	uous	0.00002443
18	profumate	0.00002443
18	fhale	0.00002443
18	fubfarinofum	0.00002443
18	e n v	0.00002443
18	acromatic	0.00002443
18	fhiver	0.00002443
18	bituminofum	0.00002443
18	fiorid	0.00002443
18	herb	0.00002443
18	grateful	0.00002443
18	fukry	0.00002443
18	fubtle	0.00002443
18	perfufa	0.00002443
18	globofum	0.00002443
18	perfuad	0.00002443
18	ambergrife	0.00002443
18	fcorbutic	0.00002443
18	bretie	0.00002443
18	fubfide	0.00002443
18	odoratum	0.00002443
18	aromatous	0.00002443
18	fetid scent	0.00002443
18	malign	0.00002443
18	infufon	0.00002443
18	confumer	0.00002443
18	fetid bilious	0.00002443
18	odor petrofus	0.00002443
18	petrofus	0.00002443
18	aromatic infufion	0.00002443
18	fmelllng	0.00002443
18	ffagnant	0.00002443
18	contagiofum	0.00002443
18	bergamot	0.00002443
18	odorc	0.00002443
18	h e c u r	0.00002443
18	repellent	0.00002443
18	rufous	0.00002443
18	tcetid	0.00002443
18	adfum	0.00002443
18	triturate	0.00002443
18	fek	0.00002443
18	diffusâ	0.00002443
18	incenfe	0.00002443
18	breathe perfume	0.00001832
18	treafur '	0.00001832
18	scent perfum '	0.00001832
18	incense	0.00001832
18	vapor	0.00001832
18	perfume scent	0.00001832
18	poisonous	0.00001832
18	poisonous vapour	0.00001832
18	smell smell	0.00001832
18	fmok	0.00001832
18	e p e	0.00001832
18	meek	0.00001832
18	h e r	0.00001832
18	p l e	0.00001832
18	aromatic foul	0.00001832
18	odorous breath	0.00001832
18	e e n	0.00001832
18	itfmell	0.00001832
18	fragrant treafure	0.00001832
18	g r	0.00001832
18	difmiffe	0.00001832
18	fweete	0.00001832
18	fragrancie	0.00001832
18	odoriferous breath	0.00001832
18	smellum	0.00001832
18	frank	0.00001832
18	fumigation	0.00001832
18	mixture	0.00001832
18	ipicy	0.00001832
18	superfluous	0.00001832
18	fetore	0.00001832
18	pulfe	0.00001832
18	rurfum	0.00001832
18	fragrantia	0.00001832
18	fpmetime	0.00001832
18	e n	0.00001832
18	putrid fome	0.00001832
18	flool	0.00001832
18	vifeus	0.00001832
18	olfadlory	0.00001832
18	fmelle perfume	0.00001832
18	n e n	0.00001832
18	e l	0.00001832
18	intoxication	0.00001832
18	fum	0.00001832
18	n r	0.00001832
18	adverfum	0.00001832
18	fmelie	0.00001832
18	h	0.00001832
18	dtink	0.00001832
18	fume fmelle	0.00001832
18	e p h	0.00001832
18	fragrant fapid	0.00001832
18	confe	0.00001832
18	fweetfmelling	0.00001832
18	aromaticis	0.00001832
18	infuffon	0.00001832
18	incenfum	0.00001832
18	fetid fimple	0.00001832
18	steam	0.00001832
18	fkin	0.00001832
18	ftream	0.00001832
18	p r c e	0.00001832
18	aqueous vapour	0.00001832
18	olf	0.00001832
18	fetid fume	0.00001832
18	z e	0.00001832
18	fweeten	0.00001832
18	fmell perfume	0.00001832
18	fmelk	0.00001832
18	l e r	0.00001832
18	fuppofe putrid	0.00001832
18	circumfufum	0.00001832
18	bruifed garlick	0.00001832
18	difeafe	0.00001832
18	head	0.00001832
18	gloriofum	0.00001832
18	f l u e l l	0.00001832
18	- w r	0.00001832
18	aromatic fumigation	0.00001832
18	perfedion	0.00001832
18	cuflom	0.00001832
18	fuiphur	0.00001832
18	diffufe	0.00001832
18	odo - riferous	0.00001832
18	eflluvia	0.00001832
18	symptom	0.00001832
18	c l n	0.00001832
18	odor infuetis	0.00001832
18	b u g u l	0.00001832
18	adringent	0.00001832
18	ffume	0.00001832
18	fait	0.00001832
18	l l u	0.00001832
18	farinofum	0.00001832
18	b n	0.00001832
18	c p u	0.00001832
18	grancy	0.00001832
18	putrefied	0.00001832
18	difftife	0.00001832
18	fmell ing	0.00001832
18	odorous scent	0.00001832
18	perceivâ	0.00001832
18	spatofum	0.00001832
18	decocfum	0.00001832
18	profufe fweate	0.00001832
18	aliment	0.00001832
18	ffinke	0.00001832
18	feetor	0.00001832
18	fetofum	0.00001832
18	lnfufum	0.00001832
18	tofum	0.00001832
18	sanious	0.00001832
18	foulncf	0.00001832
18	gummofum	0.00001832
18	e e e	0.00001832
18	frag	0.00001832
18	reflore	0.00001832
18	pellucid	0.00001832
18	fect	0.00001832
18	odoriferous refinous	0.00001832
18	ful	0.00001832
18	expreffed	0.00001832
18	triglobofum	0.00001832
18	infuâ	0.00001832
18	apozem	0.00001832
18	fuperfluous	0.00001832
18	fmellj	0.00001832
18	b c e	0.00001832
18	fecus	0.00001832
18	fetid exhalation	0.00001832
18	odorous vapour	0.00001832
18	pluvia	0.00001832
18	aphorifms	0.00001832
18	nidorous	0.00001832
18	difperfe	0.00001832
18	deficcative	0.00001832
18	odoret	0.00001832
18	p e r	0.00001832
18	underdood	0.00001832
18	e e r	0.00001832
18	aromatico	0.00001832
18	thoâ	0.00001832
18	cufum	0.00001832
18	fubacid	0.00001832
18	drong infufion	0.00001832
18	perniciofum	0.00001832
18	ooze	0.00001832
18	infusâ	0.00001832
18	ltink	0.00001832
18	dink	0.00001832
18	gryfeus	0.00001832
18	furfum	0.00001832
18	c p v	0.00001832
18	fetid oily	0.00001832
18	odoriferous fubftance	0.00001832
18	ffinking	0.00001832
18	difagreeable	0.00001832
18	vapour reeking	0.00001832
18	rurfus	0.00001832
18	mentitious	0.00001832
18	cralfum	0.00001832
18	ferum	0.00001832
18	g n	0.00001832
18	exquifite	0.00001832
18	tricoccous	0.00001832
18	taffe	0.00001832
18	e x p e r	0.00001832
18	foulnef	0.00001832
18	arance	0.00001832
18	foake	0.00001832
18	confumpt	0.00001832
18	effedt	0.00001832
18	odorare	0.00001832
18	n c u r e	0.00001832
18	antidot	0.00001832
18	noxious fume	0.00001832
18	flek	0.00001832
18	l c e r	0.00001832
18	halefum	0.00001221
18	perfume balm	0.00001221
18	k n g h e n r	0.00001221
18	perfuadon	0.00001221
18	ravenous	0.00001221
18	asfume	0.00001221
18	liberal	0.00001221
18	fpicy odoriferous	0.00001221
18	prefump	0.00001221
18	drear	0.00001221
18	fragrant scent	0.00001221
18	baulme	0.00001221
18	ornament	0.00001221
18	emperour	0.00001221
18	odorous odorous	0.00001221
18	anecdotic	0.00001221
18	inspire	0.00001221
18	perfume perfume	0.00001221
18	fceneunfade	0.00001221
18	prefum	0.00001221
18	chill	0.00001221
18	fragrant mead	0.00001221
18	pleasure	0.00001221
18	tranfient	0.00001221
18	breeze	0.00001221
18	meed	0.00001221
18	odorous perfume	0.00001221
18	ambrofial	0.00001221
18	e l e	0.00001221
18	h e l e r	0.00001221
18	odour smell	0.00001221
18	refressie	0.00001221
18	ftmelle	0.00001221
18	stifle	0.00001221
18	sickly	0.00001221
18	fragrant meffage	0.00001221
18	fplendor	0.00001221
18	fmelle fmelle	0.00001221
18	n g h e n r	0.00001221
18	fressi	0.00001221
18	f l e e c e	0.00001221
18	fragrance breath	0.00001221
18	smok	0.00001221
18	p r e l	0.00001221
18	e p h r	0.00001221
18	lip	0.00001221
18	airy	0.00001221
18	refrefhe	0.00001221
18	salubrious	0.00001221
18	unwholfome	0.00001221
18	treafur	0.00001221
18	fweeted	0.00001221
18	fragrance fmells	0.00001221
18	blithfome	0.00001221
18	affumes	0.00001221
18	olfid	0.00001221
18	l u c r e	0.00001221
18	frankincense	0.00001221
18	r e p	0.00001221
18	lascivious	0.00001221
18	whiffler	0.00001221
18	virid	0.00001221
18	fervent	0.00001221
18	j u l e	0.00001221
18	meteor	0.00001221
18	profuf	0.00001221
18	n e r	0.00001221
18	tamely	0.00001221
18	fky	0.00001221
18	fragrant breeze	0.00001221
18	thick	0.00001221
18	apodolic	0.00001221
18	profufely	0.00001221
18	zephyr	0.00001221
18	wholcfome	0.00001221
18	lousy	0.00001221
18	odoriferous stench	0.00001221
18	diftillation	0.00001221
18	fecne	0.00001221
18	perfum - ed	0.00001221
18	fhine	0.00001221
18	fprightly	0.00001221
18	od	0.00001221
18	garlicl	0.00001221
18	crackle	0.00001221
18	kiffe	0.00001221
18	embalmed	0.00001221
18	fragrancy perfume	0.00001221
18	dwel '	0.00001221
18	smel '	0.00001221
18	disgusting	0.00001221
18	effluvias	0.00001221
18	fromaromatick	0.00001221
18	thefume	0.00001221
18	fensivesmell	0.00001221
18	melodious	0.00001221
18	smell savor	0.00001221
18	noisom	0.00001221
18	aromatick spice	0.00001221
18	smoky	0.00001221
18	smoaky	0.00001221
18	fmell - ed	0.00001221
18	sordid	0.00001221
18	shinke	0.00001221
18	perfum	0.00001221
18	fpiritual	0.00001221
18	puâ	0.00001221
18	exhalâ	0.00001221
18	drong	0.00001221
18	odor afflatur	0.00001221
18	worit	0.00001221
18	fetid flool	0.00001221
18	olfactus defectus	0.00001221
18	femur	0.00001221
18	odoriferous extafie	0.00001221
18	inconfumable	0.00001221
18	giofum	0.00001221
18	odoriferous balfam	0.00001221
18	extravafate	0.00001221
18	fetorem	0.00001221
18	v e r	0.00001221
18	devour	0.00001221
18	exfanguinous	0.00001221
18	expofur	0.00001221
18	rufus	0.00001221
18	faporem	0.00001221
18	felid	0.00001221
18	floughe	0.00001221
18	fonorous	0.00001221
18	ferife	0.00001221
18	difcoloure	0.00001221
18	fettle	0.00001221
18	aromatic acrid	0.00001221
18	aftringent	0.00001221
18	whiffle	0.00001221
18	olea odorem	0.00001221
18	pomatum	0.00001221
18	chromatic	0.00001221
18	c u b e b	0.00001221
18	delicious	0.00001221
18	porofum	0.00001221
18	exuvia	0.00001221
18	p h	0.00001221
18	pernicioussmellsand	0.00001221
18	oifenfive	0.00001221
18	exprefifed	0.00001221
18	vomit	0.00001221
18	fublime	0.00001221
18	delapfum	0.00001221
18	infufms	0.00001221
18	fujfitus	0.00001221
18	mulk	0.00001221
18	f e	0.00001221
18	odorable	0.00001221
18	effcdtual	0.00001221
18	fweets perfume	0.00001221
18	ffate	0.00001221
18	exfudates	0.00001221
18	fragrancey	0.00001221
18	illfmelle	0.00001221
18	impure	0.00001221
18	alfumat	0.00001221
18	infurance	0.00001221
18	ipintuous	0.00001221
18	bloody	0.00001221
18	aromacick	0.00001221
18	aromatizâ	0.00001221
18	femelle	0.00001221
18	perfumers	0.00001221
18	agglutinate	0.00001221
18	vaporous	0.00001221
18	eflential aromatic	0.00001221
18	ffance	0.00001221
18	lic	0.00001221
18	aromatick oily	0.00001221
18	confume fungous	0.00001221
18	f f e v e r	0.00001221
18	l f	0.00001221
18	alfum	0.00001221
18	ffim	0.00001221
18	fenteur	0.00001221
18	fmellox	0.00001221
18	ticis	0.00001221
18	exuberant	0.00001221
18	putridity	0.00001221
18	midfummer	0.00001221
18	p l g u	0.00001221
18	pilofum	0.00001221
18	notfuffer	0.00001221
18	fweeter	0.00001221
18	meliorate	0.00001221
18	ufefuf	0.00001221
18	purulent	0.00001221
18	infufe aromatics	0.00001221
18	perfufum	0.00001221
18	putredinous	0.00001221
18	fhivering	0.00001221
18	cufiofum	0.00001221
18	n e l u b	0.00001221
18	r b l n u	0.00001221
18	c r v	0.00001221
18	g l n g	0.00001221
18	l u p u l u	0.00001221
18	c l r e	0.00001221
18	b e r g	0.00001221
18	c f f e	0.00001221
18	stinction	0.00001221
18	6tinke	0.00001221
18	muft	0.00001221
18	thefffluviasofaromatick	0.00001221
18	quaquaverfum odor	0.00001221
18	throfe	0.00001221
18	odor infame	0.00001221
18	infame	0.00001221
18	refreflie	0.00001221
18	fife	0.00001221
18	folidum	0.00001221
18	luffocate	0.00001221
18	fecretion	0.00001221
18	fubflrance	0.00001221
18	odorem virofum	0.00001221
18	tetid	0.00001221
18	savours	0.00001221
18	pluffy	0.00001221
18	membrance	0.00001221
18	fetifible	0.00001221
18	inflrance	0.00001221
18	fecur	0.00001221
18	phofphoric	0.00001221
18	fufe	0.00001221
18	snot	0.00001221
18	butyraceous	0.00001221
18	confutuent	0.00001221
18	effedfual	0.00001221
18	afum	0.00001221
18	cauffic	0.00001221
18	l e w r	0.00001221
18	c p r e - r e e	0.00001221
18	l e e	0.00001221
18	p g n e l	0.00001221
18	e e - w e r	0.00001221
18	zfetid	0.00001221
18	perfume aromatic	0.00001221
18	infufiqn	0.00001221
18	fufpenfum	0.00001221
18	perfuforum	0.00001221
18	extravafe	0.00001221
18	p p r	0.00001221
18	fuceulent	0.00001221
18	eruginous	0.00001221
18	itch	0.00001221
18	fetid ichorous	0.00001221
18	perfedly	0.00001221
18	fetid ulcer	0.00001221
18	corticofum	0.00001221
18	tortuofum	0.00001221
18	ftinking	0.00001221
18	smellâ	0.00001221
18	h e n - b n e	0.00001221
18	e r - w r	0.00001221
18	odorous fragrant	0.00001221
18	effeâ	0.00001221
18	irifufion	0.00001221
18	ptifan	0.00001221
18	mifery	0.00001221
18	thebalfamick	0.00001221
18	h u	0.00001221
18	nious	0.00001221
18	indifpofe	0.00001221
18	eflu	0.00001221
18	famomiky	0.00001221
18	fpihtucus	0.00001221
18	fiflure	0.00001221
18	antidotal	0.00001221
18	ptive	0.00001221
18	fetid stink	0.00001221
18	effecls	0.00001221
18	fultry	0.00001221
18	afafaetida	0.00001221
18	fenfibly	0.00001221
18	vrithfetid	0.00001221
18	b e k e r	0.00001221
18	refmous	0.00001221
18	penetiate	0.00001221
18	undtuous	0.00001221
18	n c h u	0.00001221
18	r e r k	0.00001221
18	c h p e r	0.00001221
18	ferrugineous	0.00001221
18	allume	0.00001221
18	fungofum	0.00001221
18	perfumerâ	0.00001221
18	fweetnef	0.00001221
18	n r r v	0.00001221
18	h e r p c r	0.00001221
18	odorifque	0.00001221
18	uvia	0.00001221
18	pvofufe	0.00001221
18	granulofum	0.00001221
18	aromaticas	0.00001221
18	ftain	0.00001221
18	halfamical	0.00001221
18	wholefome perfume	0.00001221
18	aromatic fragrancy	0.00001221
18	fcous	0.00001221
18	eonfume	0.00001221
18	deliccative	0.00001221
18	afmell	0.00001221
18	aetite	0.00001221
18	perfuafum	0.00001221
18	aromatifation	0.00001221
18	efiential	0.00001221
18	spiritnofum	0.00001221
18	fir	0.00001221
18	defolate	0.00001221
18	fqetid	0.00001221
18	juice	0.00001221
18	thedool	0.00001221
18	odorabiâ	0.00001221
18	infufioii	0.00001221
18	infus '	0.00001221
18	hoary	0.00001221
18	fadidous	0.00001221
18	factitious	0.00001221
18	perfume mufk	0.00001221
18	aromaticy	0.00001221
18	r h n e	0.00001221
18	muifum	0.00001221
18	fainter	0.00001221
18	olfadtory nerve	0.00001221
18	g l b n u	0.00001221
18	p e c e	0.00001221
18	r l	0.00001221
18	g u c u	0.00001221
18	r p e	0.00001221
18	antifpfamodic	0.00001221
18	ffirub	0.00001221
18	fpeak	0.00001221
18	aromaiic	0.00001221
18	effeblual	0.00001221
18	infummer	0.00001221
18	pus	0.00001221
18	fwallowe	0.00001221
18	effcdls	0.00001221
18	p u	0.00001221
18	odorifefous	0.00001221
18	antifpafmodicfetid	0.00001221
18	dephlogifticate	0.00001221
18	offtinke	0.00001221
18	frejh	0.00001221
18	aromatic quality	0.00001221
18	fpirkuous	0.00001221
18	cortlcofum	0.00001221
18	f h e	0.00001221
18	lafte	0.00001221
18	fuccour	0.00001221
18	eonfufe	0.00001221
18	oderiferous	0.00001221
18	efflux	0.00001221
18	infede	0.00001221
18	adfperfum	0.00001221
18	injufum	0.00001221
18	arenulofum	0.00001221
18	poignant	0.00001221
18	aromatique	0.00001221
18	feetid	0.00001221
18	fetid spits	0.00001221
18	spit	0.00001221
18	gelatinofum	0.00001221
18	fetius	0.00001221
18	pltafure	0.00001221
18	w e e e l	0.00001221
18	n n	0.00001221
18	mofuma	0.00001221
18	profluvia	0.00001221
18	poursy	0.00001221
18	itrid	0.00001221
18	infufiort	0.00001221
18	confufign	0.00001221
18	caliginous	0.00001221
18	ffeam	0.00001221
18	orfeptic	0.00001221
18	fetid subftance	0.00001221
18	aromaic	0.00001221
18	fcptic	0.00001221
18	rdinous	0.00001221
18	aqueous infufion	0.00001221
18	infution	0.00001221
18	fragyant	0.00001221
18	candy	0.00001221
18	effentlal	0.00001221
18	z n c u	0.00001221
18	olfabtory	0.00001221
18	profumo	0.00001221
18	horrid	0.00001221
18	tang	0.00001221
18	fometiine	0.00001221
18	h p	0.00001221
18	cancrofum confumatur	0.00001221
18	foulnefie	0.00001221
18	almod	0.00001221
18	affual	0.00001221
18	b e r u l	0.00001221
18	feline	0.00001221
18	infe	0.00001221
18	vilcous	0.00001221
18	l u	0.00001221
18	l e p u	0.00001221
18	p p n	0.00001221
18	fiagrance	0.00001221
18	difcous	0.00001221
18	fupenour	0.00001221
18	fmelli	0.00001221
18	ation	0.00001221
18	ferene	0.00001221
18	odorifera	0.00001221
18	refjreffie	0.00001221
18	effcror	0.00001221
18	foultry	0.00001221
18	odorous subftance	0.00001221
18	infperfum	0.00001221
18	offmelle	0.00001221
18	tfugar	0.00001221
18	ferofum	0.00001221
18	infufrcient	0.00001221
18	aduofum	0.00001221
18	profufe fetid	0.00001221
18	tranflucid	0.00001221
18	vifcofum	0.00001221
18	oftenfum	0.00001221
18	infufron	0.00001221
18	nntluous	0.00001221
18	faece	0.00001221
18	florid frothy	0.00001221
18	odoriterous	0.00001221
18	infuperable	0.00001221
18	fetid odure	0.00001221
18	pallid	0.00001221
18	vifcidity	0.00001221
18	effusâ	0.00001221
18	aromatic herb	0.00001221
18	infum	0.00001221
18	ffudy	0.00001221
18	parfument	0.00001221
18	b l	0.00001221
18	olurflcinbfuman	0.00001221
18	rofinous	0.00001221
18	glutinous	0.00001221
18	dorous	0.00001221
18	ymelt	0.00001221
18	snuffy	0.00001221
18	confumotion	0.00001221
18	infufeb	0.00001221
18	tranfmute	0.00001221
18	confeflu	0.00001221
18	dulcour	0.00001221
18	proflet	0.00001221
18	feefoetid	0.00001221
18	ginofum	0.00001221
18	fnucilaginofum	0.00001221
18	infafum	0.00001221
18	convulflve	0.00001221
18	fordid	0.00001221
18	stick	0.00001221
18	splendor	0.00001221
18	fuftitious	0.00001221
18	ftrongly	0.00001221
18	odoriferous emanation	0.00001221
18	overpower	0.00001221
18	difpofe	0.00001221
18	diffolvâ	0.00001221
18	nuciferous	0.00001221
18	indifcriminate	0.00001221
18	g g r e	0.00001221
18	l n	0.00001221
18	fubfaline	0.00001221
18	odorous refiniferous	0.00001221
18	refiniferous	0.00001221
18	aflual	0.00001221
18	un6luous	0.00001221
18	ftridlure	0.00001221
18	fuperior	0.00001221
18	tagnate	0.00001221
18	infeflion	0.00001221
18	n c u r	0.00001221
18	fuftâ	0.00001221
18	frigorific	0.00001221
18	nfufion	0.00001221
18	odoratur	0.00001221
18	pfudo	0.00001221
18	senfe	0.00001221
18	infeff	0.00001221
18	tlufe	0.00001221
18	e e	0.00001221
18	fifuper	0.00001221
18	ticofum	0.00001221
18	decayâ	0.00001221
18	drofly	0.00001221
18	infamis	0.00001221
18	ietid	0.00001221
18	periculofum	0.00001221
18	effeflual	0.00001221
18	fetidum	0.00001221
18	smelh	0.00001221
18	infedious	0.00001221
18	rcfinous	0.00001221
18	annofum	0.00001221
18	odoribus	0.00001221
18	france	0.00001221
18	alkalefcent	0.00001221
18	antifebiile	0.00001221
18	feminal	0.00001221
18	aromatic fcent	0.00001221
18	peftiferious	0.00001221
18	ffime	0.00001221
18	brackifll	0.00001221
18	occult vapour	0.00001221
18	r g u	0.00001221
18	perfufu	0.00001221
18	fetid urinous	0.00001221
18	fucha	0.00001221
18	fcromatick	0.00001221
18	aforefaid	0.00001221
18	thesmell	0.00001221
18	itious	0.00001221
18	drofify	0.00001221
18	fodorifick	0.00001221
18	ftyptick	0.00001221
18	perfume -	0.00001221
18	charge	0.00001221
18	parfumi	0.00001221
18	iiltmelle	0.00001221
18	f e v e r	0.00001221
18	cetid	0.00001221
18	iromatic	0.00001221
18	fmell exhale	0.00001221
18	noxious exhalaâ	0.00001221
18	fric -	0.00001221
18	odorz	0.00001221
18	alkalious	0.00001221
18	eyacuation	0.00001221
18	gous	0.00001221
18	odorous fetid	0.00001221
18	albuminous	0.00001221
18	fragrant flavour	0.00001221
18	odoratd	0.00001221
18	cufromary	0.00001221
18	affeâ	0.00001221
18	odorent	0.00001221
18	p e e	0.00001221
18	p l g u e	0.00001221
18	efience	0.00001221
18	noxious breath	0.00001221
18	ver	0.00001221
18	prcfumable	0.00001221
18	lading	0.00001221
18	noxious ferment	0.00001221
18	n r u c	0.00001221
18	perfudit	0.00001221
18	tlmfame	0.00001221
18	infedion	0.00001221
18	biliofum	0.00001221
18	diffurbance	0.00001221
18	umbelliferous	0.00001221
18	rurfumin	0.00001221
18	ffink	0.00001221
18	rfume	0.00001221
18	fuafum	0.00001221
18	agreeable	0.00001221
18	l e u	0.00001221
18	flmell	0.00001221
18	effetual	0.00001221
18	afeful	0.00001221
18	fmellirig	0.00001221
18	thefulphur	0.00001221
18	styptick	0.00001221
18	unfeetid	0.00001221
18	infect	0.00001221
18	ufefuj	0.00001221
18	fe	0.00001221
18	emollient	0.00001221
18	compofition	0.00001221
18	fublunary	0.00001221
18	infufi	0.00001221
18	humid	0.00001221
18	fmelting	0.00001221
18	unconfumed	0.00001221
18	lloughy	0.00001221
18	droffy	0.00001221
18	perforate	0.00001221
18	fpiiituous	0.00001221
18	rciinous	0.00001221
18	w e	0.00001221
18	diflenfum	0.00001221
18	fetif	0.00001221
18	transfufum	0.00001221
18	b	0.00001221
18	confumcd	0.00001221
18	nitrofus	0.00001221
18	dofum	0.00001221
18	aphis	0.00001221
18	fluous	0.00001221
18	odoriferus	0.00001221
18	odoriferous fpice	0.00001221
18	nate	0.00001221
18	fecms	0.00001221
18	obfufeate	0.00001221
18	fetim	0.00001221
18	fetid gum	0.00001221
18	ferofitie	0.00001221
18	aromatic fubftance	0.00001221
18	verrninous	0.00001221
18	infufuin	0.00001221
18	enclofure	0.00001221
18	exhalent	0.00001221
18	dlftind	0.00001221
18	antifep	0.00001221
18	caâ	0.00001221
18	odorifero	0.00001221
18	fpiritous	0.00001221
18	circumambient	0.00001221
18	deprave	0.00001221
18	fugacious	0.00001221
18	foporifick	0.00001221
18	calamus	0.00001221
18	effmid	0.00001221
18	infufible	0.00001221
18	ffupendous	0.00001221
18	antidota	0.00001221
18	foul polluted	0.00001221
18	pollute	0.00001221
18	balfamical	0.00001221
18	rorid	0.00001221
18	confumi	0.00001221
18	infufmg	0.00001221
18	produdls	0.00001221
18	muiky	0.00001221
18	ffem	0.00001221
18	alafetid	0.00001221
18	elichryfum	0.00001221
18	aromatic fragrant	0.00001221
18	refreshing	0.00001221
18	odorath	0.00001221
18	fabid	0.00001221
18	cajfuma	0.00001221
18	aromar	0.00001221
18	indole	0.00001221
18	putrid vapor	0.00001221
18	fhrub	0.00001221
18	aqrid	0.00001221
18	rable	0.00001221
18	ruginous	0.00001221
18	antiputrefeent	0.00001221
18	infufiori	0.00001221
18	withfulphur	0.00001221
18	jtinking	0.00001221
18	nauleous	0.00001221
18	nolfome	0.00001221
18	eafy	0.00001221
18	dejection	0.00001221
18	reverfe	0.00001221
18	cryftallife	0.00001221
18	fcitamineous	0.00001221
18	infufum fpirituofum	0.00001221
18	difperfum	0.00001221
18	fudorific	0.00001221
18	aromaticâ	0.00001221
18	putrefactive	0.00001221
18	fctid	0.00001221
18	lufhious	0.00001221
18	dilfecence	0.00001221
18	faffum	0.00001221
18	fpring	0.00001221
18	faline	0.00001221
18	u e v e n e r e	0.00001221
18	floriferous	0.00001221
18	raviffie	0.00001221
18	flagrant	0.00001221
18	vitriolic	0.00001221
18	bitumiâ	0.00001221
18	exercife	0.00001221
18	impetiginous	0.00001221
18	odorirerous	0.00001221
18	fcoure	0.00001221
18	perfediffimum	0.00001221
18	palfum	0.00001221
18	pekilential	0.00001221
18	cofum	0.00001221
18	treatife	0.00001221
18	fmell -	0.00001221
18	religiofum	0.00001221
18	perfumarla	0.00001221
18	fetid alkaline	0.00001221
18	inodorus	0.00001221
18	garlicky	0.00001221
18	pappy	0.00001221
18	fmothering	0.00001221
18	p p ra u	0.00001221
18	greafy	0.00001221
18	ffande	0.00001221
18	perfeft	0.00001221
18	effcdoal	0.00001221
18	excretion	0.00001221
18	frefii	0.00001221
18	effehi	0.00001221
18	odotiferous	0.00001221
18	didilie	0.00001221
18	fulible	0.00001221
18	fpicc	0.00001221
18	confumptive	0.00001221
18	flupendous	0.00001221
18	infufa	0.00001221
18	perfedb	0.00001221
18	caufe	0.00001221
18	lleam	0.00001221
18	ocorous	0.00001221
18	flance	0.00001221
18	lifufum	0.00001221
18	odorg	0.00001221
18	tagious	0.00001221
18	fungy	0.00001221
18	fubaromaticus	0.00001221
18	increasâ	0.00001221
18	ef	0.00001221
18	n g r e n e	0.00001221
18	loetid	0.00001221
18	fagrant	0.00001221
18	fetidae	0.00001221
18	brifker	0.00001221
18	contufum	0.00001221
18	arcnofum	0.00001221
18	offweet	0.00001221
18	aromaric	0.00001221
18	odoc	0.00001221
18	prefumere	0.00001221
18	fudorifick	0.00001221
18	schaenophrafum	0.00001221
18	filiquofum	0.00001221
18	infufb	0.00001221
18	tredinous	0.00001221
18	falutiferous	0.00001221
18	infetifible	0.00001221
18	e e l	0.00001221
18	odoriffirous	0.00001221
18	thefearefuc	0.00001221
18	ffurp	0.00001221
18	fweettmelle	0.00001221
18	giutinous	0.00001221
18	infettious	0.00001221
18	infumo	0.00001221
18	fylphur	0.00001221
18	fetidus	0.00001221
18	pweet	0.00001221
18	infufid	0.00001221
18	fubfequent	0.00001221
18	faditious	0.00001221
18	noifeme	0.00001221
18	fpiniferous	0.00001221
18	fragrant fhade	0.00000611
18	perfume exhale	0.00000611
18	fragrant sweet	0.00000611
18	e e r g e	0.00000611
18	perfumes perfumes	0.00000611
18	fragrance breath '	0.00000611
18	trill	0.00000611
18	charm	0.00000611
18	difclofure	0.00000611
18	afimelle	0.00000611
18	afimelling	0.00000611
18	r g u e n	0.00000611
18	anxious	0.00000611
18	n c r e	0.00000611
18	e l n c h l	0.00000611
18	odour fmelt	0.00000611
18	- scent	0.00000611
18	f z g	0.00000611
18	stink vapor	0.00000611
18	sauour	0.00000611
18	mustek	0.00000611
18	fume snuff '	0.00000611
18	r ' j e n	0.00000611
18	c n	0.00000611
18	stank '	0.00000611
18	p r e u	0.00000611
18	taint breath	0.00000611
18	stink mack	0.00000611
18	mack	0.00000611
18	whiff exhale	0.00000611
18	fragrance scent	0.00000611
18	l l p e	0.00000611
18	odoriferous essential	0.00000611
18	sweet perfume	0.00000611
18	n g l e	0.00000611
18	theyperfum '	0.00000611
18	perfu '	0.00000611
18	fweetne	0.00000611
18	aromatic breathe	0.00000611
18	revive	0.00000611
18	reviving	0.00000611
18	perfurrie	0.00000611
18	fragrance inhale	0.00000611
18	reek reek	0.00000611
18	l u c h	0.00000611
18	u e r	0.00000611
18	smell hue	0.00000611
18	persum	0.00000611
18	fragrance smell	0.00000611
18	f w n	0.00000611
18	whift	0.00000611
18	perch	0.00000611
18	andfum '	0.00000611
18	c l n e	0.00000611
18	purfume	0.00000611
18	fragrant incense	0.00000611
18	fliriek	0.00000611
18	lmoake	0.00000611
18	foul blush	0.00000611
18	fragrant phyfick	0.00000611
18	fervour	0.00000611
18	k e n e	0.00000611
18	scent persum '	0.00000611
18	u r g n	0.00000611
18	odor - breathe	0.00000611
18	stink -	0.00000611
18	sweeten	0.00000611
18	snore	0.00000611
18	fragrant fweet	0.00000611
18	u l e	0.00000611
18	e e c	0.00000611
18	j u l u c e r	0.00000611
18	fetid leek	0.00000611
18	embofom	0.00000611
18	pleafe	0.00000611
18	l l e g r e	0.00000611
18	p h l l	0.00000611
18	p e ' e n	0.00000611
18	foul ftink	0.00000611
18	r e f c e	0.00000611
18	dish	0.00000611
18	persum '	0.00000611
18	fragraney	0.00000611
18	smeek	0.00000611
18	fete	0.00000611
18	l l f r	0.00000611
18	hum	0.00000611
18	cdour	0.00000611
18	e p * l g u e	0.00000611
18	prefume prefume	0.00000611
18	ftreek	0.00000611
18	breath '	0.00000611
18	fabulofum fabulofum	0.00000611
18	olio	0.00000611
18	mufic	0.00000611
18	u r e l	0.00000611
18	w n n c l r n	0.00000611
18	fragrance fragrance	0.00000611
18	f p p h	0.00000611
18	odour odour	0.00000611
18	u e n	0.00000611
18	h e r v	0.00000611
18	h e h e r	0.00000611
18	shriek	0.00000611
18	sound	0.00000611
18	perfumes scent	0.00000611
18	odorif	0.00000611
18	scent inhale	0.00000611
18	p r r w	0.00000611
18	scuff	0.00000611
18	n - l u c r e u	0.00000611
18	contagion	0.00000611
18	n e l	0.00000611
18	refresh	0.00000611
18	j e b r h	0.00000611
18	e r l	0.00000611
18	fragrant dew	0.00000611
18	dew	0.00000611
18	frifke	0.00000611
18	reek fume	0.00000611
18	fmutty	0.00000611
18	drefle	0.00000611
18	l f r	0.00000611
18	fragrant fragrant	0.00000611
18	reaffum	0.00000611
18	promifcuous	0.00000611
18	allure	0.00000611
18	alluring	0.00000611
18	fnuff '	0.00000611
18	unfum	0.00000611
18	odorous soade	0.00000611
18	scud	0.00000611
18	squeek	0.00000611
18	hamelle	0.00000611
18	e r r	0.00000611
18	nostril snuff	0.00000611
18	dore	0.00000611
18	fragrant fmoke	0.00000611
18	venom	0.00000611
18	b u c h n	0.00000611
18	officious	0.00000611
18	fnuffs	0.00000611
18	odorous breathe	0.00000611
18	unfum '	0.00000611
18	smell '	0.00000611
18	e n z	0.00000611
18	toil	0.00000611
18	footdool	0.00000611
18	snort	0.00000611
18	spic '	0.00000611
18	breath perfum '	0.00000611
18	stink '	0.00000611
18	r e c	0.00000611
18	p rt e u	0.00000611
18	smoake	0.00000611
18	r n g	0.00000611
18	sunk	0.00000611
18	strow '	0.00000611
18	aromatic joy	0.00000611
18	l r	0.00000611
18	perfume breathe	0.00000611
18	whisper	0.00000611
18	g h n	0.00000611
18	fumette	0.00000611
18	disea	0.00000611
18	aromatic fcene	0.00000611
18	n n e r	0.00000611
18	fhe	0.00000611
18	e n e	0.00000611
18	disoonour	0.00000611
18	fragrant bofom	0.00000611
18	bofom	0.00000611
18	c e n e	0.00000611
18	fragrant fcene	0.00000611
18	fragrant wgod	0.00000611
18	b v h e e	0.00000611
18	h e r n	0.00000611
18	perfume compos	0.00000611
18	e c v	0.00000611
18	foul mift	0.00000611
18	foul reek	0.00000611
18	correfepondence	0.00000611
18	breath inhale	0.00000611
18	h e b e e	0.00000611
18	h e l	0.00000611
18	wreath	0.00000611
18	k n g j h	0.00000611
18	peifume	0.00000611
18	ftiriek	0.00000611
18	plendour	0.00000611
18	whififler	0.00000611
18	stinkest	0.00000611
18	send	0.00000611
18	stink vapour	0.00000611
18	viour	0.00000611
18	acidliquor	0.00000611
18	noxioussmell	0.00000611
18	scentsas	0.00000611
18	stincke	0.00000611
18	stincking	0.00000611
18	presum	0.00000611
18	goodsmell	0.00000611
18	sleek	0.00000611
18	aromatick vapour	0.00000611
18	asmell	0.00000611
18	offending	0.00000611
18	lovely	0.00000611
18	touch	0.00000611
18	perfumeit	0.00000611
18	toperfume	0.00000611
18	smell stink	0.00000611
18	theeffluvium	0.00000611
18	errour	0.00000611
18	polluted	0.00000611
18	glistre	0.00000611
18	spread	0.00000611
18	odorous fume	0.00000611
18	diff	0.00000611
18	errhine	0.00000611
18	fragrant essential	0.00000611
18	waft perfume	0.00000611
18	odouri	0.00000611
18	g e n e r l	0.00000611
18	r v e n	0.00000611
18	fetor oritur	0.00000611
18	odor reflatur	0.00000611
18	odor fragrant	0.00000611
18	f u r	0.00000611
18	gue	0.00000611
18	drong infudon	0.00000611
18	p l p l u	0.00000611
18	pbjedts	0.00000611
18	p v	0.00000611
18	- g e	0.00000611
18	thirfly	0.00000611
18	fiflula	0.00000611
18	noxious fetor	0.00000611
18	licour	0.00000611
18	fmellan	0.00000611
18	amines	0.00000611
18	fubglobofum	0.00000611
18	aromatic effence	0.00000611
18	odoriferous eflence	0.00000611
18	affede	0.00000611
18	fuifocate	0.00000611
18	fuifocating	0.00000611
18	loetor	0.00000611
18	pleafufe	0.00000611
18	lcent	0.00000611
18	n e r u	0.00000611
18	fweet aromatic	0.00000611
18	flmelt	0.00000611
18	confufe turbid	0.00000611
18	mfufum	0.00000611
18	rituofum	0.00000611
18	obcufum	0.00000611
18	depreffe	0.00000611
18	c r e l	0.00000611
18	odoriferous fcent	0.00000611
18	imellin	0.00000611
18	quour	0.00000611
18	w e n e f r e e	0.00000611
18	fpecifick	0.00000611
18	aromatick perfumes	0.00000611
18	infuficn	0.00000611
18	mfufi -	0.00000611
18	oblfinate	0.00000611
18	fetid fmell	0.00000611
18	g l w	0.00000611
18	q r r	0.00000611
18	n u r	0.00000611
18	u v e n e r	0.00000611
18	n v e e	0.00000611
18	oolour	0.00000611
18	u p f e r z e l l	0.00000611
18	contufed	0.00000611
18	fkull	0.00000611
18	fuppofe tranfudation	0.00000611
18	os	0.00000611
18	fulphurous	0.00000611
18	n c c u l	0.00000611
18	fniff	0.00000611
18	` ` ` ` '' ` ` '' '' '' u v g e '' '' ''	0.00000611
18	g e u	0.00000611
18	tfulphurofum	0.00000611
18	infmell	0.00000611
18	foul refulting	0.00000611
18	c n r , r c h	0.00000611
18	l l c	0.00000611
18	fyflem	0.00000611
18	h e r b f oe	0.00000611
18	odoro -	0.00000611
18	c b e r	0.00000611
18	felect	0.00000611
18	c k r u	0.00000611
18	r c c c e	0.00000611
18	dedroye	0.00000611
18	odoyr	0.00000611
18	sus	0.00000611
18	redfum	0.00000611
18	vagrancy	0.00000611
18	fnulf	0.00000611
18	smell iffue	0.00000611
18	fweetfmelle	0.00000611
18	r c u	0.00000611
18	c r l g	0.00000611
18	c u c k w - p n	0.00000611
18	c k l v e r	0.00000611
18	invifum	0.00000611
18	fenfuality	0.00000611
18	eflfence	0.00000611
18	perfume perfon	0.00000611
18	unhverfum	0.00000611
18	confufum	0.00000611
18	scacrefpirituofum	0.00000611
18	infufis	0.00000611
18	inflainmable	0.00000611
18	hpour	0.00000611
18	accenfum odore	0.00000611
18	tnfufum	0.00000611
18	odiofum	0.00000611
18	odiofum odorem	0.00000611
18	nofus	0.00000611
18	falfuginofu	0.00000611
18	z b e h u	0.00000611
18	whiflc	0.00000611
18	whif	0.00000611
18	aromatlcs	0.00000611
18	alitus	0.00000611
18	putrid fume	0.00000611
18	thirll	0.00000611
18	infufibility	0.00000611
18	luminous effefis	0.00000611
18	2futor	0.00000611
18	diluvia	0.00000611
18	aflfume	0.00000611
18	e r r r e	0.00000611
18	clufum	0.00000611
18	u p n	0.00000611
18	fufâ	0.00000611
18	nel	0.00000611
18	confumtd	0.00000611
18	infufionof aromatic	0.00000611
18	digede	0.00000611
18	ofperfume	0.00000611
18	foulneis	0.00000611
18	fracrancy	0.00000611
18	blolfom	0.00000611
18	ttink	0.00000611
18	effitivia	0.00000611
18	effufe	0.00000611
18	infuffng	0.00000611
18	fetid spit	0.00000611
18	aromati	0.00000611
18	nauseous aromatic	0.00000611
18	eadem	0.00000611
18	h e u	0.00000611
18	b e r v f	0.00000611
18	b e r v	0.00000611
18	fmell juft	0.00000611
18	b e r v e	0.00000611
18	n r u n n	0.00000611
18	atrabilious	0.00000611
18	fetid hyflerics	0.00000611
18	hyfleric	0.00000611
18	fetid phlegm	0.00000611
18	vadid	0.00000611
18	putrid effuvium	0.00000611
18	vittue	0.00000611
18	effiuvium	0.00000611
18	odour fmell	0.00000611
18	fragrant thyme	0.00000611
18	eharge	0.00000611
18	infetfe	0.00000611
18	ejffluvia	0.00000611
18	fpeech	0.00000611
18	fkuffe	0.00000611
18	odort	0.00000611
18	fierfume	0.00000611
18	fetid pod	0.00000611
18	pod	0.00000611
18	aromacical	0.00000611
18	aromacical heib	0.00000611
18	dilfipate	0.00000611
18	fmellto	0.00000611
18	k n b b	0.00000611
18	c u	0.00000611
18	tranf	0.00000611
18	aromatic firong	0.00000611
18	aromatic fhade	0.00000611
18	breath diflufe	0.00000611
18	profufeft	0.00000611
18	q u r	0.00000611
18	g g u e	0.00000611
18	smell dif	0.00000611
18	oleaginous	0.00000611
18	vsmell	0.00000611
18	fetid smeln	0.00000611
18	flekens	0.00000611
18	fleken	0.00000611
18	fetid vapid	0.00000611
18	foul fcdiment	0.00000611
18	fcdiment	0.00000611
18	n g u	0.00000611
18	flrongfmell	0.00000611
18	p h r b	0.00000611
18	occlufum	0.00000611
18	nfum	0.00000611
18	c r b u u	0.00000611
18	perfuma	0.00000611
18	h 0 p	0.00000611
18	poifonous noxious	0.00000611
18	noxious efruvia	0.00000611
18	fmell odoriferous	0.00000611
18	aromatic ilavour	0.00000611
18	l u l p	0.00000611
18	infuper urinam	0.00000611
18	diffilfum	0.00000611
18	ifmell	0.00000611
18	tonfume	0.00000611
18	odorem urinofum	0.00000611
18	thefmellof	0.00000611
18	freffl	0.00000611
18	tragrance	0.00000611
18	humidity	0.00000611
18	fmut	0.00000611
18	reek fecure	0.00000611
18	r n e e n	0.00000611
18	aromatic confe	0.00000611
18	fucb	0.00000611
18	diforder	0.00000611
18	infuftng	0.00000611
18	fluvium	0.00000611
18	f e f e e l	0.00000611
18	ftrongfmell	0.00000611
18	fmellef	0.00000611
18	calamint	0.00000611
18	fetid purulent	0.00000611
18	friâ	0.00000611
18	u c ii e c r	0.00000611
18	nauseate	0.00000611
18	nauseating	0.00000611
18	pallor	0.00000611
18	g p p	0.00000611
18	polypufe	0.00000611
18	putfifye	0.00000611
18	ttiiiiour	0.00000611
18	foetid fume	0.00000611
18	fhivere	0.00000611
18	tue	0.00000611
18	odoriferous flavour	0.00000611
18	diffufus	0.00000611
18	b e l b	0.00000611
18	' r u n c u l	0.00000611
18	z u k e r	0.00000611
18	b e c c b u n g	0.00000611
18	c r u l l u	0.00000611
18	h e l q u	0.00000611
18	g r u l r	0.00000611
18	l l e	0.00000611
18	c p c u	0.00000611
18	r l e	0.00000611
18	c l e n p u l	0.00000611
18	h c l	0.00000611
18	fweet fmelle aromatic	0.00000611
18	stink canker	0.00000611
18	canker	0.00000611
18	smelteth	0.00000611
18	tiom	0.00000611
18	fmile	0.00000611
18	obnoxious effluvia	0.00000611
18	fweetfmell	0.00000611
18	likefmell	0.00000611
18	aromatic davour	0.00000611
18	crifpum	0.00000611
18	putrid fabftance	0.00000611
18	c u r f	0.00000611
18	ownillfmell	0.00000611
18	thefub	0.00000611
18	g l e n	0.00000611
18	oleofam	0.00000611
18	utiiverfum	0.00000611
18	tiok	0.00000611
18	b e l l	0.00000611
18	putrid air	0.00000611
18	efflft	0.00000611
18	u r k e	0.00000611
18	offenfivefmell	0.00000611
18	putrifie	0.00000611
18	effecl	0.00000611
18	odoratus	0.00000611
18	e n f n	0.00000611
18	hurtfuf	0.00000611
18	aromatic avour	0.00000611
18	refolu	0.00000611
18	c e r b	0.00000611
18	c h u	0.00000611
18	c e r v u	0.00000611
18	perfiffe	0.00000611
18	profufe difeharge	0.00000611
18	fummitate	0.00000611
18	r b e r	0.00000611
18	fcctor	0.00000611
18	r n l l	0.00000611
18	n f e c n e	0.00000611
18	vifciditie	0.00000611
18	andfmell	0.00000611
18	thoufand noxious	0.00000611
18	easâ	0.00000611
18	g	0.00000611
18	defedate	0.00000611
18	u c	0.00000611
18	b e	0.00000611
18	r f c	0.00000611
18	yigour	0.00000611
18	refilter	0.00000611
18	fmelle savour	0.00000611
18	e n e l	0.00000611
18	narcotic	0.00000611
18	smolt	0.00000611
18	l p	0.00000611
18	l l e c e b r	0.00000611
18	n p e r u	0.00000611
18	n r u	0.00000611
18	r p h n u	0.00000611
18	tinflure	0.00000611
18	menftfuum	0.00000611
18	r l u	0.00000611
18	c u r n	0.00000611
18	gravia	0.00000611
18	olfablory	0.00000611
18	g u - h e r b	0.00000611
18	rootfmelleth	0.00000611
18	f e e	0.00000611
18	manfum	0.00000611
18	fubifance	0.00000611
18	odorer	0.00000611
18	foul fmeli	0.00000611
18	intermixâ	0.00000611
18	odoy	0.00000611
18	pluviofum	0.00000611
18	odor fenfum	0.00000611
18	flronglyperfume	0.00000611
18	fale	0.00000611
18	unwholefome	0.00000611
18	parcel	0.00000611
18	aifedfe	0.00000611
18	effecis	0.00000611
18	hypocauifum	0.00000611
18	fubirance	0.00000611
18	flufhing	0.00000611
18	r n r ' n g n	0.00000611
18	tade	0.00000611
18	fetid humour	0.00000611
18	humour	0.00000611
18	fetors	0.00000611
18	fmell feme	0.00000611
18	c h e r l e r	0.00000611
18	aromatise	0.00000611
18	tint	0.00000611
18	naufeofus odor	0.00000611
18	fragtan	0.00000611
18	thatfmell	0.00000611
18	aromatic tindlure	0.00000611
18	fragâ	0.00000611
18	e r c e r	0.00000611
18	fifuate	0.00000611
18	n g e n e r l	0.00000611
18	smell mucus	0.00000611
18	smelli	0.00000611
18	b l - r e	0.00000611
18	h e r f e	0.00000611
18	h r h u n	0.00000611
18	odoratos	0.00000611
18	noxious eifluvia	0.00000611
18	e l e n g e	0.00000611
18	g n g r e n e	0.00000611
18	lofes	0.00000611
18	foul ftinking	0.00000611
18	griping	0.00000611
18	odoreth	0.00000611
18	noxious vapor	0.00000611
18	odorabi	0.00000611
18	fnatchâ	0.00000611
18	ovum	0.00000611
18	r n e l	0.00000611
18	n h r e	0.00000611
18	breath fmelle	0.00000611
18	c h e l	0.00000611
18	fetid vifcous	0.00000611
18	smelkd	0.00000611
18	odoril	0.00000611
18	expel	0.00000611
18	diank	0.00000611
18	smelleth	0.00000611
18	iieitfur	0.00000611
18	perfevcrance	0.00000611
18	fkink	0.00000611
18	arink	0.00000611
18	odor arofe	0.00000611
18	coftfume	0.00000611
18	abfum	0.00000611
18	aromatic fnrell	0.00000611
18	fififure	0.00000611
18	differingsmell	0.00000611
18	riculofum	0.00000611
18	c l	0.00000611
18	decodle	0.00000611
18	vinous infufion	0.00000611
18	refmofum	0.00000611
18	balfum	0.00000611
18	e k	0.00000611
18	fmeffe	0.00000611
18	fmelfof	0.00000611
18	fmellcd	0.00000611
18	hepatife	0.00000611
18	femellas	0.00000611
18	femella	0.00000611
18	aromatic fiavour	0.00000611
18	fweet refin	0.00000611
18	afa	0.00000611
18	confumption	0.00000611
18	foulâ	0.00000611
18	unconfume	0.00000611
18	aromatice	0.00000611
18	foulnefle	0.00000611
18	v e r 0 n c	0.00000611
18	exfur	0.00000611
18	tomentofum	0.00000611
18	hydrophobia	0.00000611
18	e r k	0.00000611
18	outfide	0.00000611
18	e n b n e	0.00000611
18	p p l e e n	0.00000611
18	u r	0.00000611
18	b n u	0.00000611
18	fatigue	0.00000611
18	g p e n u	0.00000611
18	quality	0.00000611
18	afifume	0.00000611
18	0 r p u c	0.00000611
18	nuifance	0.00000611
18	fume aromatic	0.00000611
18	fretor	0.00000611
18	r e e	0.00000611
18	fnorte	0.00000611
18	u r e g n e	0.00000611
18	p h c	0.00000611
18	odoriferous fmel	0.00000611
18	fapid aromatic	0.00000611
18	defenfum	0.00000611
18	fmirk	0.00000611
18	e r p h	0.00000611
18	juft	0.00000611
18	p l u l	0.00000611
18	vaporbfum	0.00000611
18	fcetidsmell	0.00000611
18	hunnour	0.00000611
18	fetid diarrheas	0.00000611
18	diarrhea	0.00000611
18	freih	0.00000611
18	odoration	0.00000611
18	nef	0.00000611
18	r b e r ic h	0.00000611
18	infube	0.00000611
18	perfumes exhale	0.00000611
18	afiidance	0.00000611
18	unfuff	0.00000611
18	nafute	0.00000611
18	foully	0.00000611
18	odouf	0.00000611
18	odorifeâ	0.00000611
18	belide	0.00000611
18	meerstinz	0.00000611
18	fetid stool	0.00000611
18	perfufi -	0.00000611
18	fdool	0.00000611
18	aromatic eflence	0.00000611
18	effea	0.00000611
18	air perfume	0.00000611
18	b l e p r	0.00000611
18	fragrant fmell	0.00000611
18	ablefmell	0.00000611
18	afife	0.00000611
18	fmellr	0.00000611
18	p h r c c	0.00000611
18	jfmell	0.00000611
18	flrong perfumes	0.00000611
18	clamour	0.00000611
18	p v l	0.00000611
18	efficitur	0.00000611
18	tuberance	0.00000611
18	oink	0.00000611
18	oinking	0.00000611
18	orfume	0.00000611
18	fweet imelle	0.00000611
18	lixivium	0.00000611
18	fmell ftrong	0.00000611
18	n c e n e	0.00000611
18	c r p g	0.00000611
18	liour	0.00000611
18	tefufe	0.00000611
18	cleanfe	0.00000611
18	zteperdefcenfum	0.00000611
18	aromatic fcente	0.00000611
18	putrid ftink	0.00000611
18	infpififate	0.00000611
18	thejoake	0.00000611
18	c l u	0.00000611
18	g l n g l	0.00000611
18	l b u	0.00000611
18	h c e l u	0.00000611
18	c u r e	0.00000611
18	e n g	0.00000611
18	l e h	0.00000611
18	aromatic tafle	0.00000611
18	g l	0.00000611
18	e p f l	0.00000611
18	infufedfour	0.00000611
18	e w n e	0.00000611
18	f r c e	0.00000611
18	c u e f	0.00000611
18	f h e p u l	0.00000611
18	foul flough	0.00000611
18	flough	0.00000611
18	reaffume	0.00000611
18	sulfuris	0.00000611
18	aromatic fhould	0.00000611
18	ffmell	0.00000611
18	agglur	0.00000611
18	drance	0.00000611
18	odor infuavis	0.00000611
18	aromatic fraell	0.00000611
18	e f h e	0.00000611
18	cfflu	0.00000611
18	anyfmell	0.00000611
18	fetid diarrhoea	0.00000611
18	pertxfum	0.00000611
18	virofum odorem	0.00000611
18	odor picis	0.00000611
18	r h u	0.00000611
18	rant	0.00000611
18	fugare	0.00000611
18	putrid foetid	0.00000611
18	u v g e	0.00000611
18	ufes	0.00000611
18	foctor	0.00000611
18	dlfeafe	0.00000611
18	luccofum	0.00000611
18	tnofum	0.00000611
18	juofum	0.00000611
18	infufum squofum	0.00000611
18	jmelling perfume	0.00000611
18	aromatic iprrit	0.00000611
18	p e r f u e	0.00000611
18	e r k n k e	0.00000611
18	ihfufe	0.00000611
18	affedion	0.00000611
18	cataplafm	0.00000611
18	p e u c e n	0.00000611
18	otince	0.00000611
18	odor halitus	0.00000611
18	fuffocate w e e e	0.00000611
18	e e e l	0.00000611
18	fagacious	0.00000611
18	dilufe	0.00000611
18	effeh	0.00000611
18	difeovering	0.00000611
18	fhouâ	0.00000611
18	fetidâ	0.00000611
18	elapfum	0.00000611
18	prcfufe	0.00000611
18	diftreffe	0.00000611
18	afifure	0.00000611
18	aromatick perfume	0.00000611
18	fulculofum	0.00000611
18	poifon	0.00000611
18	ter	0.00000611
18	fweet savour	0.00000611
18	confiflence	0.00000611
18	fpedfator	0.00000611
18	p l v r c	0.00000611
18	aromatic cmell	0.00000611
18	approache8infmell	0.00000611
18	percolat	0.00000611
18	p u l v e r e	0.00000611
18	falad	0.00000611
18	fetiâ	0.00000611
18	fave	0.00000611
18	faving	0.00000611
18	aromatic ordure	0.00000611
18	ordure	0.00000611
18	fpiritucus	0.00000611
18	u r b	0.00000611
18	odoriseffluvia	0.00000611
18	r x	0.00000611
18	n e l l	0.00000611
18	c h e l l 1 n	0.00000611
18	fuccef	0.00000611
18	e e f h	0.00000611
18	v g r	0.00000611
18	e r r u	0.00000611
18	b e l	0.00000611
18	e r n	0.00000611
18	c c u	0.00000611
18	fmell arofe	0.00000611
18	rfmell	0.00000611
18	odoriferous fragrance	0.00000611
18	n c h v	0.00000611
18	aromatic fmeli	0.00000611
18	b r n	0.00000611
18	r p h l l	0.00000611
18	c e ru	0.00000611
18	e l n e	0.00000611
18	l e u h	0.00000611
18	f oe n u c r c u	0.00000611
18	g r e	0.00000611
18	p e ra r	0.00000611
18	odoriferous effential	0.00000611
18	l c h u	0.00000611
18	n r u n c	0.00000611
18	halitus	0.00000611
18	p n g u e	0.00000611
18	p r e r h r u	0.00000611
18	e r c u r n	0.00000611
18	r h b r	0.00000611
18	q c c ha r u	0.00000611
18	p n r	0.00000611
18	u r e	0.00000611
18	r g e n	0.00000611
18	smoking	0.00000611
18	infue	0.00000611
18	ofthefenfe	0.00000611
18	lurrounde	0.00000611
18	u e l l	0.00000611
18	odor foa	0.00000611
18	foa	0.00000611
18	n l b	0.00000611
18	odoriferous vapour	0.00000611
18	odor odour	0.00000611
18	fapore	0.00000611
18	scorodum	0.00000611
18	f g l e e	0.00000611
18	odorifâ	0.00000611
18	fragrant eflence	0.00000611
18	v r e e l	0.00000611
18	licious	0.00000611
18	lixiviofum	0.00000611
18	arbour	0.00000611
18	n u g u r l	0.00000611
18	foflula	0.00000611
18	bloflom	0.00000611
18	prefumâ	0.00000611
18	aromatiq	0.00000611
18	aromatic fetid	0.00000611
18	c h e	0.00000611
18	p n e	0.00000611
18	p g r	0.00000611
18	fubnaudofu	0.00000611
18	fetid ferous	0.00000611
18	fmell ufually	0.00000611
18	eflufe	0.00000611
18	virofus odor	0.00000611
18	e c r	0.00000611
18	e n g e l c	0.00000611
18	n l	0.00000611
18	e l l c n v l l u	0.00000611
18	vicinior	0.00000611
18	perfumaban	0.00000611
18	ritus	0.00000611
18	propitious	0.00000611
18	longtmelt	0.00000611
18	ilfue	0.00000611
18	g n f e c ^	0.00000611
18	perfume rofe	0.00000611
18	n f e c	0.00000611
18	preffure	0.00000611
18	odorous effluvium	0.00000611
18	fetid olcous	0.00000611
18	olcous	0.00000611
18	fubfirance	0.00000611
18	difcoverâ	0.00000611
18	infufwn	0.00000611
18	pick	0.00000611
18	imprifontd	0.00000611
18	loudclamour	0.00000611
18	oetor	0.00000611
18	nofmell	0.00000611
18	ericulofum	0.00000611
18	aromatic fubflance	0.00000611
18	fubflance	0.00000611
18	fragram	0.00000611
18	fkilful	0.00000611
18	w f h	0.00000611
18	fragrant bloflom	0.00000611
18	foul pallid	0.00000611
18	fmelle breath	0.00000611
18	emana	0.00000611
18	u l l u	0.00000611
18	c e p e	0.00000611
18	aromatic odour	0.00000611
18	fiflurâ	0.00000611
18	lmelk	0.00000611
18	perfedlion	0.00000611
18	fcorche	0.00000611
18	noxious miafma	0.00000611
18	afearide	0.00000611
18	fometime fetid	0.00000611
18	fomietime	0.00000611
18	fliimulate	0.00000611
18	c u r	0.00000611
18	rtagnate	0.00000611
18	e r n g	0.00000611
18	n c p l e e h e r b l	0.00000611
18	f l p e n u l	0.00000611
18	f l x w e e	0.00000611
18	u l p e p e r	0.00000611
18	e n g l	0.00000611
18	c p l e e h e r b	0.00000611
18	fublimate	0.00000611
18	mnofum	0.00000611
18	b e r * h u n n	0.00000611
18	l e r - b e r r	0.00000611
18	b r g	0.00000611
18	l v e n e r	0.00000611
18	u b e r	0.00000611
18	b e r u	0.00000611
18	fmeare	0.00000611
18	fetiion	0.00000611
18	dilfection	0.00000611
18	fub	0.00000611
18	f e c	0.00000611
18	odoriferous aromatic	0.00000611
18	foul feales	0.00000611
18	feale	0.00000611
18	b e u u	0.00000611
18	infufi -	0.00000611
18	fetid sweat	0.00000611
18	sweat	0.00000611
18	fhould	0.00000611
18	naufeofum odorem	0.00000611
18	effeas	0.00000611
18	infufam	0.00000611
18	aqnofum	0.00000611
18	injufum aquofum	0.00000611
18	herbaceus	0.00000611
18	smell perfumes	0.00000611
18	fotus	0.00000611
18	aromatic exhalaâ	0.00000611
18	diapafm	0.00000611
18	aromatic dhon	0.00000611
18	dhon	0.00000611
18	fragrant smell	0.00000611
18	chroma	0.00000611
18	aromatic savour	0.00000611
18	solanum	0.00000611
18	solanum furiofum	0.00000611
18	furiofum	0.00000611
18	feente	0.00000611
18	ffews	0.00000611
18	baliamic	0.00000611
18	omell	0.00000611
18	fwim	0.00000611
18	fragrant liquor	0.00000611
18	kffluvia	0.00000611
18	lours	0.00000611
18	effiavia	0.00000611
18	confume miferie	0.00000611
18	u r e b	0.00000611
18	aroma aroma	0.00000611
18	fuliginous vapour	0.00000611
18	fetid exhala	0.00000611
18	afeenfum	0.00000611
18	defeenfum	0.00000611
18	evagrancy	0.00000611
18	tfumor	0.00000611
18	p e e n	0.00000611
18	c u r v - g r	0.00000611
18	h r n u	0.00000611
18	itlipfum	0.00000611
18	charad	0.00000611
18	n h r	0.00000611
18	h n	0.00000611
18	* e r e c	0.00000611
18	b e c b u n g	0.00000611
18	b e l l j	0.00000611
18	b e r b e r	0.00000611
18	b e z r	0.00000611
18	c e r u	0.00000611
18	c e p	0.00000611
18	c h e r	0.00000611
18	fuperfiuous	0.00000611
18	c u c u	0.00000611
18	e r r e c	0.00000611
18	c r n u	0.00000611
18	u c u	0.00000611
18	e u p h r	0.00000611
18	f r u c u h	0.00000611
18	g v	0.00000611
18	l c u c	0.00000611
18	l c e	0.00000611
18	extradof	0.00000611
18	p p u l u	0.00000611
18	r p u	0.00000611
18	p n g	0.00000611
18	u l r	0.00000611
18	e n e r	0.00000611
18	c h l	0.00000611
18	fubuytmfum	0.00000611
18	accenifum	0.00000611
18	infufedin	0.00000611
18	effluvi	0.00000611
18	ltank	0.00000611
18	fetid emulation	0.00000611
18	emulation	0.00000611
18	effufion	0.00000611
18	fetid odfiur	0.00000611
18	odfiur	0.00000611
18	fmelta	0.00000611
18	exaftfmell	0.00000611
18	imoak	0.00000611
18	fime	0.00000611
18	effluviate	0.00000611
18	remonffrance	0.00000611
18	odor variolofus	0.00000611
18	seed	0.00000611
18	perfume seed	0.00000611
18	fmellim	0.00000611
18	ametime	0.00000611
18	fmell lik	0.00000611
18	smell lik	0.00000611
18	confumes flegm	0.00000611
18	fmelltng	0.00000611
18	nafum	0.00000611
18	fmelc	0.00000611
18	fmeltin	0.00000611
18	eftence	0.00000611
18	afiluvia	0.00000611
18	effluifia	0.00000611
18	effliuvia	0.00000611
18	p r e p r v	0.00000611
18	talle	0.00000611
18	b e v e r	0.00000611
18	feck ing	0.00000611
18	amomumracemofum	0.00000611
18	r n g u	0.00000611
18	giobofum	0.00000611
18	calamus aromaticus	0.00000611
18	l w e r	0.00000611
18	aromatick smell	0.00000611
18	fkow	0.00000611
18	afcenfum	0.00000611
18	ome	0.00000611
18	n e r n e r	0.00000611
18	refumâ	0.00000611
18	r c c	0.00000611
18	l e r c e	0.00000611
18	foul fcale	0.00000611
18	fcale	0.00000611
18	indolence	0.00000611
18	fimple	0.00000611
18	fweet scent	0.00000611
18	fouled	0.00000611
18	w r e n c	0.00000611
18	didenfum	0.00000611
18	codfum	0.00000611
18	fragrant smelh	0.00000611
18	n - e e	0.00000611
18	svmell	0.00000611
18	n u e g	0.00000611
18	e x p e r e	0.00000611
18	fowe aromatic	0.00000611
18	fnuflf	0.00000611
18	effccss	0.00000611
18	perfed	0.00000611
18	folic	0.00000611
18	fliivour	0.00000611
18	effefis	0.00000611
18	expofiiig	0.00000611
18	ffe	0.00000611
18	fetid fubftance	0.00000611
18	aromatic fimple	0.00000611
18	fetid jfimples	0.00000611
18	jfimple	0.00000611
18	friction	0.00000611
18	affluvium	0.00000611
18	confumc	0.00000611
18	difufed	0.00000611
18	apnearance	0.00000611
18	fragrant acrid	0.00000611
18	fomc	0.00000611
18	fmells fetid	0.00000611
18	infuffer	0.00000611
18	infulfum	0.00000611
18	frofluvia	0.00000611
18	r e l g	0.00000611
18	hunriour	0.00000611
18	ftench	0.00000611
18	peftilential	0.00000611
18	fmell smell	0.00000611
18	fetid dool	0.00000611
18	dool	0.00000611
18	aromatic epithem	0.00000611
18	fetid corrupt	0.00000611
18	e r p	0.00000611
18	perfufus	0.00000611
18	perfume smell	0.00000611
18	aromatic effluvia	0.00000611
18	aromatic spice	0.00000611
18	r e g e n	0.00000611
18	e 1 c n e	0.00000611
18	r e c 1 e	0.00000611
18	infufc	0.00000611
18	l g u e	0.00000611
18	fweet smell	0.00000611
18	mixâ	0.00000611
18	fpirent	0.00000611
18	fpirent odorem	0.00000611
18	iffibalm	0.00000611
18	fealt	0.00000611
18	e v e	0.00000611
18	irinke	0.00000611
18	profafe	0.00000611
18	noxious effefis	0.00000611
18	putrid effluvia	0.00000611
18	fettor	0.00000611
18	p p e	0.00000611
18	odor elapfis	0.00000611
18	dijfufum	0.00000611
18	e c c	0.00000611
18	odor aromatum	0.00000611
18	racter	0.00000611
18	andtmelt	0.00000611
18	odor odor	0.00000611
18	n f r - h u n	0.00000611
18	odorament	0.00000611
18	interpofe	0.00000611
18	eolour	0.00000611
18	jnour	0.00000611
18	didfum	0.00000611
18	p r c g	0.00000611
18	p r c c	0.00000611
18	r f f	0.00000611
18	smell thoâ	0.00000611
18	aromatic oily	0.00000611
18	e r e b n h n	0.00000611
18	e r e b	0.00000611
18	divifum	0.00000611
18	po b l u	0.00000611
18	ufue	0.00000611
18	fetid ftime	0.00000611
18	ftime	0.00000611
18	putrid fevdrs	0.00000611
18	fetid fmeli	0.00000611
18	aromatics infufe '	0.00000611
18	dlftafe	0.00000611
18	aromatick ponderous	0.00000611
18	unfavory	0.00000611
18	noxious juice	0.00000611
18	hoxious	0.00000611
18	hoxious sulphur	0.00000611
18	noxious sulphur	0.00000611
18	n g e r	0.00000611
18	perfaturate	0.00000611
18	cenfure	0.00000611
18	e f e n c	0.00000611
18	appaerance	0.00000611
18	gafeous	0.00000611
18	gafeous emanation	0.00000611
18	jefum	0.00000611
18	ftrong perfume	0.00000611
18	perfume glove	0.00000611
18	difcem	0.00000611
18	objeq	0.00000611
18	scent breath	0.00000611
18	b j e c	0.00000611
18	diflem	0.00000611
18	eltluvia	0.00000611
18	fmelld	0.00000611
18	eflfletfatdum	0.00000611
18	ipour	0.00000611
18	fetid flegm	0.00000611
18	flegm	0.00000611
18	r e - r k	0.00000611
18	igitur	0.00000611
18	rdot	0.00000611
18	noftfum	0.00000611
18	granulate	0.00000611
18	l e g	0.00000611
18	e b r e	0.00000611
18	u r u	0.00000611
18	urinous scent	0.00000611
18	aromatical balfam	0.00000611
18	fetid smelh	0.00000611
18	profiuvia	0.00000611
18	v e r p e r l f e	0.00000611
18	paradifum	0.00000611
18	aroma prodit	0.00000611
18	prodit	0.00000611
18	aromad	0.00000611
18	ialfum	0.00000611
18	flrongfetor	0.00000611
18	foul noxious	0.00000611
18	cfiluvia	0.00000611
18	fetid knell	0.00000611
18	fador	0.00000611
18	u n u u c	0.00000611
18	n u u c	0.00000611
18	f h u b n r	0.00000611
18	h w h r	0.00000611
18	w e e na v e	0.00000611
18	r u p v	0.00000611
18	p v r g n	0.00000611
18	fffluvia	0.00000611
18	fabfequent	0.00000611
18	fabfequent infufion	0.00000611
18	affetion	0.00000611
18	putrid stool	0.00000611
18	matory	0.00000611
18	grof	0.00000611
18	whiffe	0.00000611
18	fetife	0.00000611
18	affedfe	0.00000611
18	eff	0.00000611
18	ftance	0.00000611
18	infufe fweet	0.00000611
18	n e - b l e	0.00000611
18	b l - r e e	0.00000611
18	f c - n u	0.00000611
18	feent	0.00000611
18	p e l l r	0.00000611
18	infebe	0.00000611
18	infebed	0.00000611
18	nefte	0.00000611
18	c c l x x	0.00000611
18	ferfum '	0.00000611
18	h u r	0.00000611
18	extafie	0.00000611
18	ffure	0.00000611
18	fodomite	0.00000611
18	perfuiion	0.00000611
18	lignofum	0.00000611
18	aicenfum	0.00000611
18	v r e	0.00000611
18	perfume mulk	0.00000611
18	profufe mucous	0.00000611
18	ness	0.00000611
18	fomcs	0.00000611
18	fermentation	0.00000611
18	feafon	0.00000611
18	evode	0.00000611
18	h u - c h	0.00000611
18	fetid tartareous	0.00000611
18	infufiom	0.00000611
18	aromatic tindure	0.00000611
18	palfie	0.00000611
18	fetid oleous	0.00000611
18	afeent	0.00000611
18	olfactit	0.00000611
18	lfavour	0.00000611
18	unctuous	0.00000611
18	unctuous odorous	0.00000611
18	fecte	0.00000611
18	obfeure	0.00000611
18	ordour	0.00000611
18	fetid vomiting	0.00000611
18	noxious ftream	0.00000611
18	k l e n	0.00000611
18	c p e r	0.00000611
18	p n c	0.00000611
18	p u l u	0.00000611
18	b r r g	0.00000611
18	r n u	0.00000611
18	r b	0.00000611
18	uliginofum	0.00000611
18	n u x f g	0.00000611
18	h r e n	0.00000611
18	l r e	0.00000611
18	l c u	0.00000611
18	v j r n	0.00000611
18	e n c u l	0.00000611
18	r l e n	0.00000611
18	f l x	0.00000611
18	l u q u r	0.00000611
18	h r e	0.00000611
18	nofturnal	0.00000611
18	g l e	0.00000611
18	omiffion	0.00000611
18	inverfum	0.00000611
18	e r u	0.00000611
18	noxious effeft	0.00000611
18	g l b n	0.00000611
18	r - p n c	0.00000611
18	difpoffeffe	0.00000611
18	putrid faetor	0.00000611
18	antifeptic vapour	0.00000611
18	efifervefeent	0.00000611
18	arefeent	0.00000611
18	pommade	0.00000611
18	p r b v	0.00000611
18	remely	0.00000611
18	fcouring	0.00000611
18	foetid ffinking	0.00000611
18	e u l	0.00000611
18	famofum	0.00000611
18	gaftorinofum	0.00000611
18	gaftorinofum odor	0.00000611
18	ardor	0.00000611
18	aromaticks	0.00000611
18	e v r r	0.00000611
18	elfed	0.00000611
18	fiilphur	0.00000611
18	efffe	0.00000611
18	noxious eifed	0.00000611
18	eifed	0.00000611
18	0 e h e r	0.00000611
18	tibus	0.00000611
18	fuppofe ufeful	0.00000611
18	aquavit	0.00000611
18	dfffuft	0.00000611
18	g r c u	0.00000611
18	glu	0.00000611
18	tinous	0.00000611
18	ditfum	0.00000611
18	fantfmell	0.00000611
18	aromatic ferve	0.00000611
18	fuf	0.00000611
18	odoriferous fimple	0.00000611
18	tincfure	0.00000611
18	- fetida	0.00000611
18	ffufe	0.00000611
18	ing perfume	0.00000611
18	fette	0.00000611
18	ampeloprafum	0.00000611
18	angulofum	0.00000611
18	fiftulofum	0.00000611
18	fchcenoprafum	0.00000611
18	paludofum	0.00000611
18	c p u x l	0.00000611
18	efftuvia	0.00000611
18	p e n n r e r g v n e	0.00000611
18	affeffe	0.00000611
18	fubaftringent	0.00000611
18	fetid ferum	0.00000611
18	ammelle	0.00000611
18	creaâ	0.00000611
18	smellt	0.00000611
18	c n r	0.00000611
18	n g n	0.00000611
18	acefum	0.00000611
18	fcum	0.00000611
18	daucus	0.00000611
18	daucus aroma -	0.00000611
18	ferocious	0.00000611
18	aromatic exhalation	0.00000611
18	fweet emanation	0.00000611
18	menfium	0.00000611
18	llrong	0.00000611
18	incifure	0.00000611
18	affe	0.00000611
18	grofis	0.00000611
18	perfeff	0.00000611
18	perfeff fmeli	0.00000611
18	nonaequabiliterconfum	0.00000611
18	g e	0.00000611
18	fer	0.00000611
18	andaffume	0.00000611
18	sapor	0.00000611
18	pmell	0.00000611
18	fubtime	0.00000611
18	ferous fluid	0.00000611
18	efflutla	0.00000611
18	aromaticus odor	0.00000611
18	lalcofum	0.00000611
18	odorous fluid	0.00000611
18	f er u v n	0.00000611
18	blufh	0.00000611
18	exhalation perfume	0.00000611
18	p v e r	0.00000611
18	- fume	0.00000611
18	aromatic imellr	0.00000611
18	h e r e	0.00000611
18	fragrant frefhnef	0.00000611
18	frefhnef	0.00000611
18	urance	0.00000611
18	reek muft	0.00000611
18	flower	0.00000611
18	cpnfume	0.00000611
18	p e r e n	0.00000611
18	fomeume	0.00000611
18	odor efflatur	0.00000611
18	fquamofum	0.00000611
18	tanquam	0.00000611
18	ferofite	0.00000611
18	f e b r e	0.00000611
18	uneafmel	0.00000611
18	fuperiour	0.00000611
18	perfume fluff	0.00000611
18	aromatic fomentation	0.00000611
18	fecfction	0.00000611
18	odorem putredinofum	0.00000611
18	odoriieron	0.00000611
18	odougg	0.00000611
18	toothpick	0.00000611
18	toothpick fuf	0.00000611
18	perfoh	0.00000611
18	oxigene	0.00000611
18	f h e c	0.00000611
18	l n c r	0.00000611
18	f n u r	0.00000611
18	h l e b	0.00000611
18	coiour	0.00000611
18	feke	0.00000611
18	fcde	0.00000611
18	appetife	0.00000611
18	aromatic fauce	0.00000611
18	fauce	0.00000611
18	inhalation	0.00000611
18	ffuff	0.00000611
18	blojfom	0.00000611
18	introfume	0.00000611
18	proâ	0.00000611
18	infum '	0.00000611
18	ifprofufe	0.00000611
18	g e n u	0.00000611
18	spongjofum	0.00000611
18	fmelle nerve	0.00000611
18	fetrofum	0.00000611
18	effefr	0.00000611
18	u n n	0.00000611
18	rmell	0.00000611
18	l c h	0.00000611
18	e n n	0.00000611
18	g r n	0.00000611
18	g u	0.00000611
18	devourâ	0.00000611
18	r e e r v r	0.00000611
18	noxious effed	0.00000611
18	g n g r r h	0.00000611
18	claffe	0.00000611
18	fmellk	0.00000611
18	elegance	0.00000611
18	iffue fmelle	0.00000611
18	remifum	0.00000611
18	effental	0.00000611
18	pdoriferous	0.00000611
18	fcem	0.00000611
18	h e p e r	0.00000611
18	e n c	0.00000611
18	aromatic plafler	0.00000611
18	noxious humour	0.00000611
18	aromatic diitille	0.00000611
18	diitille	0.00000611
18	e r c u r	0.00000611
18	fufum	0.00000611
18	odoran	0.00000611
18	zolfuree	0.00000611
18	daâ	0.00000611
18	p l e n	0.00000611
18	smellinge	0.00000611
18	profufe difcharge	0.00000611
18	infufiion	0.00000611
18	admiffioh	0.00000611
18	aromatic fub	0.00000611
18	fetid fpitte	0.00000611
18	fpitte	0.00000611
18	noxious miafroata	0.00000611
18	miafroata	0.00000611
18	infufum amancm	0.00000611
18	putrid ftagnating	0.00000611
18	eilluvia	0.00000611
18	pheric	0.00000611
18	noxious quality	0.00000611
18	offend putrid	0.00000611
18	predifpofe	0.00000611
18	vkpour	0.00000611
18	c c u n	0.00000611
18	difcharge	0.00000611
18	flafk	0.00000611
18	waflje	0.00000611
18	mife	0.00000611
18	yapour	0.00000611
18	h l	0.00000611
18	b l g e	0.00000611
18	whifke	0.00000611
18	effefl	0.00000611
18	effedtof	0.00000611
18	infuf - ed	0.00000611
18	toul	0.00000611
18	foul eruption	0.00000611
18	aromatic tindfure	0.00000611
18	decoction	0.00000611
18	effedb	0.00000611
18	fweet fmell	0.00000611
18	e n f	0.00000611
18	fmelle fume	0.00000611
18	crajfum	0.00000611
18	difeoloure	0.00000611
18	jmelt	0.00000611
18	ftools	0.00000611
18	fetid difeharge	0.00000611
18	fcetid ichor	0.00000611
18	p p e r	0.00000611
18	e x p e k e n	0.00000611
18	fostor	0.00000611
18	confurr	0.00000611
18	r q e r	0.00000611
18	iffume	0.00000611
18	f r	0.00000611
18	nourifhment	0.00000611
18	ferofuy	0.00000611
18	fubffance	0.00000611
18	aromatic foetid	0.00000611
18	ffirill	0.00000611
18	foetid odorous	0.00000611
18	rancour	0.00000611
18	fmell foul	0.00000611
18	putrid flavour	0.00000611
18	fetid ftool	0.00000611
18	knack	0.00000611
18	p e ' r e	0.00000611
18	h u x h	0.00000611
18	retfum	0.00000611
18	l c u l	0.00000611
18	taft	0.00000611
18	ffuse	0.00000611
18	ffuse perfume	0.00000611
18	odorcs	0.00000611
18	smell jour	0.00000611
18	animadverfum	0.00000611
18	scentium	0.00000611
18	b r b e	0.00000611
18	r k	0.00000611
18	fetid virulent	0.00000611
18	fem	0.00000611
18	fetid ftinking	0.00000611
18	obefum	0.00000611
18	smoak	0.00000611
18	patrrd	0.00000611
18	patrrd fetid	0.00000611
18	aromatiâ	0.00000611
18	odor infenfus	0.00000611
18	infenfus	0.00000611
18	noxious smell	0.00000611
18	odor odorem	0.00000611
18	e b e r	0.00000611
18	oifmell	0.00000611
18	h e x n r	0.00000611
18	j n r	0.00000611
18	fwoln	0.00000611
18	g e n n	0.00000611
18	afpiring	0.00000611
18	heady	0.00000611
18	g e l	0.00000611
18	b e r g u	0.00000611
18	g b l u	0.00000611
18	l n r u n r c q c r u	0.00000611
18	r p	0.00000611
18	squeak	0.00000611
18	fetid savour	0.00000611
18	lcente	0.00000611
18	pofition	0.00000611
18	eflufion	0.00000611
18	aflure	0.00000611
18	fmelle putrid	0.00000611
18	fad	0.00000611
18	e n f r q u e	0.00000611
18	jfum	0.00000611
18	c k r e l	0.00000611
18	g r e b r	0.00000611
18	v p r	0.00000611
18	contagious lue	0.00000611
18	putrefeer	0.00000611
18	fenfu	0.00000611
18	z e n	0.00000611
18	k	0.00000611
18	ftirike	0.00000611
18	ftiriking	0.00000611
18	p p k	0.00000611
18	fpuff	0.00000611
18	circumftance	0.00000611
18	fmell odour	0.00000611
18	trofum	0.00000611
18	tar	0.00000611
18	h r c	0.00000611
18	n v e n	0.00000611
18	l g c u	0.00000611
18	eflfect	0.00000611
18	v j n e e c	0.00000611
18	g e r u c h	0.00000611
18	r u b e n	0.00000611
18	r u c	0.00000611
18	n p f l c h	0.00000611
18	u r z	0.00000611
18	fenfes	0.00000611
18	fetid toad	0.00000611
18	toad	0.00000611
18	h p e r	0.00000611
18	periculofam	0.00000611
18	fucffulent	0.00000611
18	dour perfume	0.00000611
18	lymph	0.00000611
18	quidipfum	0.00000611
18	odorous fubftance	0.00000611
18	c h r u	0.00000611
18	fetid ftcam	0.00000611
18	effcct	0.00000611
18	p l u l p l l	0.00000611
18	l f z u w	0.00000611
18	putrid bile	0.00000611
18	fluffs	0.00000611
18	fiagnate	0.00000611
18	onfume	0.00000611
18	infipid inodorous	0.00000611
18	effetfis	0.00000611
18	foulneffe	0.00000611
18	fpice andperfume	0.00000611
18	aromatic faponaceous	0.00000611
18	ftilential	0.00000611
18	slur	0.00000611
18	gleofum	0.00000611
18	noxious ftool	0.00000611
18	fetid ilool	0.00000611
18	ilool	0.00000611
18	putrid bilious	0.00000611
18	r g u e	0.00000611
18	f h e r u n c e	0.00000611
18	f h e c u r v	0.00000611
18	f h e c h	0.00000611
18	tofup	0.00000611
18	ftek	0.00000611
18	p p r tu	0.00000611
18	r c e	0.00000611
18	p pa r u	0.00000611
18	p p r r u	0.00000611
18	prefiion	0.00000611
18	b e p h r	0.00000611
18	fele	0.00000611
18	r l g	0.00000611
18	fmell flrong	0.00000611
18	aromatic scent	0.00000611
18	diftemper	0.00000611
18	fcald	0.00000611
18	f h e g	0.00000611
18	perfeâ	0.00000611
18	uddm	0.00000611
18	horrour	0.00000611
18	fink	0.00000611
18	efbuvia	0.00000611
18	tintfure	0.00000611
18	ferous putrid	0.00000611
18	h e r p u	0.00000611
18	fimelle	0.00000611
18	efife	0.00000611
18	condition	0.00000611
18	pundfure	0.00000611
18	filiquofum villofum	0.00000611
18	tfum	0.00000611
18	flekening	0.00000611
18	fancy	0.00000611
18	oppofe	0.00000611
18	r r h	0.00000611
18	cleofum	0.00000611
18	profufe excretion	0.00000611
18	fuccefsfuk	0.00000611
18	lilt	0.00000611
18	condudor	0.00000611
18	femes	0.00000611
18	g e n e r e	0.00000611
18	fragnate	0.00000611
18	fragnating mucus	0.00000611
18	fcab	0.00000611
18	fetid vapours	0.00000611
18	odoriferious herb	0.00000611
18	b l c u	0.00000611
18	firong infufion	0.00000611
18	aromatic fpint	0.00000611
18	feize	0.00000611
18	n w r w	0.00000611
18	fadtitious	0.00000611
18	whific	0.00000611
18	dreffing	0.00000611
18	h h e r b	0.00000611
18	l l	0.00000611
18	ftool	0.00000611
18	fmellthat	0.00000611
18	perfpire	0.00000611
18	fnoff	0.00000611
18	noxious fmell	0.00000611
18	iweet	0.00000611
18	wholefomefmell	0.00000611
18	plure	0.00000611
18	iinconfume	0.00000611
18	fweetene	0.00000611
18	e x p e r e n	0.00000611
18	emuvia	0.00000611
18	exhaâ	0.00000611
18	peccant	0.00000611
18	noxious reek	0.00000611
18	eoenofum	0.00000611
18	fmelllo	0.00000611
18	ufe odoriferous	0.00000611
18	f f e r u	0.00000611
18	r h e q r	0.00000611
18	x h e	0.00000611
18	fubcarnofum	0.00000611
18	f r e h e	0.00000611
18	noxious impregnation	0.00000611
18	n f x e	0.00000611
18	- trid	0.00000611
18	remelte	0.00000611
18	u r p g e n	0.00000611
18	u c c n u	0.00000611
18	efflatur	0.00000611
18	v l n r	0.00000611
18	obfet	0.00000611
18	jtink	0.00000611
18	ffufa	0.00000611
18	fubllrance	0.00000611
18	effedts	0.00000611
18	perfumery	0.00000611
18	r b u	0.00000611
18	w e e	0.00000611
18	p u l c r	0.00000611
18	orinfufe	0.00000611
18	n g r e n	0.00000611
18	ffiuvia	0.00000611
18	fragrancv	0.00000611
18	efur	0.00000611
18	scented breath	0.00000611
18	breathâ	0.00000611
18	h e , r	0.00000611
18	qdour	0.00000611
18	fonous	0.00000611
18	frnoke	0.00000611
18	triturate infufion	0.00000611
18	putrid fcetor	0.00000611
18	parfume	0.00000611
18	odor eliclatur	0.00000611
18	eliclatur	0.00000611
18	unperfume	0.00000611
18	efflievia	0.00000611
18	fece	0.00000611
18	e n u	0.00000611
18	e l u	0.00000611
18	r g r n r	0.00000611
18	l e c u r e n	0.00000611
18	c p h r e	0.00000611
18	b l c	0.00000611
18	oifactus	0.00000611
18	odoazs	0.00000611
18	efem	0.00000611
18	fparfum	0.00000611
18	ffluvia	0.00000611
18	styptic	0.00000611
18	fan	0.00000611
18	agreablefmell	0.00000611
18	*	0.00000611
18	vermifuge	0.00000611
18	scabious	0.00000611
18	adfual	0.00000611
18	alt	0.00000611
18	flyptic	0.00000611
18	flyptic aromatic	0.00000611
18	ftnoke	0.00000611
18	fweet jmelte perfume	0.00000611
18	profufe purge	0.00000611
18	ffed	0.00000611
18	n h e l l - p	0.00000611
18	ltinks	0.00000611
18	jiritfum	0.00000611
18	fpintuous	0.00000611
18	fomeâ	0.00000611
18	b r l	0.00000611
18	olfaffus	0.00000611
18	n v e r	0.00000611
18	exhalant	0.00000611
18	fdod	0.00000611
18	foetid vapour	0.00000611
18	ftiirmlate	0.00000611
18	c e l r tj	0.00000611
18	per	0.00000611
18	le	0.00000611
18	fpiritoous	0.00000611
18	r e f	0.00000611
18	g n e	0.00000611
18	taile	0.00000611
18	g e r	0.00000611
18	p c e n u	0.00000611
18	fetid fmoke	0.00000611
18	fmelle vapour	0.00000611
18	fatfum	0.00000611
18	odor fetidus	0.00000611
18	pofleffe	0.00000611
18	indow	0.00000611
18	windy	0.00000611
18	aromatic ffirub	0.00000611
18	combinâ	0.00000611
18	fwimme	0.00000611
18	putrid cfluvium	0.00000611
18	p c r p	0.00000611
18	f c h e r	0.00000611
18	extinft	0.00000611
18	trance	0.00000611
18	immerfum	0.00000611
18	infufum eiusaquofum	0.00000611
18	magick	0.00000611
19	smell	0.18389803
19	odour	0.14102610
19	aromatic	0.07921774
19	fragrant	0.07442666
19	scent	0.06257735
19	perfume	0.04909699
19	fetid	0.03865470
19	odor	0.03365950
19	olfactory	0.02840305
19	putrid	0.02574305
19	fragrance	0.02343481
19	scented	0.02278072
19	odorous	0.02074785
19	stink	0.01708201
19	snuff	0.01566536
19	odoriferous	0.01415499
19	reek	0.01148472
19	aroma	0.01147188
19	stench	0.00974519
19	foul	0.00892357
19	fume	0.00812827
19	breath	0.00595739
19	noxious	0.00541371
19	vapour	0.00518969
19	effluvia	0.00489571
19	whiff	0.00488094
19	sniff	0.00464408
19	fmell	0.00455486
19	offensive	0.00443932
19	fetor	0.00312794
19	nauseous	0.00221132
19	scentless	0.00205148
19	deodorize	0.00199885
19	essential	0.00172540
19	emanation	0.00142757
19	intoxicate	0.00119135
19	essence	0.00116311
19	noisome	0.00116182
19	inhale	0.00113872
19	perfumes	0.00113165
19	acrid	0.00109314
19	nostril	0.00108159
19	exhalation	0.00107196
19	inodorous	0.00095385
19	stank	0.00089223
19	hue	0.00086270
19	savour	0.00081007
19	effluvium	0.00080365
19	ing	0.00069902
19	indolent	0.00067206
19	aqueous	0.00066051
19	aromatics	0.00065409
19	foetid	0.00065216
19	obnoxious	0.00060338
19	odourless	0.00059888
19	splendour	0.00059375
19	nose	0.00057963
19	incense	0.00056230
19	odorless	0.00055459
19	pungent	0.00055267
19	liqueur	0.00053983
19	aromas	0.00053405
19	odore	0.00053149
19	sweet	0.00052314
19	perfume perfume	0.00048591
19	fmelle	0.00047757
19	florid	0.00046794
19	arsenic	0.00045895
19	vapours	0.00041659
19	stunk	0.00039348
19	fragrance fragrance	0.00036588
19	fetid breath	0.00035753
19	perfumery	0.00035111
19	deodorizer	0.00034791
19	infufion	0.00034470
19	mucus	0.00034405
19	fresh	0.00034341
19	vagrant	0.00033699
19	feculent	0.00033571
19	odorant	0.00031196
19	smelly	0.00030682
19	-	0.00030041
19	spicy	0.00029399
19	smelt	0.00028628
19	sulphur	0.00027537
19	breathe	0.00027152
19	pestiferous	0.00024970
19	fragrancy	0.00024713
19	whiffing	0.00024649
19	scent -	0.00024263
19	aromaticus	0.00023493
19	odorat	0.00023493
19	olfactorie	0.00022274
19	aromatise	0.00021888
19	infusible	0.00021760
19	ferous	0.00021439
19	smoke	0.00021182
19	fragrant fragrant	0.00020797
19	candour	0.00020220
19	viscous	0.00020091
19	taint	0.00019963
19	olfaction	0.00019770
19	aromatize	0.00019706
19	perfumer	0.00019128
19	nuisance	0.00019000
19	impregnate	0.00018679
19	puff	0.00018615
19	exhale	0.00017845
19	otto	0.00017203
19	laden	0.00016818
19	oxidize	0.00016818
19	aromatic aromatic	0.00016625
19	odoriferous odoriferous	0.00016561
19	chromate	0.00016561
19	meek	0.00016047
19	olfactive	0.00015919
19	grance	0.00015020
19	fragrant breath	0.00014507
19	noxious vapour	0.00014507
19	breathing	0.00014443
19	sapid	0.00014378
19	stimulant	0.00013929
19	resinous	0.00013865
19	strew	0.00013480
19	snuffy	0.00013480
19	ichorous	0.00013480
19	spice	0.00013287
19	stink breath	0.00012838
19	garland	0.00012774
19	fcetid	0.00012774
19	perfum '	0.00012709
19	breath smell	0.00012581
19	vitiate	0.00012517
19	odorous emanation	0.00012453
19	odorous breath	0.00012003
19	fetish	0.00012003
19	infufe	0.00011939
19	sultry	0.00011875
19	smell smell	0.00011811
19	famish	0.00011490
19	appetise	0.00011426
19	frankincense	0.00011361
19	breeze	0.00010976
19	putrid emanation	0.00010655
19	deodorant	0.00010655
19	aroma -	0.00010591
19	noxious emanation	0.00010463
19	alkaloid	0.00010334
19	- scented	0.00010206
19	parfum	0.00010078
19	discharge	0.00009821
19	noxious exhalation	0.00009628
19	noxious effluvia	0.00009500
19	smel	0.00009500
19	fetid discharge	0.00009307
19	smell -	0.00009243
19	delicious	0.00009243
19	infusum	0.00009179
19	tic	0.00009115
19	breath perfume	0.00009051
19	reek reek	0.00009051
19	deodorization	0.00009051
19	effeminate	0.00008986
19	disgusting	0.00008922
19	flavor	0.00008858
19	turbid	0.00008794
19	malodorous	0.00008666
19	stagnate	0.00008601
19	ous	0.00008601
19	scented breath	0.00008473
19	sanious	0.00008473
19	perfumes perfumes	0.00008345
19	poisonous	0.00008152
19	stifle	0.00008152
19	aromat	0.00008088
19	miasm	0.00007895
19	odo	0.00007703
19	alcohol	0.00007639
19	oily	0.00007574
19	appetize	0.00007574
19	sound	0.00007574
19	sweetness	0.00007510
19	appetising	0.00007382
19	aromatical	0.00007382
19	iferous	0.00007318
19	fungous	0.00007253
19	smell breath	0.00007253
19	odeur	0.00007189
19	odorus	0.00007061
19	leek	0.00006997
19	odorem	0.00006932
19	fweet	0.00006868
19	cologne	0.00006740
19	vigour	0.00006676
19	fetid exhalation	0.00006611
19	offend	0.00006547
19	profufe	0.00006547
19	impregnated	0.00006483
19	riferous	0.00006419
19	tint	0.00006419
19	fetidity	0.00006419
19	vapor	0.00006355
19	effete	0.00006291
19	odorate	0.00006098
19	smut	0.00006098
19	snort	0.00006034
19	indol	0.00005970
19	smelleth	0.00005905
19	balsamic	0.00005905
19	spray	0.00005841
19	sweeten	0.00005777
19	stanch	0.00005777
19	fetide	0.00005777
19	smell savour	0.00005713
19	libation	0.00005713
19	sweetsmelle	0.00005649
19	taste	0.00005649
19	umbelliferous	0.00005649
19	savor	0.00005649
19	fecte	0.00005649
19	fece	0.00005649
19	tion	0.00005584
19	foetor	0.00005520
19	ooze	0.00005392
19	infuse	0.00005392
19	bergamot	0.00005328
19	fcetor	0.00005199
19	intolerable	0.00005135
19	smell odour	0.00005135
19	miasma	0.00005135
19	fœtid	0.00005071
19	thyme	0.00005071
19	ovum	0.00005071
19	pestilential	0.00005007
19	fragrant essential	0.00005007
19	smoking	0.00004878
19	febrifuge	0.00004878
19	nauseate	0.00004814
19	stinkard	0.00004750
19	foulness	0.00004750
19	olfactus	0.00004686
19	noxious smell	0.00004686
19	ed	0.00004686
19	appetizing	0.00004622
19	bilious	0.00004622
19	aloe	0.00004622
19	fectious	0.00004622
19	exhilarate	0.00004557
19	breath fetid	0.00004557
19	sneeze	0.00004557
19	aromatic essential	0.00004493
19	fetid vapour	0.00004493
19	atmosphere	0.00004493
19	aromatick	0.00004429
19	impure	0.00004429
19	gas	0.00004429
19	fragrant essence	0.00004365
19	fucus	0.00004365
19	stagnant	0.00004365
19	odora	0.00004365
19	aromatic essence	0.00004365
19	theobroma	0.00004365
19	tannin	0.00004365
19	disinfect	0.00004365
19	od	0.00004301
19	noxious fume	0.00004301
19	frag	0.00004301
19	aromatic vapour	0.00004301
19	ness	0.00004172
19	fmoke	0.00004172
19	noxious odour	0.00004172
19	confume	0.00004108
19	frothy	0.00004108
19	odo -	0.00004044
19	odoure	0.00003916
19	stinking fume	0.00003916
19	nauseating	0.00003916
19	efflu -	0.00003916
19	garlick	0.00003787
19	fouler	0.00003787
19	aromata	0.00003787
19	saline	0.00003787
19	foul emanation	0.00003787
19	reek '	0.00003723
19	fetid mucus	0.00003723
19	superfluous	0.00003659
19	aromatic stimulant	0.00003659
19	ardour	0.00003595
19	balmy	0.00003595
19	air	0.00003595
19	salubrious	0.00003530
19	refreshing	0.00003530
19	smelling	0.00003530
19	perfume - laden	0.00003530
19	odom	0.00003530
19	musty	0.00003466
19	cactus	0.00003466
19	albuminous	0.00003466
19	corrupt	0.00003402
19	odorous vapour	0.00003402
19	perfume scent	0.00003338
19	smoky	0.00003338
19	inhalation	0.00003338
19	smeller	0.00003274
19	frigid	0.00003274
19	balm	0.00003274
19	chromatic	0.00003274
19	glaucous	0.00003274
19	monobromate	0.00003274
19	effential	0.00003274
19	smok	0.00003209
19	exhala	0.00003209
19	alkaline	0.00003209
19	remelte	0.00003209
19	purulent	0.00003209
19	ichor	0.00003209
19	rous	0.00003145
19	savoury	0.00003145
19	blush	0.00003081
19	blossom	0.00003081
19	hiss	0.00003081
19	mucous	0.00003081
19	oman	0.00003017
19	murky	0.00003017
19	fragrant aromatic	0.00003017
19	fetido	0.00003017
19	scent - laden	0.00003017
19	perfume passion	0.00003017
19	fetid emanation	0.00003017
19	scald	0.00002953
19	perfume -	0.00002953
19	erfume	0.00002953
19	odorante	0.00002953
19	smellâ	0.00002953
19	olfac	0.00002953
19	sulphurous	0.00002889
19	zephyr	0.00002889
19	langour	0.00002889
19	ottos	0.00002889
19	lour	0.00002889
19	prefume	0.00002889
19	fetid sanious	0.00002889
19	stinct	0.00002824
19	downpour	0.00002824
19	foul smell	0.00002824
19	eff	0.00002824
19	faece	0.00002824
19	odoriferous scent	0.00002760
19	smell perfume	0.00002760
19	iridescent	0.00002696
19	gum	0.00002696
19	stimulate	0.00002696
19	glutinous	0.00002696
19	confufe	0.00002696
19	efiluvia	0.00002696
19	stinke	0.00002632
19	antidotal	0.00002632
19	odoiu	0.00002632
19	fapid	0.00002632
19	whiz	0.00002568
19	odoriferous effluvia	0.00002568
19	nitrous	0.00002568
19	putrid vapour	0.00002568
19	brackish	0.00002568
19	poison	0.00002568
19	ethereal	0.00002568
19	unwholesome	0.00002568
19	fester	0.00002568
19	stinkin	0.00002568
19	sebaceous	0.00002568
19	perspiration	0.00002568
19	smeek	0.00002503
19	loathsome	0.00002503
19	stenche	0.00002503
19	perfume breath	0.00002503
19	sniff sniff	0.00002503
19	odoiir	0.00002503
19	eflential	0.00002503
19	pus	0.00002503
19	medicinal	0.00002439
19	aqueous vapour	0.00002439
19	salt	0.00002439
19	fetid ichor	0.00002439
19	vapid	0.00002375
19	fragrance scent	0.00002375
19	scour	0.00002375
19	stupendous	0.00002375
19	fetidness	0.00002375
19	noxious vapor	0.00002375
19	frigorific	0.00002375
19	odorose	0.00002375
19	olfact	0.00002375
19	odorize	0.00002375
19	odorous effluvia	0.00002375
19	stinctive	0.00002375
19	fmelt	0.00002311
19	grumous	0.00002311
19	smell - ing	0.00002311
19	mellow	0.00002247
19	sweetscente	0.00002247
19	taker	0.00002247
19	gust	0.00002247
19	odorise	0.00002247
19	stink - ing	0.00002247
19	fouled	0.00002247
19	smell vapour	0.00002247
19	glairy	0.00002247
19	imell	0.00002247
19	noysome	0.00002182
19	aromatic breath	0.00002182
19	odoriferous perfume	0.00002182
19	odoriferous emanation	0.00002182
19	stid	0.00002182
19	soap	0.00002182
19	odonr	0.00002182
19	emetine	0.00002182
19	eflfect	0.00002182
19	odoi	0.00002182
19	faetor	0.00002182
19	odoriferous vapour	0.00002118
19	slur	0.00002118
19	smelhng	0.00002118
19	flavour	0.00002118
19	diarrhoea	0.00002118
19	stinken	0.00002054
19	sickly	0.00002054
19	odoui	0.00002054
19	fetid fece	0.00002054
19	ferruginous	0.00001990
19	fnuff	0.00001990
19	exuberance	0.00001990
19	odourous	0.00001990
19	fluvia	0.00001990
19	rancid	0.00001990
19	ferment	0.00001990
19	luminous	0.00001990
19	odorato	0.00001990
19	steamy	0.00001990
19	omen	0.00001990
19	frisky	0.00001990
19	pomade	0.00001990
19	powder	0.00001990
19	malodour	0.00001990
19	germ	0.00001990
19	festive	0.00001926
19	sulphureous	0.00001926
19	parfums	0.00001926
19	reek gore	0.00001926
19	scent perfume	0.00001926
19	scent scent	0.00001926
19	snuffer	0.00001926
19	garish	0.00001926
19	perfumy	0.00001926
19	jasmine	0.00001926
19	sicken	0.00001926
19	odor fetido	0.00001926
19	emana	0.00001926
19	odorife	0.00001926
19	odoro	0.00001926
19	fection	0.00001926
19	olfactory nerve	0.00001926
19	feed	0.00001861
19	reeky	0.00001861
19	seethe	0.00001861
19	suffocate	0.00001861
19	faggot	0.00001861
19	odorous sigh	0.00001861
19	steam	0.00001861
19	honey	0.00001861
19	savory	0.00001861
19	waft	0.00001861
19	amorous	0.00001861
19	vile	0.00001797
19	efflu	0.00001797
19	- riferous	0.00001797
19	frond	0.00001797
19	head	0.00001797
19	odorous exhalation	0.00001797
19	effeft	0.00001797
19	vour	0.00001797
19	eflluvia	0.00001797
19	hydatid	0.00001797
19	anosmic	0.00001797
19	mead	0.00001733
19	fuliginous	0.00001733
19	perfum	0.00001733
19	snub	0.00001733
19	oppressive	0.00001733
19	greasy	0.00001733
19	horrid	0.00001733
19	bad	0.00001733
19	odorament	0.00001733
19	fetid ulcer	0.00001733
19	infufible	0.00001733
19	odour scent	0.00001669
19	odoriferous breath	0.00001669
19	inflammable	0.00001669
19	odoriferous essence	0.00001669
19	splendour splendour	0.00001669
19	contagious	0.00001669
19	mist	0.00001669
19	fete	0.00001669
19	aromatic fume	0.00001669
19	intoxication	0.00001669
19	pollute	0.00001669
19	feel	0.00001669
19	cosmetique	0.00001669
19	stink -	0.00001669
19	vomit	0.00001669
19	bichromate	0.00001669
19	refufe	0.00001669
19	arsenical	0.00001669
19	butyraceous	0.00001669
19	whiffy	0.00001605
19	snuff snuff	0.00001605
19	oderiferous	0.00001605
19	fumigate	0.00001605
19	parfume	0.00001605
19	stink fume	0.00001605
19	fpice	0.00001605
19	aromate	0.00001541
19	fragrance smell	0.00001541
19	fetids	0.00001541
19	innuendo	0.00001541
19	snore	0.00001541
19	olfactory olfactory	0.00001541
19	trill	0.00001541
19	ill	0.00001541
19	odori	0.00001541
19	dour	0.00001541
19	stinkend	0.00001541
19	smellable	0.00001541
19	'	0.00001476
19	unmelte	0.00001476
19	kiss	0.00001476
19	odoriferous exhalation	0.00001476
19	drink	0.00001476
19	antiseptic	0.00001476
19	smellin	0.00001476
19	disagreeable	0.00001476
19	aloes	0.00001476
19	tasty	0.00001476
19	vinous	0.00001476
19	effiuvia	0.00001476
19	odorifer	0.00001476
19	olfactoiy	0.00001476
19	peefume	0.00001476
19	aromatica	0.00001476
19	aroma aroma	0.00001412
19	alkali	0.00001412
19	odorous odorous	0.00001412
19	perfume snuff	0.00001412
19	effeminacy	0.00001412
19	smelle	0.00001412
19	fertilize	0.00001412
19	stork	0.00001412
19	flagrant	0.00001412
19	dye	0.00001412
19	abominable	0.00001412
19	smutty	0.00001412
19	rabid	0.00001412
19	eolour	0.00001412
19	odor -	0.00001412
19	discolor	0.00001412
19	fenfation	0.00001412
19	ufe	0.00001412
19	stinck	0.00001412
19	pernicious	0.00001412
19	fetid ichorous	0.00001412
19	fetid perspiration	0.00001412
19	refresh	0.00001348
19	mosquito	0.00001348
19	pomatum	0.00001348
19	fervid	0.00001348
19	invigorate	0.00001348
19	lmell	0.00001348
19	sigh	0.00001348
19	itch	0.00001348
19	smeli	0.00001348
19	stink vapour	0.00001348
19	steams	0.00001348
19	sleet	0.00001348
19	charge	0.00001348
19	aromatie	0.00001348
19	aromaticum	0.00001348
19	scented breeze	0.00001348
19	repellent	0.00001348
19	cosmetic	0.00001348
19	fetid diarrhoea	0.00001348
19	stance	0.00001348
19	stroma	0.00001348
19	nerve	0.00001348
19	e c	0.00001348
19	cheesy	0.00001348
19	olfactor	0.00001348
19	gore	0.00001284
19	achromatic	0.00001284
19	avhiff	0.00001284
19	lukewarm	0.00001284
19	stinker	0.00001284
19	stuffy	0.00001284
19	omnivorous	0.00001284
19	stale	0.00001284
19	pallor	0.00001284
19	impression	0.00001284
19	halitus	0.00001284
19	putrid putrid	0.00001220
19	phosphoric	0.00001220
19	reek vapour	0.00001220
19	olfacto	0.00001220
19	noxious effluvium	0.00001220
19	odorous ooze	0.00001220
19	gush	0.00001220
19	send	0.00001220
19	tang	0.00001220
19	mixture	0.00001220
19	violet	0.00001220
19	membrance	0.00001220
19	odorare	0.00001220
19	sludge	0.00001220
19	putrefactive	0.00001220
19	viscid	0.00001220
19	erous	0.00001220
19	acrimonious	0.00001220
19	exhala -	0.00001220
19	oxidizer	0.00001220
19	perfe	0.00001220
19	anaemic	0.00001220
19	fmel	0.00001155
19	farinaceous	0.00001155
19	percolation	0.00001155
19	odour smell	0.00001155
19	sauour	0.00001155
19	fragrant balm	0.00001155
19	frizzle	0.00001155
19	pallid	0.00001155
19	odou	0.00001155
19	bmell	0.00001155
19	fetid fume	0.00001155
19	stinkand	0.00001155
19	wreath	0.00001155
19	smell fume	0.00001155
19	pungency	0.00001155
19	intolerant	0.00001155
19	oleaginous	0.00001155
19	give	0.00001155
19	nosing	0.00001155
19	flavorous	0.00001155
19	slush	0.00001155
19	offensiveness	0.00001155
19	oxidise	0.00001155
19	fibre	0.00001155
19	olf	0.00001155
19	ulcer	0.00001155
19	infipid	0.00001155
19	secretion	0.00001155
19	poignant	0.00001155
19	ordoriferous	0.00001155
19	infufum	0.00001155
19	amorphous	0.00001155
19	savorous	0.00001155
19	rs	0.00001091
19	scorch	0.00001091
19	one	0.00001091
19	sprinkle	0.00001091
19	trammelle	0.00001091
19	sapour	0.00001091
19	herbaceous	0.00001091
19	fragrant breeze	0.00001091
19	odorin	0.00001091
19	pervade	0.00001091
19	reek fume	0.00001091
19	flammable	0.00001091
19	garlicky	0.00001091
19	pellucid	0.00001091
19	appetizer	0.00001091
19	rasp	0.00001091
19	deodorizing	0.00001091
19	nitrous fume	0.00001091
19	perfuade	0.00001091
19	deâ	0.00001091
19	halation	0.00001091
19	frank	0.00001091
19	fragrant sigh	0.00001027
19	vista	0.00001027
19	scent exhale	0.00001027
19	snuffe	0.00001027
19	fem	0.00001027
19	efhuvia	0.00001027
19	aromatic exhalation	0.00001027
19	speck	0.00001027
19	odorous essence	0.00001027
19	cdour	0.00001027
19	skunk	0.00001027
19	perfumeless	0.00001027
19	deodorized	0.00001027
19	compound	0.00001027
19	infus	0.00001027
19	cat	0.00001027
19	balfam	0.00001027
19	odouiâ	0.00001027
19	odorator	0.00001027
19	scent - ed	0.00000963
19	fervor	0.00000963
19	umbrageous	0.00000963
19	effervescence	0.00000963
19	scented woodland	0.00000963
19	odour '	0.00000963
19	linger	0.00000963
19	odorous fume	0.00000963
19	flowery	0.00000963
19	fragrant vapour	0.00000963
19	pleasant	0.00000963
19	narcissus	0.00000963
19	smelting	0.00000963
19	abomination	0.00000963
19	smell scent	0.00000963
19	scente	0.00000963
19	soaps	0.00000963
19	stinketh	0.00000963
19	aromatic pungent	0.00000963
19	gangrenous	0.00000963
19	efiluvium	0.00000963
19	difufe	0.00000963
19	suffumigation	0.00000963
19	ect	0.00000963
19	enchondroma	0.00000963
19	fragran	0.00000963
19	aromatic perfume	0.00000899
19	anxiety	0.00000899
19	foul vapours	0.00000899
19	trid	0.00000899
19	rich	0.00000899
19	odoriferant	0.00000899
19	filthy	0.00000899
19	unmelted	0.00000899
19	foul breath	0.00000899
19	ofdoor	0.00000899
19	appetiser	0.00000899
19	odoriferous effluvium	0.00000899
19	malarious	0.00000899
19	fugacious	0.00000899
19	unhealthy	0.00000899
19	remelt	0.00000899
19	deodorise	0.00000899
19	toxin	0.00000899
19	apochromatic	0.00000899
19	styptic	0.00000899
19	feetid	0.00000899
19	aromatic umbelliferous	0.00000899
19	refume	0.00000899
19	sweat	0.00000899
19	ter	0.00000899
19	stinking mucus	0.00000899
19	fetid evacuation	0.00000899
19	colour	0.00000899
19	emetin	0.00000899
19	antiperiodic	0.00000899
19	odorine	0.00000899
19	saccharine	0.00000899
19	breath '	0.00000834
19	confufion	0.00000834
19	sordid	0.00000834
19	- scent	0.00000834
19	aromatic liqueur	0.00000834
19	oil	0.00000834
19	stink stink	0.00000834
19	frightful	0.00000834
19	shriek	0.00000834
19	nastiness	0.00000834
19	perfume essence	0.00000834
19	odoris	0.00000834
19	odoriferous fume	0.00000834
19	peifume	0.00000834
19	scent scenting	0.00000834
19	spelt	0.00000834
19	tonic	0.00000834
19	miasmatic	0.00000834
19	leave	0.00000834
19	aetive	0.00000834
19	smell essence	0.00000834
19	scent snuff	0.00000834
19	purify	0.00000834
19	acid	0.00000834
19	e r w e n	0.00000834
19	scent - ing	0.00000834
19	odotir	0.00000834
19	fugar	0.00000834
19	inhala	0.00000834
19	smell salt	0.00000834
19	fluid	0.00000834
19	aphrodisiac	0.00000834
19	odoâ	0.00000834
19	odo - riferous	0.00000834
19	whifk	0.00000834
19	antifeptic	0.00000834
19	aromatic property	0.00000834
19	mildew	0.00000770
19	odoriferous smell	0.00000770
19	odorous scent	0.00000770
19	fumigation	0.00000770
19	scentful	0.00000770
19	fragrant fume	0.00000770
19	odour perfume	0.00000770
19	smeue	0.00000770
19	brummell	0.00000770
19	aromatic breeze	0.00000770
19	intoxicate intoxicate	0.00000770
19	grateful	0.00000770
19	fetid vapours	0.00000770
19	statue	0.00000770
19	pestiferous emanation	0.00000770
19	smell smelling	0.00000770
19	tandour	0.00000770
19	ravenous	0.00000770
19	wondrous	0.00000770
19	obnoxious obnoxious	0.00000770
19	scented snuff	0.00000770
19	liquid	0.00000770
19	trammel	0.00000770
19	sme	0.00000770
19	carmine	0.00000770
19	nosegay	0.00000770
19	smudge	0.00000770
19	stenchy	0.00000770
19	illsmelle	0.00000770
19	perfame	0.00000770
19	apour	0.00000770
19	intoxicant	0.00000770
19	nostrum	0.00000770
19	medicate	0.00000770
19	injurious	0.00000770
19	aftertaste	0.00000770
19	intoxi	0.00000770
19	balfamic	0.00000770
19	femur	0.00000770
19	fetid sweat	0.00000770
19	odoral	0.00000770
19	le	0.00000770
19	bromate	0.00000770
19	chromat	0.00000770
19	scent ' ed	0.00000770
19	clayey	0.00000770
19	carnivorous	0.00000706
19	putrefy	0.00000706
19	scented perfume	0.00000706
19	odorous breathe	0.00000706
19	smother	0.00000706
19	sweetsmelle sweetsmelle	0.00000706
19	rarifie	0.00000706
19	candy	0.00000706
19	aromalic	0.00000706
19	sion	0.00000706
19	oxidate	0.00000706
19	tepid	0.00000706
19	dank	0.00000706
19	luxurious	0.00000706
19	bloom	0.00000706
19	fragrant incense	0.00000706
19	intolerance	0.00000706
19	extract	0.00000706
19	bouquet	0.00000706
19	shampoo	0.00000706
19	ring	0.00000706
19	puffing	0.00000706
19	effluvia smell	0.00000706
19	odous	0.00000706
19	aldour	0.00000706
19	aromatic flavour	0.00000706
19	aroma - tic	0.00000706
19	fye	0.00000706
19	deodor	0.00000706
19	alfume	0.00000706
19	fpicy	0.00000706
19	foul putrid	0.00000706
19	fcent	0.00000706
19	fetid feculent	0.00000706
19	occur	0.00000706
19	geneous	0.00000706
19	abufe	0.00000706
19	rfume	0.00000706
19	pleafure	0.00000706
19	noxious noxious	0.00000642
19	perfum ' breath	0.00000642
19	tranquil	0.00000642
19	perfume exhale	0.00000642
19	wanton	0.00000642
19	splendor	0.00000642
19	fragrance perfume	0.00000642
19	samic	0.00000642
19	effluvia effluvia	0.00000642
19	perfume breath '	0.00000642
19	pure	0.00000642
19	odoriferous gum	0.00000642
19	pour	0.00000642
19	scented powder	0.00000642
19	fetid mist	0.00000642
19	livid	0.00000642
19	diffuse	0.00000642
19	sprightly	0.00000642
19	juicy	0.00000642
19	sudatory	0.00000642
19	perfume breathe	0.00000642
19	perfumar	0.00000642
19	- reek	0.00000642
19	polluted	0.00000642
19	snuff '	0.00000642
19	indolence	0.00000642
19	smell aromatic	0.00000642
19	efflorescent	0.00000642
19	savours	0.00000642
19	sulphurous fume	0.00000642
19	chilly	0.00000642
19	sweetscented	0.00000642
19	breath reek	0.00000642
19	delightful	0.00000642
19	look	0.00000642
19	smels	0.00000642
19	noxious odor	0.00000642
19	discolour	0.00000642
19	malodourous	0.00000642
19	stinky	0.00000642
19	scentâ	0.00000642
19	aromaticall	0.00000642
19	treafure	0.00000642
19	clamminess	0.00000642
19	exhalaâ	0.00000642
19	scybalous	0.00000642
19	febrifugal	0.00000642
19	exfude	0.00000642
19	olfactory mucous	0.00000642
19	crust	0.00000642
19	breath stunk	0.00000642
19	profluvia	0.00000642
19	oleraceous	0.00000642
19	rhinoscleroma	0.00000642
19	perfon	0.00000642
19	anaerobic	0.00000642
19	dofe	0.00000642
19	tricoccous	0.00000642
19	sour	0.00000642
19	aluminofum	0.00000642
19	oisonous	0.00000642
19	ietid	0.00000642
19	profufion	0.00000642
19	cetid	0.00000642
19	p e p	0.00000642
19	dark	0.00000642
19	odoue	0.00000642
19	hum	0.00000578
19	odorific	0.00000578
19	odouris	0.00000578
19	vapour smelling	0.00000578
19	contaminate	0.00000578
19	prance	0.00000578
19	fervour	0.00000578
19	fill	0.00000578
19	reek - ing	0.00000578
19	aromatic odour	0.00000578
19	potent	0.00000578
19	ordour	0.00000578
19	illume	0.00000578
19	odorous perfume	0.00000578
19	perfume breeze	0.00000578
19	drizzle	0.00000578
19	superstitious	0.00000578
19	loud	0.00000578
19	cloud	0.00000578
19	shower	0.00000578
19	fragrant mead	0.00000578
19	stench -	0.00000578
19	odious	0.00000578
19	amulet	0.00000578
19	worid	0.00000578
19	pungent aromatic	0.00000578
19	manytinte	0.00000578
19	scented blossom	0.00000578
19	wash	0.00000578
19	radiance	0.00000578
19	reek sod	0.00000578
19	permeate	0.00000578
19	rosetinte	0.00000578
19	hurtful	0.00000578
19	emit	0.00000578
19	monochromatic	0.00000578
19	smell stink	0.00000578
19	humid	0.00000578
19	hydrate	0.00000578
19	stain	0.00000578
19	gem	0.00000578
19	iromatic	0.00000578
19	lurid	0.00000578
19	flower	0.00000578
19	narcotic	0.00000578
19	scented spray	0.00000578
19	whizz	0.00000578
19	scented pomade	0.00000578
19	stuff	0.00000578
19	smell ing	0.00000578
19	perfumeâ	0.00000578
19	smell odor	0.00000578
19	disinfectant	0.00000578
19	morbific	0.00000578
19	insipid	0.00000578
19	fect	0.00000578
19	lodol	0.00000578
19	influ	0.00000578
19	snulf	0.00000578
19	vifcous	0.00000578
19	fietid	0.00000578
19	oceur	0.00000578
19	tize	0.00000578
19	okactory	0.00000578
19	afafoetida	0.00000578
19	chromas	0.00000578
19	fric	0.00000578
19	ffuid	0.00000578
19	virulent	0.00000578
19	foporific	0.00000578
19	aromatic fumigation	0.00000578
19	chondroma	0.00000578
19	iffue	0.00000578
19	pebfume	0.00000578
19	perfumes scent	0.00000514
19	unguent	0.00000514
19	smel '	0.00000514
19	aromatic sweetness	0.00000514
19	perfume aromatic	0.00000514
19	smeu	0.00000514
19	woodland	0.00000514
19	plume	0.00000514
19	odorous balm	0.00000514
19	scented essence	0.00000514
19	mild	0.00000514
19	embalm	0.00000514
19	perfumerie	0.00000514
19	scented vapour	0.00000514
19	putrid breath	0.00000514
19	- smell	0.00000514
19	infuriate	0.00000514
19	odorous bloom	0.00000514
19	rorid	0.00000514
19	froth	0.00000514
19	rascal	0.00000514
19	verance	0.00000514
19	trammell '	0.00000514
19	thick	0.00000514
19	fragrant exhalation	0.00000514
19	perfuma	0.00000514
19	odoriferous fragrance	0.00000514
19	pandour	0.00000514
19	eek	0.00000514
19	obscene	0.00000514
19	crest	0.00000514
19	croak	0.00000514
19	sick	0.00000514
19	sweet perfume	0.00000514
19	foul air	0.00000514
19	languid	0.00000514
19	charm	0.00000514
19	shed	0.00000514
19	calomel	0.00000514
19	smeus	0.00000514
19	evilsmelle	0.00000514
19	miasmic	0.00000514
19	shimmer	0.00000514
19	button	0.00000514
19	bathe	0.00000514
19	hydrant	0.00000514
19	vociferous	0.00000514
19	pant	0.00000514
19	smell foul	0.00000514
19	whispering	0.00000514
19	smuts	0.00000514
19	mosquitoes	0.00000514
19	valour	0.00000514
19	whistle	0.00000514
19	spoor	0.00000514
19	smell effluvia	0.00000514
19	choke	0.00000514
19	stinkt	0.00000514
19	spirituous	0.00000514
19	ddour	0.00000514
19	fetid odor	0.00000514
19	nasty	0.00000514
19	aromatique	0.00000514
19	vinegar	0.00000514
19	effluvium nuisance	0.00000514
19	ation	0.00000514
19	ate	0.00000514
19	sanguinolent	0.00000514
19	smelb	0.00000514
19	expofure	0.00000514
19	smell indol	0.00000514
19	overdose	0.00000514
19	affume	0.00000514
19	expectoration	0.00000514
19	odoar	0.00000514
19	perfumâ	0.00000514
19	offensive crust	0.00000514
19	smel - le	0.00000514
19	eflect	0.00000514
19	odorent	0.00000514
19	frefh	0.00000514
19	scatol	0.00000514
19	deodoriza	0.00000514
19	vaporize	0.00000514
19	alkohol	0.00000514
19	fibrous	0.00000514
19	aromatico	0.00000514
19	fetid serosity	0.00000514
19	odore aroma	0.00000514
19	bile	0.00000514
19	effluâ	0.00000514
19	faetid	0.00000514
19	fetid gum	0.00000514
19	ferve	0.00000514
19	lochia	0.00000514
19	snuflf	0.00000514
19	apodous	0.00000514
19	oetor	0.00000514
19	belliferous	0.00000514
19	whifper	0.00000449
19	enamour	0.00000449
19	aniseed	0.00000449
19	putrid miasm	0.00000449
19	odorous sweet	0.00000449
19	inuendoe	0.00000449
19	ode	0.00000449
19	noxious air	0.00000449
19	scent scented	0.00000449
19	breath stink	0.00000449
19	cordial	0.00000449
19	spirit	0.00000449
19	unfum '	0.00000449
19	smell '	0.00000449
19	spume	0.00000449
19	putrifie	0.00000449
19	strews	0.00000449
19	smell fragrance	0.00000449
19	perfumeladen	0.00000449
19	sensation	0.00000449
19	exhalant	0.00000449
19	drizzling	0.00000449
19	take	0.00000449
19	odorous breathing	0.00000449
19	obnoxious effluvia	0.00000449
19	subterfuge	0.00000449
19	sod	0.00000449
19	perfuman	0.00000449
19	reek breath	0.00000449
19	carbonaceous	0.00000449
19	fringe	0.00000449
19	polish	0.00000449
19	inhaling	0.00000449
19	snuffed	0.00000449
19	sniffed	0.00000449
19	frille	0.00000449
19	exuding	0.00000449
19	spilt	0.00000449
19	spongy	0.00000449
19	scentless breath	0.00000449
19	blossoming	0.00000449
19	nosed	0.00000449
19	succulent	0.00000449
19	snuffle	0.00000449
19	fumet	0.00000449
19	odorst	0.00000449
19	fry	0.00000449
19	scent smell	0.00000449
19	vaporous	0.00000449
19	drowsy	0.00000449
19	fusty	0.00000449
19	hazy	0.00000449
19	smell fetid	0.00000449
19	stin	0.00000449
19	embalmed	0.00000449
19	rosy	0.00000449
19	property	0.00000449
19	hallucination	0.00000449
19	aphis	0.00000449
19	- ed	0.00000449
19	fetidâ	0.00000449
19	fmell - ing	0.00000449
19	oxid	0.00000449
19	nofe	0.00000449
19	fetid expectoration	0.00000449
19	arance	0.00000449
19	nitrogenous	0.00000449
19	confump	0.00000449
19	homologous	0.00000449
19	oxido	0.00000449
19	stink ichor	0.00000449
19	efiiuvia	0.00000449
19	odoran	0.00000449
19	ftetid	0.00000449
19	eetid	0.00000449
19	foetid emanation	0.00000449
19	fpongiofum	0.00000449
19	tiavour	0.00000449
19	ffum	0.00000449
19	fubftance	0.00000449
19	odorous fragrant	0.00000449
19	aromatic acid	0.00000449
19	toxic	0.00000449
19	odoiiferous	0.00000449
19	tlie	0.00000449
19	fetid bilious	0.00000449
19	desiccative	0.00000449
19	stinking mist	0.00000449
19	odorâ	0.00000449
19	ink	0.00000449
19	faecal	0.00000449
19	tumid	0.00000449
19	either	0.00000449
19	odout	0.00000449
19	mammiferous	0.00000449
19	petrofum	0.00000449
19	cetor	0.00000449
19	fetit	0.00000449
19	musick	0.00000385
19	whisper	0.00000385
19	vapour vapour	0.00000385
19	fœtor	0.00000385
19	rancidity	0.00000385
19	whiff '	0.00000385
19	ornament	0.00000385
19	miasmata	0.00000385
19	odoriferous stench	0.00000385
19	aromatic spirit	0.00000385
19	nostril snuff	0.00000385
19	perfume breathing	0.00000385
19	frigoric	0.00000385
19	allure	0.00000385
19	alluring	0.00000385
19	arach	0.00000385
19	tragrant	0.00000385
19	scenteth	0.00000385
19	stincke	0.00000385
19	anecdotic	0.00000385
19	de	0.00000385
19	baneful	0.00000385
19	whid	0.00000385
19	smell savor	0.00000385
19	extraneous	0.00000385
19	cosmetize	0.00000385
19	odoriforous	0.00000385
19	caress	0.00000385
19	wintry	0.00000385
19	fragrant thyme	0.00000385
19	moan	0.00000385
19	infernal	0.00000385
19	odor scent	0.00000385
19	romantic	0.00000385
19	scented soap	0.00000385
19	odorous effluvium	0.00000385
19	vase	0.00000385
19	stink rascal	0.00000385
19	nauseous fume	0.00000385
19	breath scent	0.00000385
19	simmer	0.00000385
19	inspire	0.00000385
19	sweetsmelle sweetsmelling	0.00000385
19	invite	0.00000385
19	inodoriferous	0.00000385
19	unperfume	0.00000385
19	fetid ooze	0.00000385
19	ful	0.00000385
19	pestilent	0.00000385
19	putrid miasma	0.00000385
19	dead	0.00000385
19	disdainful	0.00000385
19	murmurous	0.00000385
19	perfume shower	0.00000385
19	tinge	0.00000385
19	array	0.00000385
19	effusion	0.00000385
19	herb	0.00000385
19	effluvias	0.00000385
19	r	0.00000385
19	glistening	0.00000385
19	scented caper	0.00000385
19	ivy	0.00000385
19	tar	0.00000385
19	smelbng	0.00000385
19	nectar	0.00000385
19	bosky	0.00000385
19	growth	0.00000385
19	olfacto -	0.00000385
19	wud	0.00000385
19	briny	0.00000385
19	daisie	0.00000385
19	noxiousness	0.00000385
19	bear	0.00000385
19	trail	0.00000385
19	snoke	0.00000385
19	silk	0.00000385
19	tropic	0.00000385
19	cloy	0.00000385
19	pomatume	0.00000385
19	aromatous	0.00000385
19	oozing	0.00000385
19	contagion	0.00000385
19	love	0.00000385
19	torpid	0.00000385
19	nostril sniff	0.00000385
19	odoux	0.00000385
19	scent ed	0.00000385
19	fragrant perfume	0.00000385
19	alchohol	0.00000385
19	liour	0.00000385
19	smell essential	0.00000385
19	perfume otto	0.00000385
19	perfumatorie	0.00000385
19	sputter	0.00000385
19	calefaceous	0.00000385
19	cream	0.00000385
19	stincan	0.00000385
19	humour	0.00000385
19	sudoriparous	0.00000385
19	breath fragrant	0.00000385
19	ambergris	0.00000385
19	gland	0.00000385
19	dry	0.00000385
19	anhydrous	0.00000385
19	smell emanation	0.00000385
19	parfumer	0.00000385
19	emetina	0.00000385
19	fpirit	0.00000385
19	tor	0.00000385
19	fetid secretion	0.00000385
19	diffluent	0.00000385
19	mufk	0.00000385
19	nocuous	0.00000385
19	effufe	0.00000385
19	smelh	0.00000385
19	refinous	0.00000385
19	ufeful	0.00000385
19	ellluvia	0.00000385
19	effuse	0.00000385
19	malignant	0.00000385
19	olfactory impression	0.00000385
19	tranflucent	0.00000385
19	morbid	0.00000385
19	oetid	0.00000385
19	unscented	0.00000385
19	deprave	0.00000385
19	fomid	0.00000385
19	effec	0.00000385
19	smel -	0.00000385
19	diffus	0.00000385
19	secrete	0.00000385
19	odoriferous resinous	0.00000385
19	fcanty	0.00000385
19	fseculent	0.00000385
19	fetid purulent	0.00000385
19	purifying	0.00000385
19	semifluid	0.00000385
19	fetus	0.00000385
19	tafle	0.00000385
19	offensive pus	0.00000385
19	odoration	0.00000385
19	stinkende	0.00000385
19	aromatic pungency	0.00000385
19	terebinthinate	0.00000385
19	noxious miasm	0.00000385
19	smellingâ	0.00000385
19	infect	0.00000385
19	smear	0.00000385
19	tastable	0.00000385
19	ftercoraceous	0.00000385
19	dorous	0.00000385
19	odoror	0.00000385
19	tiferous	0.00000385
19	p	0.00000385
19	pasty	0.00000385
19	almond	0.00000385
19	shreddy	0.00000385
19	inspissate	0.00000385
19	odorousâ	0.00000385
19	polyandrous	0.00000385
19	ffetid	0.00000385
19	stinmlate	0.00000385
19	chroma	0.00000385
19	terious	0.00000385
19	e r	0.00000385
19	lragrant	0.00000385
19	noisome mildew	0.00000321
19	licour	0.00000321
19	hamely	0.00000321
19	swarm	0.00000321
19	nauseous nauseous	0.00000321
19	odoriferous essential	0.00000321
19	perfume smell	0.00000321
19	perfume breezes	0.00000321
19	offend offending	0.00000321
19	aromatic gum	0.00000321
19	papist	0.00000321
19	udour	0.00000321
19	emanation emanation	0.00000321
19	fragrance inhale	0.00000321
19	paste	0.00000321
19	bark	0.00000321
19	offensive vapor	0.00000321
19	affluvia	0.00000321
19	ghastly	0.00000321
19	pellmell	0.00000321
19	coal	0.00000321
19	odour inhale	0.00000321
19	sniffing	0.00000321
19	cancroma	0.00000321
19	fragrant sod	0.00000321
19	odoriferous savour	0.00000321
19	- sion	0.00000321
19	slime	0.00000321
19	festoon	0.00000321
19	ferocious	0.00000321
19	mellifluous	0.00000321
19	schmell	0.00000321
19	produce	0.00000321
19	languor	0.00000321
19	fragrant zephyr	0.00000321
19	tamely	0.00000321
19	outpour	0.00000321
19	smell fragrant	0.00000321
19	spick	0.00000321
19	cool	0.00000321
19	obnoxious smell	0.00000321
19	ah	0.00000321
19	inflatus	0.00000321
19	rainbowtinte	0.00000321
19	spicy breeze	0.00000321
19	evil	0.00000321
19	fragrant toil	0.00000321
19	fetid miasma	0.00000321
19	ugly	0.00000321
19	- breathe	0.00000321
19	aromatic tonic	0.00000321
19	gleam	0.00000321
19	scent tea	0.00000321
19	smelling -	0.00000321
19	smelter	0.00000321
19	balminess	0.00000321
19	foulsmelle	0.00000321
19	stink ooze	0.00000321
19	fetter	0.00000321
19	cankerous	0.00000321
19	mud	0.00000321
19	stanke	0.00000321
19	cistus	0.00000321
19	outsmelle	0.00000321
19	fizz	0.00000321
19	silence	0.00000321
19	delight	0.00000321
19	musky	0.00000321
19	emission	0.00000321
19	shank	0.00000321
19	untainted	0.00000321
19	scent spray	0.00000321
19	foul vapour	0.00000321
19	delicatelytinte	0.00000321
19	lace	0.00000321
19	suggestive	0.00000321
19	halldoor	0.00000321
19	rimmell	0.00000321
19	vagrance	0.00000321
19	appetit	0.00000321
19	smell atmosphere	0.00000321
19	slumbrous	0.00000321
19	- ing	0.00000321
19	ososweet	0.00000321
19	fiagrance	0.00000321
19	grove	0.00000321
19	smell odoriferous	0.00000321
19	requisite	0.00000321
19	effluvial	0.00000321
19	keen	0.00000321
19	colourful	0.00000321
19	scented lubricity	0.00000321
19	heat	0.00000321
19	pungent essence	0.00000321
19	opaque	0.00000321
19	overpower	0.00000321
19	perfumèd	0.00000321
19	cesspool	0.00000321
19	odoriser	0.00000321
19	smell gas	0.00000321
19	noisome vapour	0.00000321
19	ointment	0.00000321
19	effluviae	0.00000321
19	sneez	0.00000321
19	fent	0.00000321
19	fanguiferous	0.00000321
19	ize	0.00000321
19	skatol	0.00000321
19	influ -	0.00000321
19	ifactory	0.00000321
19	aromatic fubftance	0.00000321
19	fome	0.00000321
19	fimell	0.00000321
19	offensive gas	0.00000321
19	smelf	0.00000321
19	afid	0.00000321
19	fomite	0.00000321
19	nauseous garlick	0.00000321
19	fetid albuminous	0.00000321
19	scentcd	0.00000321
19	offensive liquid	0.00000321
19	vium	0.00000321
19	adoriferous	0.00000321
19	odoim	0.00000321
19	refem	0.00000321
19	odorous poison	0.00000321
19	ftrong	0.00000321
19	davour	0.00000321
19	odorer	0.00000321
19	deodoriz	0.00000321
19	offensive putrid	0.00000321
19	toxine	0.00000321
19	smell otto	0.00000321
19	tuberance	0.00000321
19	jdour	0.00000321
19	aromatic fragrant	0.00000321
19	unclean	0.00000321
19	noxious emana	0.00000321
19	odoiur	0.00000321
19	odoriferous fumigation	0.00000321
19	ticis	0.00000321
19	fetid effluvia	0.00000321
19	aphorifm	0.00000321
19	foul ichorous	0.00000321
19	scented tea	0.00000321
19	late	0.00000321
19	emetic	0.00000321
19	genous	0.00000321
19	racter	0.00000321
19	odorifâ	0.00000321
19	leterious	0.00000321
19	infusorium	0.00000321
19	fetid semifluid	0.00000321
19	reek miasm	0.00000321
19	smell alkaline	0.00000321
19	absorber	0.00000321
19	efliuvia	0.00000321
19	glaffy	0.00000321
19	titious	0.00000321
19	excoriate	0.00000321
19	tmell	0.00000321
19	fetidus	0.00000321
19	innoxious	0.00000321
19	arife	0.00000321
19	malodorous emanation	0.00000321
19	smok -	0.00000321
19	perfec	0.00000321
19	fragiâ	0.00000321
19	foul discharge	0.00000321
19	oduur	0.00000321
19	fuppofe	0.00000321
19	odorizer	0.00000321
19	efflorescence	0.00000321
19	resiniferous	0.00000321
19	oleaceous	0.00000321
19	arsenious	0.00000321
19	stinh	0.00000321
19	gfum	0.00000321
19	aromatis	0.00000257
19	odorif	0.00000257
19	enchant	0.00000257
19	hailfum	0.00000257
19	aromatik	0.00000257
19	oderate	0.00000257
19	aveed	0.00000257
19	exude	0.00000257
19	fressi	0.00000257
19	perfume perfumes	0.00000257
19	smoake	0.00000257
19	rennet	0.00000257
19	fetid atmosphere	0.00000257
19	fragrauce	0.00000257
19	apours	0.00000257
19	unperfumed	0.00000257
19	fragrancy perfume	0.00000257
19	ambrosial	0.00000257
19	breath exhale	0.00000257
19	stinkards	0.00000257
19	odorilerous	0.00000257
19	purple	0.00000257
19	pilofum	0.00000257
19	odouf	0.00000257
19	6mell	0.00000257
19	evergreen	0.00000257
19	sidol	0.00000257
19	liquour	0.00000257
19	melodious	0.00000257
19	myrtaceous	0.00000257
19	ravish	0.00000257
19	whiff whiffing	0.00000257
19	perfum perfum	0.00000257
19	chill	0.00000257
19	chilling	0.00000257
19	yearn	0.00000257
19	smellome	0.00000257
19	chirp	0.00000257
19	glitter	0.00000257
19	murmur	0.00000257
19	tone	0.00000257
19	hueless	0.00000257
19	mery	0.00000257
19	spicy breath	0.00000257
19	caressing	0.00000257
19	stool	0.00000257
19	stinking arach	0.00000257
19	ood	0.00000257
19	salutiferous	0.00000257
19	scink	0.00000257
19	delectable	0.00000257
19	fragrant sweet	0.00000257
19	smelte	0.00000257
19	avork	0.00000257
19	scenter	0.00000257
19	lustre	0.00000257
19	voluptuous	0.00000257
19	flutter	0.00000257
19	aromatic snuff	0.00000257
19	liquor	0.00000257
19	muggy	0.00000257
19	lugubrious	0.00000257
19	dysentery	0.00000257
19	comb	0.00000257
19	purer	0.00000257
19	scent od	0.00000257
19	perdous	0.00000257
19	satanic	0.00000257
19	odorously	0.00000257
19	perfume blossom	0.00000257
19	whiskyfie	0.00000257
19	spiciness	0.00000257
19	comfit	0.00000257
19	stine	0.00000257
19	brilliancy	0.00000257
19	aromas aromas	0.00000257
19	fauour	0.00000257
19	diabolical	0.00000257
19	diabolical stimulant	0.00000257
19	stinkpot	0.00000257
19	disodour	0.00000257
19	hovel	0.00000257
19	spud	0.00000257
19	aromatic breathe	0.00000257
19	dingy	0.00000257
19	hint	0.00000257
19	occult	0.00000257
19	percolate	0.00000257
19	fragrant oily	0.00000257
19	floral	0.00000257
19	odouis	0.00000257
19	mote	0.00000257
19	frill	0.00000257
19	reeked	0.00000257
19	foul reek	0.00000257
19	nostrils snuff	0.00000257
19	titillating	0.00000257
19	downpour downpour	0.00000257
19	disquiet	0.00000257
19	odorious	0.00000257
19	reek reeking	0.00000257
19	scented shower	0.00000257
19	powdered	0.00000257
19	ouactory	0.00000257
19	whif	0.00000257
19	perky	0.00000257
19	oolour	0.00000257
19	powerfullysmelle	0.00000257
19	perfume vapour	0.00000257
19	around	0.00000257
19	famishing	0.00000257
19	fetid hovel	0.00000257
19	france	0.00000257
19	stin -	0.00000257
19	bearing	0.00000257
19	eare	0.00000257
19	lucent	0.00000257
19	noisomeness	0.00000257
19	vermin	0.00000257
19	ragrant	0.00000257
19	savoured	0.00000257
19	odoriferousness	0.00000257
19	astincke	0.00000257
19	strongsmelling	0.00000257
19	crackle	0.00000257
19	tlieir	0.00000257
19	verminous	0.00000257
19	polychromatic	0.00000257
19	nostalgia	0.00000257
19	dewy	0.00000257
19	soft	0.00000257
19	pestiferous vapour	0.00000257
19	mougik	0.00000257
19	alyssum	0.00000257
19	ome	0.00000257
19	canker	0.00000257
19	fragrant sweetness	0.00000257
19	fluff	0.00000257
19	ohactory	0.00000257
19	pastime	0.00000257
19	fan	0.00000257
19	stinking varmint	0.00000257
19	varmint	0.00000257
19	scentin	0.00000257
19	noxious breath	0.00000257
19	melancholious	0.00000257
19	pest	0.00000257
19	sweetlysmelle	0.00000257
19	smellaby	0.00000257
19	petalle	0.00000257
19	spicier	0.00000257
19	scented aromatic	0.00000257
19	stinc	0.00000257
19	rill	0.00000257
19	feline	0.00000257
19	obnoxious fume	0.00000257
19	skinke	0.00000257
19	patronize	0.00000257
19	shameful	0.00000257
19	stenchful	0.00000257
19	fluffy	0.00000257
19	fad	0.00000257
19	fetizo	0.00000257
19	chemical	0.00000257
19	lilac	0.00000257
19	serenade	0.00000257
19	aura	0.00000257
19	strongly	0.00000257
19	stinkig	0.00000257
19	odoriferus	0.00000257
19	incensing	0.00000257
19	fragrant charm	0.00000257
19	odorifeious	0.00000257
19	repel	0.00000257
19	fumes	0.00000257
19	noisom	0.00000257
19	stinkle	0.00000257
19	fructiferous	0.00000257
19	orchis	0.00000257
19	smudgy	0.00000257
19	- fume	0.00000257
19	tauow	0.00000257
19	dreamy	0.00000257
19	enamel	0.00000257
19	tume	0.00000257
19	puddle	0.00000257
19	inhale perfume	0.00000257
19	smelliug	0.00000257
19	phlegm	0.00000257
19	perfume essential	0.00000257
19	rosemary	0.00000257
19	ammoniacal	0.00000257
19	trance	0.00000257
19	odor smell	0.00000257
19	gustatory	0.00000257
19	madden	0.00000257
19	palatable	0.00000257
19	cernminous	0.00000257
19	resin	0.00000257
19	musk	0.00000257
19	champak	0.00000257
19	spikenard	0.00000257
19	hovenia	0.00000257
19	stonk	0.00000257
19	touch	0.00000257
19	smellier	0.00000257
19	hear	0.00000257
19	noxious exhala	0.00000257
19	ddbris	0.00000257
19	furfurol	0.00000257
19	toxicate	0.00000257
19	lick	0.00000257
19	odouri	0.00000257
19	fplendour	0.00000257
19	aromatid	0.00000257
19	perfeft	0.00000257
19	fnuffe	0.00000257
19	hypertrophy	0.00000257
19	nous	0.00000257
19	tranfude	0.00000257
19	mahometanism	0.00000257
19	floriferous	0.00000257
19	umbelliferous aromatic	0.00000257
19	infuf	0.00000257
19	acholic	0.00000257
19	excretion	0.00000257
19	ish	0.00000257
19	sense	0.00000257
19	repulsive	0.00000257
19	effed	0.00000257
19	bifidous	0.00000257
19	caloric	0.00000257
19	fluoric	0.00000257
19	vigorate	0.00000257
19	smell putrid	0.00000257
19	aromatic emana	0.00000257
19	nauseant	0.00000257
19	fojtid	0.00000257
19	fetidi	0.00000257
19	sulphide	0.00000257
19	olfactif	0.00000257
19	unmellowe	0.00000257
19	exuvia	0.00000257
19	mesmeric	0.00000257
19	lesion	0.00000257
19	putrid offensive	0.00000257
19	odorous essential	0.00000257
19	putrid hydatid	0.00000257
19	jierfume	0.00000257
19	w r	0.00000257
19	aromatic spirituous	0.00000257
19	fmoak	0.00000257
19	fmelleth	0.00000257
19	disease	0.00000257
19	fretid	0.00000257
19	oleous	0.00000257
19	p e n	0.00000257
19	hysteria	0.00000257
19	aromafic	0.00000257
19	oecur	0.00000257
19	hromatic	0.00000257
19	nauseous bitterness	0.00000257
19	profumo	0.00000257
19	perfume spray	0.00000257
19	profumate	0.00000257
19	sniell	0.00000257
19	profane	0.00000257
19	olfactoria	0.00000257
19	eetish	0.00000257
19	ise	0.00000257
19	fcybala	0.00000257
19	eatable	0.00000257
19	qdour	0.00000257
19	jmell	0.00000257
19	camphoraceous	0.00000257
19	aromaâ	0.00000257
19	unpleasant	0.00000257
19	condenfe	0.00000257
19	fcctor	0.00000257
19	fectid	0.00000257
19	acetous	0.00000257
19	ismell	0.00000257
19	entozoa	0.00000257
19	sorde	0.00000257
19	carpel	0.00000257
19	miafma	0.00000257
19	dyschromatopsy	0.00000257
19	oxidi	0.00000257
19	odoruâ	0.00000257
19	villous	0.00000257
19	osmazome	0.00000257
19	aromatic vinegar	0.00000257
19	acter	0.00000257
19	odoious	0.00000257
19	odiosum	0.00000257
19	fetid gafe	0.00000257
19	gafe	0.00000257
19	pdour	0.00000257
19	impurity	0.00000257
19	scrofulous	0.00000257
19	oaour	0.00000257
19	- grance	0.00000257
19	camomile	0.00000257
19	unctuous	0.00000257
19	oxyd	0.00000257
19	fragrant odoriferous	0.00000257
19	slimy	0.00000257
19	profluvium	0.00000257
19	tary	0.00000257
19	anosmia	0.00000257
19	efluvia	0.00000257
19	tliey	0.00000257
19	vesicate	0.00000257
19	sudoriferous	0.00000257
19	olfactary	0.00000257
19	perfumei	0.00000257
19	vifeous	0.00000257
19	izer	0.00000257
19	leaky	0.00000257
19	smell discharge	0.00000257
19	fetid exudate	0.00000257
19	vifeid	0.00000257
19	osseous	0.00000257
19	califacient	0.00000257
19	erysipelas	0.00000257
19	cal	0.00000257
19	dis	0.00000257
19	congeal	0.00000257
19	infectious	0.00000257
19	clofe	0.00000257
19	gluey	0.00000257
19	antibromic	0.00000257
19	fetal	0.00000257
19	ftool	0.00000257
19	noxious fetor	0.00000257
19	noilome	0.00000257
19	scentec	0.00000257
19	deodorize putrid	0.00000257
19	fcaly	0.00000257
19	perceive	0.00000257
19	paridrose	0.00000257
19	serosity	0.00000257
19	empyreumatic	0.00000257
19	olfactivus	0.00000257
19	fetorâ	0.00000257
19	whifpere	0.00000257
19	falubrious	0.00000257
19	fumer	0.00000257
19	fietor	0.00000257
19	nant	0.00000257
19	oxigen	0.00000257
19	olfensive	0.00000257
19	fet	0.00000257
19	effect	0.00000257
19	fractur	0.00000257
19	noifome	0.00000257
19	lodour	0.00000257
19	odoirr	0.00000257
19	crystallisable	0.00000257
19	indodorous	0.00000257
19	perfumesâ	0.00000257
19	gloffy	0.00000257
19	coriaceous	0.00000257
19	tisch	0.00000257
19	woad	0.00000257
19	odouriferous	0.00000257
19	odoratm	0.00000257
19	unscente	0.00000257
19	fetid turbid	0.00000257
19	anisic	0.00000257
19	profumar	0.00000257
19	mdolent	0.00000257
19	aromatisk	0.00000257
19	broma	0.00000257
19	bastard	0.00000257
19	savour savour	0.00000193
19	pleasure	0.00000193
19	nausea	0.00000193
19	odorific gum	0.00000193
19	reek mead	0.00000193
19	perfume fragrance	0.00000193
19	odoriferous sauour	0.00000193
19	odorous trace	0.00000193
19	trace	0.00000193
19	fmeli	0.00000193
19	spoil	0.00000193
19	sragrancy	0.00000193
19	noxious putrid	0.00000193
19	poisonous vapour	0.00000193
19	odour odour	0.00000193
19	putrid fcetor	0.00000193
19	avood	0.00000193
19	smell ed	0.00000193
19	scented scented	0.00000193
19	odoratis	0.00000193
19	smeld	0.00000193
19	dishonour	0.00000193
19	fecula	0.00000193
19	sedum	0.00000193
19	fetishe	0.00000193
19	disregard	0.00000193
19	whicb	0.00000193
19	odoriferous sweet	0.00000193
19	hemipterous	0.00000193
19	odorous fragrance	0.00000193
19	fetid oily	0.00000193
19	putrid steam	0.00000193
19	fountain	0.00000193
19	vapoury	0.00000193
19	odorous aromatic	0.00000193
19	myrrh	0.00000193
19	adour	0.00000193
19	smell sulphur	0.00000193
19	exhilirate	0.00000193
19	debilitate	0.00000193
19	trifle	0.00000193
19	incen	0.00000193
19	breke	0.00000193
19	glisten	0.00000193
19	putrefie	0.00000193
19	scented zephyr	0.00000193
19	perfume paste	0.00000193
19	whig	0.00000193
19	stink ing	0.00000193
19	vitriolic	0.00000193
19	fetrit	0.00000193
19	aroma breath	0.00000193
19	lilie	0.00000193
19	ineffectual	0.00000193
19	e n	0.00000193
19	n n e	0.00000193
19	reek odour	0.00000193
19	smoak	0.00000193
19	fragraut	0.00000193
19	hubbub	0.00000193
19	breath perfum '	0.00000193
19	odorous wondrous	0.00000193
19	ringlete	0.00000193
19	btink	0.00000193
19	odoriferous breathing	0.00000193
19	p p e n	0.00000193
19	chillier	0.00000193
19	olfactum	0.00000193
19	odor - breathe	0.00000193
19	scented gum	0.00000193
19	ant	0.00000193
19	dew	0.00000193
19	gnat	0.00000193
19	balm perfume	0.00000193
19	ordor	0.00000193
19	glow	0.00000193
19	whiver	0.00000193
19	exhale perfume	0.00000193
19	putridity	0.00000193
19	stinkiug	0.00000193
19	apostrophize	0.00000193
19	odorous emission	0.00000193
19	wrid	0.00000193
19	stir	0.00000193
19	fern	0.00000193
19	odoriferous breeze	0.00000193
19	freshness	0.00000193
19	impetigo	0.00000193
19	manytinte manytinte	0.00000193
19	perfuine	0.00000193
19	snivel	0.00000193
19	smelung	0.00000193
19	ouactorie	0.00000193
19	wafting	0.00000193
19	jet	0.00000193
19	aromatic pomade	0.00000193
19	fragrant od	0.00000193
19	flacons	0.00000193
19	whistling	0.00000193
19	scent —	0.00000193
19	—	0.00000193
19	colourenamelle	0.00000193
19	greytinte	0.00000193
19	pestiferous pestiferous	0.00000193
19	softlytinte	0.00000193
19	smokin	0.00000193
19	seduction	0.00000193
19	unsavoury	0.00000193
19	odoriferous smel	0.00000193
19	draught	0.00000193
19	snuffin	0.00000193
19	rainbowtinte rainbowtinted	0.00000193
19	odor - laden	0.00000193
19	sprak	0.00000193
19	squalid	0.00000193
19	titillate	0.00000193
19	miasmas	0.00000193
19	reek miasma	0.00000193
19	blast	0.00000193
19	thuribule perfume	0.00000193
19	odorum	0.00000193
19	frag -	0.00000193
19	perfumde	0.00000193
19	smell exhala	0.00000193
19	gloame	0.00000193
19	slobber	0.00000193
19	tumult	0.00000193
19	eddy	0.00000193
19	fetid breath perfume	0.00000193
19	fragrant balsamic	0.00000193
19	pommel	0.00000193
19	shod	0.00000193
19	snuffmull snuffmull	0.00000193
19	swish	0.00000193
19	perk	0.00000193
19	light	0.00000193
19	foulsmelling	0.00000193
19	sweetscente sweetscente	0.00000193
19	fume vapour	0.00000193
19	gemmell	0.00000193
19	pommell	0.00000193
19	bedeke	0.00000193
19	stall	0.00000193
19	flare	0.00000193
19	oleander	0.00000193
19	whirl	0.00000193
19	stream	0.00000193
19	candour candour	0.00000193
19	steamy vapour	0.00000193
19	venome	0.00000193
19	fragrancie	0.00000193
19	strongsmelle	0.00000193
19	seething	0.00000193
19	perfume laden	0.00000193
19	filthiness	0.00000193
19	melody	0.00000193
19	snaff	0.00000193
19	seductive	0.00000193
19	blacken	0.00000193
19	- laden	0.00000193
19	noisy	0.00000193
19	intoxicate narcotic	0.00000193
19	fragrant spray	0.00000193
19	stink fetid	0.00000193
19	smell stench	0.00000193
19	smella	0.00000193
19	smell leek	0.00000193
19	aroma scent	0.00000193
19	rustle	0.00000193
19	hodour	0.00000193
19	distil	0.00000193
19	fetid putrid	0.00000193
19	fag	0.00000193
19	reek ooze	0.00000193
19	odor aromatic	0.00000193
19	annoyance	0.00000193
19	yearning	0.00000193
19	swelter	0.00000193
19	reeking	0.00000193
19	uproar	0.00000193
19	fiue	0.00000193
19	fevere	0.00000193
19	pastille	0.00000193
19	brace	0.00000193
19	pearl	0.00000193
19	boisterous	0.00000193
19	burden	0.00000193
19	enervate	0.00000193
19	snicker	0.00000193
19	decoration	0.00000193
19	pall	0.00000193
19	brocade	0.00000193
19	goldentinte	0.00000193
19	scented grove	0.00000193
19	fustiness	0.00000193
19	sniffin	0.00000193
19	aromatic emanation	0.00000193
19	twang	0.00000193
19	garlanded	0.00000193
19	fragranoe	0.00000193
19	- odorous	0.00000193
19	tea	0.00000193
19	languorous	0.00000193
19	boot	0.00000193
19	incensesniffe incensesniffe	0.00000193
19	wordy	0.00000193
19	anæmic	0.00000193
19	fetid exudation	0.00000193
19	ail	0.00000193
19	scentit	0.00000193
19	smoko	0.00000193
19	remembrance	0.00000193
19	nauseous vapour	0.00000193
19	smell pungent	0.00000193
19	odoriferous blossoming	0.00000193
19	smeb	0.00000193
19	whisk	0.00000193
19	hquor	0.00000193
19	odor perfume	0.00000193
19	perfume powder	0.00000193
19	beak	0.00000193
19	siek	0.00000193
19	breathe perfume	0.00000193
19	odium	0.00000193
19	scented orchis	0.00000193
19	burn	0.00000193
19	duct	0.00000193
19	cigar	0.00000193
19	vilify	0.00000193
19	factious	0.00000193
19	f	0.00000193
19	stink smoke	0.00000193
19	aromatic scent	0.00000193
19	perfunie	0.00000193
19	smell sweete	0.00000193
19	strewe	0.00000193
19	aromatic condiment	0.00000193
19	condiment	0.00000193
19	occurrence	0.00000193
19	stinkiness	0.00000193
19	stank stunk	0.00000193
19	fragrant herbaceous	0.00000193
19	caffeine	0.00000193
19	aroma smell	0.00000193
19	sewer	0.00000193
19	manual	0.00000193
19	fomentation	0.00000193
19	mephitic	0.00000193
19	radient	0.00000193
19	stin - ing	0.00000193
19	stang	0.00000193
19	homely	0.00000193
19	scent ing	0.00000193
19	aromatic atmosphere	0.00000193
19	stink slush	0.00000193
19	backdoor	0.00000193
19	perfume pomade	0.00000193
19	stinch	0.00000193
19	aromatic tea	0.00000193
19	matic	0.00000193
19	f e v e r	0.00000193
19	siste	0.00000193
19	ftagnating	0.00000193
19	fetid vomiting	0.00000193
19	foetid vapour	0.00000193
19	eflfluvia	0.00000193
19	fmell fetid	0.00000193
19	asthma	0.00000193
19	efflo	0.00000193
19	obstruct	0.00000193
19	edour	0.00000193
19	foul emana	0.00000193
19	fetid fmoke	0.00000193
19	inhala -	0.00000193
19	stiniulate	0.00000193
19	paroxysm	0.00000193
19	tardy	0.00000193
19	smell mucus	0.00000193
19	odol	0.00000193
19	prefumable	0.00000193
19	odoius	0.00000193
19	gmell	0.00000193
19	misy	0.00000193
19	odoriferous aromatic	0.00000193
19	inclofure	0.00000193
19	putrid exhalation	0.00000193
19	spu	0.00000193
19	womid	0.00000193
19	polychroma	0.00000193
19	inspiration	0.00000193
19	fetid foul	0.00000193
19	fcctid	0.00000193
19	rhizome	0.00000193
19	olfa	0.00000193
19	fmell -	0.00000193
19	eczema	0.00000193
19	e c c	0.00000193
19	cabnlline	0.00000193
19	smelles	0.00000193
19	inhaler	0.00000193
19	odoitr	0.00000193
19	efflu - vium	0.00000193
19	noxious efflu -	0.00000193
19	essential aromatic	0.00000193
19	eflauvia	0.00000193
19	odorous impression	0.00000193
19	aroma tic	0.00000193
19	confumer	0.00000193
19	rabie	0.00000193
19	lmelle	0.00000193
19	fetid virulent	0.00000193
19	scented pomatum	0.00000193
19	stink emanation	0.00000193
19	perme	0.00000193
19	olfactoet	0.00000193
19	stinhiase	0.00000193
19	efduvium	0.00000193
19	efffuvia	0.00000193
19	poifonous	0.00000193
19	confufed	0.00000193
19	er	0.00000193
19	stink alkaloid	0.00000193
19	sulphur odour	0.00000193
19	foulnef	0.00000193
19	fetidnef	0.00000193
19	amaurofis	0.00000193
19	oleaginous essence	0.00000193
19	aromatic odom	0.00000193
19	perfumeiy	0.00000193
19	offensive air	0.00000193
19	fcene	0.00000193
19	tafte	0.00000193
19	perfum - ing	0.00000193
19	ffavour	0.00000193
19	fume smell	0.00000193
19	stink secretion	0.00000193
19	membraneous	0.00000193
19	noxious miafma	0.00000193
19	yapour	0.00000193
19	fhivere	0.00000193
19	resemblance	0.00000193
19	odoiuâ	0.00000193
19	hqueur	0.00000193
19	odorless disinfect	0.00000193
19	aromatic vapor	0.00000193
19	stink ichorous	0.00000193
19	fek	0.00000193
19	pruritus	0.00000193
19	stink putrid	0.00000193
19	odoury	0.00000193
19	aroma aromatic	0.00000193
19	fragr	0.00000193
19	odoriferous fmell	0.00000193
19	olfactorium	0.00000193
19	quality	0.00000193
19	sulphurous emanation	0.00000193
19	rheum	0.00000193
19	jperfume	0.00000193
19	neek	0.00000193
19	effluyia	0.00000193
19	fetid dejection	0.00000193
19	dejection	0.00000193
19	bichroma	0.00000193
19	e e	0.00000193
19	stink phlegm	0.00000193
19	prave	0.00000193
19	conception	0.00000193
19	olfactory fibre	0.00000193
19	fluids	0.00000193
19	tindfure	0.00000193
19	rur	0.00000193
19	ftek	0.00000193
19	ufually	0.00000193
19	discomfort	0.00000193
19	smeltmg	0.00000193
19	aromatics aromatic	0.00000193
19	rousness	0.00000193
19	impregnated ovum	0.00000193
19	fetid sinus	0.00000193
19	timiour	0.00000193
19	noxious gas	0.00000193
19	unwhoiefome	0.00000193
19	erosive	0.00000193
19	inodorous miasm	0.00000193
19	ipour	0.00000193
19	granulate	0.00000193
19	liavour	0.00000193
19	tagious	0.00000193
19	deodorize fetid	0.00000193
19	favus	0.00000193
19	meat	0.00000193
19	anxietie	0.00000193
19	odorateur	0.00000193
19	bismuth	0.00000193
19	emanate	0.00000193
19	p l e e h e r b	0.00000193
19	fetid ftools	0.00000193
19	odovir	0.00000193
19	aromaticce	0.00000193
19	precipitate	0.00000193
19	stink canker	0.00000193
19	rie	0.00000193
19	offensive emanation	0.00000193
19	odorisation	0.00000193
19	breath foul	0.00000193
19	perfume pommade	0.00000193
19	defecate	0.00000193
19	fuperfluous	0.00000193
19	odour fetide	0.00000193
19	ammonial	0.00000193
19	ractus	0.00000193
19	stinkande	0.00000193
19	r q u	0.00000193
19	olfence	0.00000193
19	aromatic stomachic	0.00000193
19	odoratum	0.00000193
19	odow	0.00000193
19	aromatic beverage	0.00000193
19	reekiig	0.00000193
19	adjuvant	0.00000193
19	colfecte	0.00000193
19	odoriferous efiluvia	0.00000193
19	phagedenic	0.00000193
19	ftank	0.00000193
19	scented offal	0.00000193
19	ietor	0.00000193
19	odorom	0.00000193
19	putrefaction	0.00000193
19	fetid umbelliferous	0.00000193
19	fapor	0.00000193
19	neuroses	0.00000193
19	fpirituous	0.00000193
19	vaporizer	0.00000193
19	effloâ	0.00000193
19	adipocerous	0.00000193
19	cumbrous	0.00000193
19	urinous	0.00000193
19	eerfume	0.00000193
19	carnofum	0.00000193
19	aromaticâ	0.00000193
19	odottr	0.00000193
19	ftetor	0.00000193
19	fubtile	0.00000193
19	teem	0.00000128
19	halefum	0.00000128
19	afur	0.00000128
19	liberal	0.00000128
19	fetid sulphureous	0.00000128
19	aromatit	0.00000128
19	braneous	0.00000128
19	zephyrs	0.00000128
19	e e e	0.00000128
19	fense	0.00000128
19	ssiank	0.00000128
19	fhdden	0.00000128
19	spiceric	0.00000128
19	fmelte	0.00000128
19	aromatic effluvia	0.00000128
19	confum '	0.00000128
19	snuffd	0.00000128
19	fragrantia	0.00000128
19	scenteel	0.00000128
19	odoratet	0.00000128
19	fniff	0.00000128
19	fniffe	0.00000128
19	nauseus	0.00000128
19	putrid alkali	0.00000128
19	smell umbelliferous	0.00000128
19	n	0.00000128
19	frowzy	0.00000128
19	fricaseed	0.00000128
19	balsam	0.00000128
19	perverse	0.00000128
19	offal	0.00000128
19	perfumede	0.00000128
19	aromatic oil	0.00000128
19	fragrate	0.00000128
19	foul atmosphere	0.00000128
19	trammell	0.00000128
19	sludgy	0.00000128
19	fragrant lymph	0.00000128
19	fog	0.00000128
19	stencht	0.00000128
19	rancour	0.00000128
19	offensive miasmata	0.00000128
19	frankincence	0.00000128
19	malcule	0.00000128
19	rummell	0.00000128
19	gory	0.00000128
19	spicerie	0.00000128
19	spicery	0.00000128
19	rant	0.00000128
19	- pours	0.00000128
19	sleep	0.00000128
19	scented bower	0.00000128
19	thepperfume	0.00000128
19	shoal	0.00000128
19	tomentofum	0.00000128
19	sonous	0.00000128
19	frouzy	0.00000128
19	inform	0.00000128
19	filth	0.00000128
19	whiff whiff	0.00000128
19	exuberance exuberance	0.00000128
19	fetid fetid	0.00000128
19	sweetly	0.00000128
19	florid hue	0.00000128
19	sniffd	0.00000128
19	putrifye	0.00000128
19	conserve	0.00000128
19	flovser	0.00000128
19	perfime	0.00000128
19	p e	0.00000128
19	breath stank	0.00000128
19	olfactoryfigure	0.00000128
19	vernal	0.00000128
19	licious	0.00000128
19	parfumé	0.00000128
19	perfuming	0.00000128
19	rivulet	0.00000128
19	perfuga	0.00000128
19	odorous breath exhale	0.00000128
19	officious	0.00000128
19	bituminous	0.00000128
19	fragrant bliss	0.00000128
19	verdant	0.00000128
19	gawky	0.00000128
19	scented paste	0.00000128
19	fragrant breathe	0.00000128
19	perfume sigh	0.00000128
19	effluviæ	0.00000128
19	brilliantlytinte	0.00000128
19	pommade	0.00000128
19	aromaac	0.00000128
19	andperfume	0.00000128
19	scent - breathe	0.00000128
19	foul noxious	0.00000128
19	welcome	0.00000128
19	scoff	0.00000128
19	perfufne	0.00000128
19	lull	0.00000128
19	frizzy	0.00000128
19	morbiferous	0.00000128
19	essential essential	0.00000128
19	balmier	0.00000128
19	c r c n u	0.00000128
19	ls	0.00000128
19	perfume still	0.00000128
19	curdy	0.00000128
19	bliss	0.00000128
19	suffice	0.00000128
19	overheat	0.00000128
19	ennui	0.00000128
19	quiet	0.00000128
19	irise	0.00000128
19	fumeurs	0.00000128
19	lily	0.00000128
19	fragrant mist	0.00000128
19	odor breathe	0.00000128
19	steem	0.00000128
19	hot	0.00000128
19	humm	0.00000128
19	paw	0.00000128
19	aromatic waste	0.00000128
19	odoriferous sensation	0.00000128
19	wreathe	0.00000128
19	illum '	0.00000128
19	foulfeede	0.00000128
19	glen	0.00000128
19	scentless scentless	0.00000128
19	untidy	0.00000128
19	smoking smoking	0.00000128
19	flowerenamell '	0.00000128
19	scud	0.00000128
19	divine	0.00000128
19	olfac -	0.00000128
19	elfluvia	0.00000128
19	closesmelle closesmelle	0.00000128
19	dipterous	0.00000128
19	stink slime	0.00000128
19	fumid	0.00000128
19	fragrant spice	0.00000128
19	reekless	0.00000128
19	bleek	0.00000128
19	lkpior	0.00000128
19	effeminate effeminate	0.00000128
19	viour	0.00000128
19	heavenly	0.00000128
19	fragrant odour	0.00000128
19	sulforus	0.00000128
19	smelten	0.00000128
19	smell narcissus	0.00000128
19	offering	0.00000128
19	stincas	0.00000128
19	pendous	0.00000128
19	cadous	0.00000128
19	parfumes	0.00000128
19	sweetscented sweetscented	0.00000128
19	scentbottle	0.00000128
19	aromatic fervour	0.00000128
19	unthrifty	0.00000128
19	stining	0.00000128
19	degrade	0.00000128
19	scourge	0.00000128
19	alfalfa	0.00000128
19	fowd	0.00000128
19	scented sweet	0.00000128
19	6tinke	0.00000128
19	6tinking	0.00000128
19	scented herbage	0.00000128
19	herbage	0.00000128
19	stinkin '	0.00000128
19	odour breathe	0.00000128
19	zool	0.00000128
19	monograme	0.00000128
19	worldfame	0.00000128
19	cavalcadour	0.00000128
19	cavalcadour cavalcadour	0.00000128
19	sweetscente sweetscented	0.00000128
19	absiud	0.00000128
19	carry	0.00000128
19	odorous breath perfume	0.00000128
19	ongemak	0.00000128
19	growl	0.00000128
19	pulse	0.00000128
19	odoraut	0.00000128
19	blushtint	0.00000128
19	vagrancy	0.00000128
19	everpellucid	0.00000128
19	powerfullyperfume powerfullyperfumed	0.00000128
19	powerfullyperfume	0.00000128
19	potash	0.00000128
19	fearfid	0.00000128
19	frajrant	0.00000128
19	pipe	0.00000128
19	appetizing appetizing	0.00000128
19	scented aroma	0.00000128
19	smeltin	0.00000128
19	rosetinte rosetinte	0.00000128
19	odur	0.00000128
19	zephyrous	0.00000128
19	shadow	0.00000128
19	perfue	0.00000128
19	fetid savour	0.00000128
19	obnoxious odour	0.00000128
19	infragrant	0.00000128
19	doo	0.00000128
19	smell aniseed	0.00000128
19	sip	0.00000128
19	flavoriferous	0.00000128
19	scented avood	0.00000128
19	familiarlysweet	0.00000128
19	warmtinte	0.00000128
19	nextdoor	0.00000128
19	oelour	0.00000128
19	tonicandaromatic	0.00000128
19	stinkit	0.00000128
19	afflatus	0.00000128
19	pellmell pellmell	0.00000128
19	wiid	0.00000128
19	smelfe	0.00000128
19	perfume odour	0.00000128
19	garlicke	0.00000128
19	variouslytinte	0.00000128
19	btind	0.00000128
19	orientalism	0.00000128
19	odorous nectar	0.00000128
19	unmelodious	0.00000128
19	smelless	0.00000128
19	odorous savour	0.00000128
19	drift	0.00000128
19	variegate	0.00000128
19	riband	0.00000128
19	odoreferous	0.00000128
19	passion	0.00000128
19	fowl	0.00000128
19	odoriferous growth	0.00000128
19	halfmelte	0.00000128
19	evilsmelle evilsmelle	0.00000128
19	smell nose	0.00000128
19	lingual	0.00000128
19	wiud	0.00000128
19	frizz	0.00000128
19	profuss	0.00000128
19	primrose	0.00000128
19	etfluvia	0.00000128
19	fragrant wreath	0.00000128
19	untinted	0.00000128
19	fragrant juice	0.00000128
19	juice	0.00000128
19	perfume blush	0.00000128
19	reek pall	0.00000128
19	odoriferous snuff	0.00000128
19	lamdourine	0.00000128
19	inodorous inodorous	0.00000128
19	snorsd	0.00000128
19	twine	0.00000128
19	titillation	0.00000128
19	slipshod	0.00000128
19	clangour	0.00000128
19	skink	0.00000128
19	spisd	0.00000128
19	stinl	0.00000128
19	ferocity	0.00000128
19	milde	0.00000128
19	ruinous	0.00000128
19	aromatic fragrance	0.00000128
19	perfume perfume scent	0.00000128
19	horrour	0.00000128
19	kummel	0.00000128
19	cry	0.00000128
19	shadoav	0.00000128
19	flaring	0.00000128
19	grottoe	0.00000128
19	wæm	0.00000128
19	olea	0.00000128
19	perfuma perfuma	0.00000128
19	leafy	0.00000128
19	warm	0.00000128
19	gent	0.00000128
19	aromatic sweet	0.00000128
19	ud	0.00000128
19	decaydoor	0.00000128
19	vapour foul	0.00000128
19	sulferous	0.00000128
19	scented fume	0.00000128
19	scent essence	0.00000128
19	thirst	0.00000128
19	vaporise	0.00000128
19	foggy	0.00000128
19	ium	0.00000128
19	tread	0.00000128
19	luxuriant	0.00000128
19	foully	0.00000128
19	puny	0.00000128
19	cloverscente	0.00000128
19	langorous	0.00000128
19	surcharge	0.00000128
19	foulsome	0.00000128
19	savoury fume	0.00000128
19	insecty	0.00000128
19	odoriferous festoon	0.00000128
19	offensive offensive	0.00000128
19	fragranze	0.00000128
19	cushion	0.00000128
19	harmony	0.00000128
19	whirr	0.00000128
19	chloroform	0.00000128
19	scented plume	0.00000128
19	acorus	0.00000128
19	stun	0.00000128
19	breath whiff	0.00000128
19	dahlia	0.00000128
19	hateful	0.00000128
19	noxious miasma	0.00000128
19	aguish	0.00000128
19	deodorize deodorizing	0.00000128
19	odoriserous	0.00000128
19	fragrant trail	0.00000128
19	monogramme	0.00000128
19	sidoor	0.00000128
19	imitation	0.00000128
19	fraught	0.00000128
19	odorilelous	0.00000128
19	lragrance	0.00000128
19	fagrant	0.00000128
19	aroma - laden	0.00000128
19	cockneyism	0.00000128
19	rosehung	0.00000128
19	fragrant feeling	0.00000128
19	sdouid	0.00000128
19	aromatic od	0.00000128
19	noxious miasmas	0.00000128
19	stanchless	0.00000128
19	ragrance	0.00000128
19	richlyperfume	0.00000128
19	slushy	0.00000128
19	ice	0.00000128
19	balmy breeze	0.00000128
19	chaff	0.00000128
19	sticky	0.00000128
19	stenchcreate	0.00000128
19	fragrance -	0.00000128
19	douceur	0.00000128
19	xhale	0.00000128
19	steal	0.00000128
19	sizzle	0.00000128
19	foppish	0.00000128
19	odoriferous nastiness	0.00000128
19	revolt	0.00000128
19	perfume fume	0.00000128
19	note	0.00000128
19	unfade	0.00000128
19	avas	0.00000128
19	nevermelte	0.00000128
19	besprinkle	0.00000128
19	slum	0.00000128
19	whine	0.00000128
19	howl	0.00000128
19	whilk	0.00000128
19	orangescente	0.00000128
19	detest scented	0.00000128
19	saturnine	0.00000128
19	fauna	0.00000128
19	vagabond	0.00000128
19	windsent	0.00000128
19	glamour	0.00000128
19	scentladen	0.00000128
19	smell tar	0.00000128
19	clavell	0.00000128
19	fragrant kiss	0.00000128
19	smell perfumes	0.00000128
19	faun	0.00000128
19	oozy	0.00000128
19	oozy sludge	0.00000128
19	association	0.00000128
19	frosty	0.00000128
19	belathere	0.00000128
19	splash	0.00000128
19	sting	0.00000128
19	pungentsmelle	0.00000128
19	scoundrelly	0.00000128
19	incandescence	0.00000128
19	smell snuff	0.00000128
19	vegas	0.00000128
19	stout	0.00000128
19	dandified	0.00000128
19	closesmelle	0.00000128
19	chink	0.00000128
19	renew	0.00000128
19	salmontinte	0.00000128
19	illsmelle illsmelle	0.00000128
19	halfdoor	0.00000128
19	scented bloom	0.00000128
19	holy	0.00000128
19	istand	0.00000128
19	olfl	0.00000128
19	razor	0.00000128
19	morass	0.00000128
19	gommas	0.00000128
19	sirocco	0.00000128
19	phantasmal	0.00000128
19	havana	0.00000128
19	saffrontinte	0.00000128
19	olfactorie olfactorie	0.00000128
19	flowerperfume	0.00000128
19	thorn	0.00000128
19	fluorite	0.00000128
19	dulness	0.00000128
19	peppermint	0.00000128
19	fragrant gum	0.00000128
19	balsamical	0.00000128
19	halldoor halldoor	0.00000128
19	perfume - charge	0.00000128
19	fashious	0.00000128
19	fradrance	0.00000128
19	flagrance	0.00000128
19	animalise	0.00000128
19	fetid puff	0.00000128
19	mcense	0.00000128
19	scentlessness	0.00000128
19	overcharge	0.00000128
19	yellowtinte	0.00000128
19	odorous sweetness	0.00000128
19	sheen	0.00000128
19	emell	0.00000128
19	aromatio	0.00000128
19	restore	0.00000128
19	stink vapor	0.00000128
19	load	0.00000128
19	billowy	0.00000128
19	odorousness	0.00000128
19	hush	0.00000128
19	loveliness	0.00000128
19	olivetinte	0.00000128
19	fygour	0.00000128
19	nozzle	0.00000128
19	laden breeze	0.00000128
19	murky vapour	0.00000128
19	hongroise	0.00000128
19	odoreferant	0.00000128
19	shampooed	0.00000128
19	sunshine	0.00000128
19	tom	0.00000128
19	wistful	0.00000128
19	withfamiliar	0.00000128
19	meriel	0.00000128
19	scent - give	0.00000128
19	flush	0.00000128
19	aroma perfume	0.00000128
19	fragrant violet	0.00000128
19	airless	0.00000128
19	fewwhiff	0.00000128
19	fragrant loveliness	0.00000128
19	perfume expire	0.00000128
19	peruke	0.00000128
19	haloe	0.00000128
19	tricolour	0.00000128
19	owd	0.00000128
19	villanous	0.00000128
19	- breath	0.00000128
19	bedeck	0.00000128
19	lavender	0.00000128
19	odorg	0.00000128
19	cholera	0.00000128
19	incensesniffe	0.00000128
19	whioh	0.00000128
19	scarrot	0.00000128
19	nastysmelle	0.00000128
19	thing	0.00000128
19	steep	0.00000128
19	honeyful	0.00000128
19	deafen	0.00000128
19	rebuff	0.00000128
19	collar	0.00000128
19	fetid beak	0.00000128
19	infandum	0.00000128
19	hcffluvium	0.00000128
19	odoriferous effeminacy	0.00000128
19	supercilious	0.00000128
19	waft scent	0.00000128
19	os	0.00000128
19	closeness	0.00000128
19	scentsachet	0.00000128
19	odoura	0.00000128
19	surly	0.00000128
19	fishtank	0.00000128
19	fragrant wud	0.00000128
19	innuendoe	0.00000128
19	phantasm	0.00000128
19	melancholy	0.00000128
19	iroma	0.00000128
19	perfume soap	0.00000128
19	fur	0.00000128
19	fluorid	0.00000128
19	smell strongly	0.00000128
19	odor odor	0.00000128
19	spiniferous	0.00000128
19	olfactus odor	0.00000128
19	stacte	0.00000128
19	pollution	0.00000128
19	perfume liquid	0.00000128
19	unholy	0.00000128
19	wilt	0.00000128
19	smell olfactus	0.00000128
19	pasture	0.00000128
19	myriad	0.00000128
19	odorous mead	0.00000128
19	frague	0.00000128
19	avholesome	0.00000128
19	gloomy	0.00000128
19	odorous breeze	0.00000128
19	buoyant	0.00000128
19	stanks	0.00000128
19	profanation	0.00000128
19	perfumedly	0.00000128
19	skank	0.00000128
19	bepoetize	0.00000128
19	farfame	0.00000128
19	intoxicate vapour	0.00000128
19	misty	0.00000128
19	unharruonious	0.00000128
19	aduring	0.00000128
19	atr	0.00000128
19	nutritive	0.00000128
19	olfactory palate	0.00000128
19	palate	0.00000128
19	thority	0.00000128
19	pulrid	0.00000128
19	- smell - ing	0.00000128
19	delicate	0.00000128
19	ismelle	0.00000128
19	dolorous	0.00000128
19	hodow	0.00000128
19	finoak	0.00000128
19	obnoxious scent	0.00000128
19	odoriferous delight	0.00000128
19	unodoriferous	0.00000128
19	glove	0.00000128
19	istinshdk	0.00000128
19	scentbag	0.00000128
19	mossy	0.00000128
19	saponaceous	0.00000128
19	oleagenous	0.00000128
19	attintion	0.00000128
19	thrid	0.00000128
19	pierfume	0.00000128
19	fetid beaks	0.00000128
19	mournfulness	0.00000128
19	plebeianismodour	0.00000128
19	haze	0.00000128
19	fetiche	0.00000128
19	dreadful	0.00000128
19	diamonde	0.00000128
19	fiagrant	0.00000128
19	oily vapour	0.00000128
19	calefacient	0.00000128
19	fumeless	0.00000128
19	loveladen	0.00000128
19	exhale fume	0.00000128
19	perfun	0.00000128
19	smellng	0.00000128
19	iodize	0.00000128
19	blubbery	0.00000128
19	pungently	0.00000128
19	perfumes vapour	0.00000128
19	smeltlng	0.00000128
19	reek smell	0.00000128
19	coppertinte	0.00000128
19	fuzze	0.00000128
19	highlyperfume	0.00000128
19	decay	0.00000128
19	jjoisone	0.00000128
19	scinc	0.00000128
19	varicoloure	0.00000128
19	spice perfume	0.00000128
19	velvet	0.00000128
19	fabidous	0.00000128
19	perfume vaporizer	0.00000128
19	ottoe	0.00000128
19	tallowylooke	0.00000128
19	fumerole	0.00000128
19	chamber	0.00000128
19	fragranco	0.00000128
19	fetid leek	0.00000128
19	mendous	0.00000128
19	waxy	0.00000128
19	aimonikperfume	0.00000128
19	wfiich	0.00000128
19	fluviatile	0.00000128
19	smelk	0.00000128
19	frankin	0.00000128
19	freah	0.00000128
19	nose snuff	0.00000128
19	infamy	0.00000128
19	transgression	0.00000128
19	furbelowcd	0.00000128
19	ncense	0.00000128
19	smell sense	0.00000128
19	opulent	0.00000128
19	fragrant cologne	0.00000128
19	fragm	0.00000128
19	ridicule	0.00000128
19	draughty	0.00000128
19	sweete	0.00000128
19	accurse	0.00000128
19	ottar	0.00000128
19	cavernous	0.00000128
19	bedew	0.00000128
19	ugliness	0.00000128
19	tawdry	0.00000128
19	effeminite	0.00000128
19	tendril	0.00000128
19	downy	0.00000128
19	brekfus	0.00000128
19	impart	0.00000128
19	theorize	0.00000128
19	oder	0.00000128
19	aromatic ammoniacal	0.00000128
19	scent - emit	0.00000128
19	skilful	0.00000128
19	damp	0.00000128
19	omelet	0.00000128
19	exuberant	0.00000128
19	scented aloe	0.00000128
19	contamination	0.00000128
19	privy	0.00000128
19	oxydize	0.00000128
19	clove	0.00000128
19	k u c e	0.00000128
19	flec	0.00000128
19	p r p	0.00000128
19	r u	0.00000128
19	stinkest	0.00000128
19	highlynectariferous	0.00000128
19	aphide	0.00000128
19	stink infernal	0.00000128
19	fetid feeling	0.00000128
19	elixirs	0.00000128
19	perfume shiver	0.00000128
19	mink	0.00000128
19	expel	0.00000128
19	r h	0.00000128
19	aromatic edour	0.00000128
19	tious	0.00000128
19	noxious exhala tion	0.00000128
19	inous	0.00000128
19	c	0.00000128
19	other	0.00000128
19	smeuik	0.00000128
19	odor breathing	0.00000128
19	spic	0.00000128
19	ef	0.00000128
19	fetid gland	0.00000128
19	exhib	0.00000128
19	sujpliur	0.00000128
19	aflurance	0.00000128
19	whifis	0.00000128
19	savourâ	0.00000128
19	h	0.00000128
19	odour smelling	0.00000128
19	hypernephroma	0.00000128
19	oinlment	0.00000128
19	probity	0.00000128
19	odorifd	0.00000128
19	thoufand	0.00000128
19	effervescent	0.00000128
19	ptinh	0.00000128
19	tan	0.00000128
19	refiduum	0.00000128
19	stinmlnnt	0.00000128
19	stenchâ	0.00000128
19	vapour snuff	0.00000128
19	scent putrid	0.00000128
19	fragrant orchidaceous	0.00000128
19	olfactxis	0.00000128
19	iftidoure	0.00000128
19	fetid smell	0.00000128
19	nauseous foetid smell	0.00000128
19	tiiste	0.00000128
19	noxi	0.00000128
19	ganious	0.00000128
19	enfumer	0.00000128
19	arsenicum	0.00000128
19	efflore	0.00000128
19	limiinous	0.00000128
19	jlfactory	0.00000128
19	vilknous	0.00000128
19	infummer	0.00000128
19	slough	0.00000128
19	hidrogen	0.00000128
19	aiomatic	0.00000128
19	vsmell	0.00000128
19	bute	0.00000128
19	efflor	0.00000128
19	ozone	0.00000128
19	noxious exhalaâ	0.00000128
19	v e r	0.00000128
19	aromatic disinfectant	0.00000128
19	sdorous	0.00000128
19	otorrhoea	0.00000128
19	berance	0.00000128
19	andbromofume	0.00000128
19	efiluvta	0.00000128
19	sajiid	0.00000128
19	afafetida	0.00000128
19	sfume	0.00000128
19	liere	0.00000128
19	muscadine	0.00000128
19	pertie	0.00000128
19	sink	0.00000128
19	snuf	0.00000128
19	calamus	0.00000128
19	scented ethereal	0.00000128
19	foetid noxious	0.00000128
19	headach	0.00000128
19	fetid eschar	0.00000128
19	vitriolous	0.00000128
19	eath	0.00000128
19	scenten	0.00000128
19	coruscation	0.00000128
19	inlufion	0.00000128
19	venomous	0.00000128
19	aromatieus	0.00000128
19	fccrid	0.00000128
19	biferous	0.00000128
19	fltunk	0.00000128
19	olfactory foramina	0.00000128
19	efiauvia	0.00000128
19	odomâ	0.00000128
19	infuse aromatic	0.00000128
19	frngrant	0.00000128
19	turd	0.00000128
19	ohuoxious	0.00000128
19	fpiriiuous	0.00000128
19	efifluvia	0.00000128
19	limpid	0.00000128
19	ffupid	0.00000128
19	stink doth	0.00000128
19	huff	0.00000128
19	vulgar	0.00000128
19	scentvdrogen	0.00000128
19	aphidivorus	0.00000128
19	snif	0.00000128
19	turbinate	0.00000128
19	discolor fetid	0.00000128
19	stinrulant	0.00000128
19	aromal	0.00000128
19	another	0.00000128
19	iperfume	0.00000128
19	sweetne	0.00000128
19	ase	0.00000128
19	atomizer	0.00000128
19	perfuiiie	0.00000128
19	r r e	0.00000128
19	fetid den	0.00000128
19	esinous	0.00000128
19	fufe	0.00000128
19	inefficacious	0.00000128
19	fetoi	0.00000128
19	coraceous	0.00000128
19	fecte putrid	0.00000128
19	smell noxious	0.00000128
19	lifactory	0.00000128
19	ozama	0.00000128
19	ot	0.00000128
19	taate	0.00000128
19	pragrant	0.00000128
19	excretal	0.00000128
19	dreffe	0.00000128
19	manufactur	0.00000128
19	couleur	0.00000128
19	antient	0.00000128
19	ampcloprafum	0.00000128
19	prefumes	0.00000128
19	belide	0.00000128
19	phosphide	0.00000128
19	scgefum	0.00000128
19	odoii	0.00000128
19	galbanum	0.00000128
19	individual	0.00000128
19	aetbylalcohol	0.00000128
19	zylalcohol	0.00000128
19	putrid faece	0.00000128
19	glycerinous	0.00000128
19	glioma	0.00000128
19	stink puff	0.00000128
19	smelline	0.00000128
19	odoriferous sebaceous	0.00000128
19	dip	0.00000128
19	smok - ing	0.00000128
19	eflbuvia	0.00000128
19	efifluvium	0.00000128
19	sjiirit	0.00000128
19	efffect	0.00000128
19	fetiff	0.00000128
19	nitrous vapour	0.00000128
19	diffefent	0.00000128
19	fetid oleous	0.00000128
19	infe6led	0.00000128
19	olfaflory	0.00000128
19	serous	0.00000128
19	efeuvia	0.00000128
19	codour	0.00000128
19	olfactory chiasm	0.00000128
19	olten	0.00000128
19	colorific	0.00000128
19	scented essential	0.00000128
19	ropy	0.00000128
19	blend	0.00000128
19	bihous	0.00000128
19	mnoxious	0.00000128
19	fetid humour	0.00000128
19	odure	0.00000128
19	pallry	0.00000128
19	likevvife	0.00000128
19	fetid membranous	0.00000128
19	odorata	0.00000128
19	aromatic fpirit	0.00000128
19	smiff	0.00000128
19	snviff	0.00000128
19	fraerant	0.00000128
19	olfactory chiasma	0.00000128
19	ornamental	0.00000128
19	pijie	0.00000128
19	dichromate	0.00000128
19	glucose	0.00000128
19	cil	0.00000128
19	ubiquitous	0.00000128
19	indole	0.00000128
19	nosis	0.00000128
19	stin - ed	0.00000128
19	stink oily	0.00000128
19	smelled smell	0.00000128
19	fume aromatic	0.00000128
19	eftluvia	0.00000128
19	nofegay	0.00000128
19	iierfume	0.00000128
19	epistaxis	0.00000128
19	smell odorous	0.00000128
19	unfafe	0.00000128
19	scentpd	0.00000128
19	elixir	0.00000128
19	frowsy	0.00000128
19	efflorefcence	0.00000128
19	snuee	0.00000128
19	odoralus	0.00000128
19	fragrantâ	0.00000128
19	femetime	0.00000128
19	ptifan	0.00000128
19	noxious effed	0.00000128
19	aff	0.00000128
19	efsuvia	0.00000128
19	lume	0.00000128
19	fottor	0.00000128
19	miasmatous	0.00000128
19	riour	0.00000128
19	offensive lochia	0.00000128
19	aromatic carpel	0.00000128
19	olfactism	0.00000128
19	vapour smell	0.00000128
19	bieath	0.00000128
19	deleterious	0.00000128
19	wet	0.00000128
19	aromatic percolate	0.00000128
19	thymol	0.00000128
19	breath fmell	0.00000128
19	itfume	0.00000128
19	perfumc	0.00000128
19	pepfume	0.00000128
19	noisome exhala	0.00000128
19	- tize	0.00000128
19	0lfact	0.00000128
19	stim	0.00000128
19	noxi -	0.00000128
19	offensiveuess	0.00000128
19	fragrant aroma	0.00000128
19	olfactory hallucination	0.00000128
19	keep	0.00000128
19	infuâ	0.00000128
19	flarour	0.00000128
19	aromatic fumigating	0.00000128
19	intoxicator	0.00000128
19	tranfparent	0.00000128
19	afifume	0.00000128
19	aromatic fugar	0.00000128
19	)	0.00000128
19	coproma	0.00000128
19	fetid offensive	0.00000128
19	fixtracfum	0.00000128
19	aerobic	0.00000128
19	nnwliolesome	0.00000128
19	fetid odom	0.00000128
19	fdour	0.00000128
19	r n e l	0.00000128
19	ancy	0.00000128
19	psoric	0.00000128
19	tranflucid	0.00000128
19	aromatic fmoke	0.00000128
19	fpongy	0.00000128
19	unconfumed	0.00000128
19	antispasmodic	0.00000128
19	nifuge	0.00000128
19	fukry	0.00000128
19	fmellin	0.00000128
19	puâ	0.00000128
19	aelon	0.00000128
19	univerfum	0.00000128
19	stinkincr	0.00000128
19	odor aromaticus	0.00000128
19	uisite perfume	0.00000128
19	fectant	0.00000128
19	acrid putrid	0.00000128
19	decolor	0.00000128
19	aromatic infufion	0.00000128
19	jiromatic	0.00000128
19	snull	0.00000128
19	ous fume	0.00000128
19	oxymell	0.00000128
19	inoffensive	0.00000128
19	fervescent	0.00000128
19	perfume dye	0.00000128
19	perfumeur	0.00000128
19	fetid acrid	0.00000128
19	poisonous emanation	0.00000128
19	jefinous	0.00000128
19	balfamic exhalation	0.00000128
19	fragrant balfam	0.00000128
19	omafum	0.00000128
19	omafus	0.00000128
19	abomafum	0.00000128
19	liggetid	0.00000128
19	efilu -	0.00000128
19	noxious efflu	0.00000128
19	rrrucous	0.00000128
19	heterogeneous	0.00000128
19	bitter	0.00000128
19	blood	0.00000128
19	jperjumed	0.00000128
19	tapour	0.00000128
19	felid	0.00000128
19	fric -	0.00000128
19	sulphnreous	0.00000128
19	aroinatise	0.00000128
19	sraed	0.00000128
19	toxical	0.00000128
19	obnoxious atmosphere	0.00000128
19	imioxious	0.00000128
19	antifetor	0.00000128
19	aromatic sph	0.00000128
19	sph	0.00000128
19	formula	0.00000128
19	errhine	0.00000128
19	tenesmus	0.00000128
19	cohol	0.00000128
19	rbizome	0.00000128
19	tation	0.00000128
19	mcifure	0.00000128
19	efiiuvium	0.00000128
19	bsrgamot	0.00000128
19	aromatic odorous	0.00000128
19	marshy	0.00000128
19	effedfual	0.00000128
19	infufious	0.00000128
19	prefumed	0.00000128
19	smeltino	0.00000128
19	efllluvia	0.00000128
19	arofe	0.00000128
19	infuficns	0.00000128
19	overdofe	0.00000128
19	anil	0.00000128
19	unwholesoiue	0.00000128
19	bretid	0.00000128
19	balsami	0.00000128
19	inodorife	0.00000128
19	stink leaky	0.00000128
19	istinshak	0.00000128
19	ozsena	0.00000128
19	clean	0.00000128
19	pestiferous fume	0.00000128
19	produds	0.00000128
19	produd	0.00000128
19	tfuste	0.00000128
19	luscious	0.00000128
19	odoriferous herbaceous	0.00000128
19	decompose	0.00000128
19	indecent	0.00000128
19	watery	0.00000128
19	effufion	0.00000128
19	eman	0.00000128
19	putrid vapor	0.00000128
19	noxious inhalation	0.00000128
19	efflmium	0.00000128
19	noxious compound	0.00000128
19	soporiferous	0.00000128
19	hop	0.00000128
19	undfuous	0.00000128
19	odorous fubftance	0.00000128
19	ltinke	0.00000128
19	sanguineous	0.00000128
19	cape	0.00000128
19	femoral	0.00000128
19	obnoxious vapour	0.00000128
19	stinkhorn	0.00000128
19	purfume	0.00000128
19	putrid faetor	0.00000128
19	fragrint	0.00000128
19	odoriferous nosegay	0.00000128
19	fadid	0.00000128
19	inodorous fume	0.00000128
19	tindure	0.00000128
19	odoriferoir	0.00000128
19	perfunre	0.00000128
19	caducous	0.00000128
19	stink sore	0.00000128
19	aromatic smell	0.00000128
19	stinm	0.00000128
19	arsenate	0.00000128
19	shmy	0.00000128
19	odorative	0.00000128
19	odoul	0.00000128
19	aromatic oik	0.00000128
19	fetid foetid	0.00000128
19	melt	0.00000128
19	3mell	0.00000128
19	deodoris	0.00000128
19	fcul	0.00000128
19	efiect	0.00000128
19	ture	0.00000128
19	ardor	0.00000128
19	lactiferous	0.00000128
19	excremeutitious	0.00000128
19	ivvcous	0.00000128
19	smellie	0.00000128
19	infup	0.00000128
19	cmelle	0.00000128
19	effl	0.00000128
19	stink ' ing	0.00000128
19	parfum aroma	0.00000128
19	furfuran	0.00000128
19	odorous infecting	0.00000128
19	wdld	0.00000128
19	infure	0.00000128
19	fetid granulation	0.00000128
19	smellingsour	0.00000128
19	anosmias	0.00000128
19	scentem	0.00000128
19	aromatic rhizome	0.00000128
19	itching	0.00000128
19	lweet	0.00000128
19	accumulation	0.00000128
19	favu	0.00000128
19	olfacâ	0.00000128
19	coumaroma	0.00000128
19	stinclc	0.00000128
19	odoralo	0.00000128
19	ting	0.00000128
19	exudate	0.00000128
19	foul vapor	0.00000128
19	pellilent	0.00000128
19	sation	0.00000128
19	foetid smut	0.00000128
19	b - r e e	0.00000128
19	aromatife	0.00000128
19	perfuâ	0.00000128
19	lant	0.00000128
19	faline	0.00000128
19	noxious ethuvia	0.00000128
19	deodori -	0.00000128
19	veetish	0.00000128
19	muske	0.00000128
19	gnitin	0.00000128
19	fetid odour	0.00000128
19	dichromatic	0.00000128
19	ooleur	0.00000128
19	tnnnin	0.00000128
19	epiphora	0.00000128
19	smeltery	0.00000128
19	odortferous	0.00000128
19	stinki	0.00000128
19	manuiactory	0.00000128
19	ling	0.00000128
19	fâ	0.00000128
19	theolroma	0.00000128
19	ing perspiration	0.00000128
19	deodoriz - ing	0.00000128
19	whiffe	0.00000128
19	stink nuisance	0.00000128
19	laetid	0.00000128
19	perfedl	0.00000128
19	perfume inhale	0.00000128
19	fetirvy	0.00000128
19	affeetion	0.00000128
19	h h h	0.00000128
19	fretip	0.00000128
19	odoviferous	0.00000128
19	impetiginous	0.00000128
19	sfug	0.00000128
19	fame	0.00000128
19	fweate	0.00000128
19	perfumod	0.00000128
19	perf	0.00000128
19	malsenous	0.00000128
19	ftrong infufion	0.00000128
19	fream	0.00000128
19	moistuiâ	0.00000128
19	odorous albuminous	0.00000128
19	appek	0.00000128
19	sulphurefum	0.00000128
19	ham	0.00000128
19	uvium	0.00000128
19	fetid ptyalism	0.00000128
19	ptyalism	0.00000128
19	noisome emanation	0.00000128
19	smellen	0.00000128
19	dlfactory	0.00000128
19	perfumea	0.00000128
19	odorern	0.00000128
19	olfactory bulb	0.00000128
19	muik	0.00000128
19	eindelijk	0.00000128
19	sli23pery	0.00000128
19	stink serosity	0.00000128
19	crack	0.00000128
19	porphyritic	0.00000128
19	odoru	0.00000128
19	oztenic	0.00000128
19	trifid	0.00000128
19	odois	0.00000128
19	minous	0.00000128
19	piquancy	0.00000128
19	dipping	0.00000128
19	smell medicinal	0.00000128
19	floral scent	0.00000128
19	odouterous	0.00000128
19	boronia	0.00000128
19	fetid tar	0.00000128
19	vajiour	0.00000128
19	leffluvium	0.00000128
19	odorous resinous	0.00000128
19	herrid	0.00000128
19	olfak	0.00000128
19	affection	0.00000128
19	odorc	0.00000128
19	vile atmosphere	0.00000128
19	oifeous	0.00000128
19	coloiir	0.00000128
19	ether	0.00000128
19	perfu	0.00000128
19	fetiferous	0.00000128
19	intoxiâ	0.00000128
19	idour	0.00000128
19	cosmetio	0.00000128
19	eifluvia	0.00000128
19	stiniferous	0.00000128
19	antispasm	0.00000128
19	stinknase	0.00000128
19	worm	0.00000128
19	stank chlorkalk	0.00000128
19	chlorkalk	0.00000128
19	disperser	0.00000128
19	r l	0.00000128
19	fmelly	0.00000128
19	umour	0.00000128
19	condition	0.00000128
19	fragrant ointment	0.00000128
19	- ous	0.00000128
19	intoxicate stimulant	0.00000128
19	odoramentd	0.00000128
19	fihrous	0.00000128
19	paifume	0.00000128
19	nuirky	0.00000128
19	fuffumigation	0.00000128
19	fuffume	0.00000128
19	aromatic spice	0.00000128
19	ocorous	0.00000128
19	putrid bile	0.00000128
19	c u r e	0.00000128
19	coniferous	0.00000128
19	captan	0.00000128
19	ossify	0.00000128
19	smell sicken	0.00000128
19	fetidite	0.00000128
19	ergaretid	0.00000128
19	oxious	0.00000128
19	intolerably	0.00000128
19	intolerably hygiene	0.00000128
19	g	0.00000128
19	fetife	0.00000128
19	odom -	0.00000128
19	eflfiuvia	0.00000128
19	nromaticus	0.00000128
19	punaise	0.00000128
19	fugaceous	0.00000128
19	fugaceous odorous	0.00000128
19	bromamid	0.00000128
19	olficinal	0.00000128
19	champacac	0.00000128
19	kosmetik	0.00000128
19	profuge	0.00000128
19	alum	0.00000128
19	urinal	0.00000128
19	fractus	0.00000128
19	ffece	0.00000128
19	dtiny	0.00000128
19	tfum	0.00000128
19	odorn	0.00000128
19	ftink	0.00000128
19	fuiphur	0.00000128
19	aromatic aldehyde	0.00000128
19	drianabsud	0.00000128
19	nbxious	0.00000128
19	noxious efiluvia	0.00000128
19	niate	0.00000128
19	itetid	0.00000128
19	lustrous	0.00000128
19	olficial	0.00000128
19	gerous	0.00000128
19	infuflble	0.00000128
19	fulible	0.00000128
19	feledke	0.00000128
19	mfufion	0.00000128
19	aromadc	0.00000128
19	noxious effiuvia	0.00000128
19	tafete	0.00000128
19	factitious	0.00000128
19	fungous putrid	0.00000128
19	infective	0.00000128
19	remely	0.00000128
19	olfactom	0.00000128
19	aromatic fpice	0.00000128
19	fcentecl	0.00000128
19	aromatic effential	0.00000128
19	effedls	0.00000128
19	ticum	0.00000128
19	eihuvia	0.00000128
19	scor	0.00000128
19	odoriferous resm	0.00000128
19	resm	0.00000128
19	diffl	0.00000128
19	fcetid emanation	0.00000128
19	fac	0.00000128
19	eeke	0.00000128
19	sonorous	0.00000128
19	fletitious	0.00000128
19	promifcuous	0.00000128
19	ehinoscleroma	0.00000128
19	fcy	0.00000128
19	oxidum	0.00000128
19	diagnofis	0.00000128
19	efiduvium	0.00000128
19	e l l	0.00000128
19	breathtainte	0.00000128
19	aromad	0.00000128
19	sparle	0.00000128
19	bolic	0.00000128
19	anagmic	0.00000128
19	fwimme	0.00000128
19	fetid ferum	0.00000128
19	smelluig	0.00000128
19	odouks	0.00000128
19	noimiant	0.00000128
19	odoidferous	0.00000128
19	riscessive	0.00000128
19	noxious fetid	0.00000128
19	perfumia	0.00000128
19	olfeous	0.00000128
19	odoriferous liquid	0.00000128
19	neurofibroma	0.00000128
19	sloughy	0.00000128
19	whifch	0.00000128
19	organic	0.00000128
19	fovil	0.00000128
19	smelis	0.00000128
19	odorifeiqus	0.00000128
19	fcetid vapour	0.00000128
19	saromatic	0.00000128
19	agglu	0.00000128
19	loss	0.00000128
19	tolcerous	0.00000128
19	perfurao	0.00000128
19	fesin	0.00000128
19	rufous	0.00000128
19	nervism	0.00000128
19	odovu	0.00000128
19	stinmlus	0.00000128
19	offensive ichor	0.00000128
19	stag	0.00000128
19	mnsty	0.00000128
19	stenchifie	0.00000128
19	stincher	0.00000128
19	enammelle	0.00000128
19	infalabnous	0.00000128
19	fsetor	0.00000128
19	stinlre	0.00000128
19	affinity	0.00000128
19	ment	0.00000128
19	pregnate	0.00000128
19	spiritous	0.00000128
19	nious	0.00000128
19	stench smelling	0.00000128
19	rperfumed	0.00000128
19	drop	0.00000128
19	vapoui	0.00000128
19	rnoxious	0.00000128
19	intolerableâ	0.00000128
19	albuminuria	0.00000128
19	pilious	0.00000128
19	spore	0.00000128
19	sweetish	0.00000128
19	pheric	0.00000128
19	p p l e e n	0.00000128
19	diflerence	0.00000128
19	candy rhizome	0.00000128
19	deoderant	0.00000128
19	phenol	0.00000128
19	thedresh	0.00000128
19	tromatic	0.00000128
19	nauseat	0.00000128
19	asmell	0.00000128
19	digefte	0.00000128
19	fetour	0.00000128
19	repugnant	0.00000128
19	monobromata	0.00000128
19	fattor	0.00000128
19	coolness	0.00000128
19	sour odour	0.00000128
19	blfactory	0.00000128
19	aromatizar	0.00000128
19	chamomile	0.00000128
19	whidi	0.00000128
19	olfactoiâ	0.00000128
19	stercoraceous	0.00000128
19	fetid oedema	0.00000128
19	flake	0.00000128
19	aromatim	0.00000128
19	lilth	0.00000128
19	stinulant	0.00000128
19	tnodorous	0.00000128
19	fetofum	0.00000128
19	exfudant	0.00000128
19	oleofum	0.00000128
19	stinkimr	0.00000128
19	bespice	0.00000128
19	fragrant pungent	0.00000128
19	ubble	0.00000128
19	perfumey	0.00000128
19	blume	0.00000128
19	mrente	0.00000128
19	guste	0.00000128
19	notfufible	0.00000128
19	efiential	0.00000128
19	charac	0.00000128
19	syrupy	0.00000128
19	llagnate	0.00000128
19	baptifm	0.00000128
19	reclufe	0.00000128
19	tardius	0.00000128
19	fetore	0.00000128
19	rnusk	0.00000128
19	snielte	0.00000128
19	bromine	0.00000128
19	ejection	0.00000128
19	nonfetid	0.00000128
19	aromatic sulphur	0.00000128
19	ietie	0.00000128
19	foliaceous	0.00000128
19	case	0.00000128
19	scrofula	0.00000128
19	vitiation	0.00000128
19	odoricide	0.00000128
19	incurious	0.00000128
19	sprat	0.00000128
19	savoureth	0.00000128
19	dition	0.00000128
19	dlrogen	0.00000128
19	flnid	0.00000128
19	jdood	0.00000128
19	marjoram	0.00000128
19	didreffe	0.00000128
19	stink smut	0.00000128
19	dilfferent	0.00000128
19	fcfetid	0.00000128
19	vibration	0.00000128
19	impetig	0.00000128
19	odoron	0.00000128
19	ferric	0.00000128
19	valerian	0.00000128
19	oifactory	0.00000128
19	stinket	0.00000128
19	infusâ	0.00000128
19	fecal	0.00000128
19	stimidate	0.00000128
19	greasiness	0.00000128
19	ulcerate	0.00000128
19	ahohol	0.00000128
19	infufon	0.00000128
19	effeifl	0.00000128
19	fetid effluvium	0.00000128
19	glutinofum	0.00000128
19	odoratius	0.00000128
19	umhelliferous	0.00000128
19	fometiine	0.00000128
19	nate	0.00000128
19	miry	0.00000128
19	hypodermic	0.00000128
19	aromatic acrimony	0.00000128
19	jection	0.00000128
19	perfuafive	0.00000128
19	plfactory	0.00000128
19	ve	0.00000128
19	liferous	0.00000128
19	exhalent	0.00000128
19	stinight	0.00000128
19	sfishy	0.00000128
19	ol	0.00000128
19	follow	0.00000128
19	snuffy mucus	0.00000128
19	pungent fume	0.00000128
19	perfume liqueur	0.00000128
19	alcoliol	0.00000128
19	leetid	0.00000128
19	odouw	0.00000128
19	odorol	0.00000128
19	pathetid	0.00000128
19	odorifous	0.00000128
19	aninfufion	0.00000128
19	rioxious	0.00000128
19	minaceous	0.00000128
19	mentitious	0.00000128
19	fnorte	0.00000128
19	cumbufiible	0.00000128
19	om	0.00000128
19	odolite	0.00000128
19	frnoke	0.00000128
19	nofed	0.00000128
19	ioul	0.00000128
19	appetibe	0.00000128
19	niscence	0.00000128
19	smelliny	0.00000128
19	ulcerous	0.00000128
19	suitumigation	0.00000128
19	odorati	0.00000128
19	aromatophorus	0.00000128
19	muoihiginous	0.00000128
19	punclur	0.00000128
19	odorf	0.00000128
19	difcordant	0.00000128
19	ladaniferous	0.00000128
19	fetida	0.00000128
19	vromatic	0.00000128
19	infuston	0.00000128
19	fow	0.00000128
19	aromaiic	0.00000128
19	alkaloul	0.00000128
19	snuh	0.00000128
19	subfetid	0.00000128
19	distasteful	0.00000128
19	thisresinous	0.00000128
19	orotheraroma	0.00000128
19	deficcative	0.00000128
19	snuffâ	0.00000128
19	terebinth	0.00000128
19	stinjulate	0.00000128
19	cowd	0.00000128
19	fetid bastard	0.00000128
19	fasciculate	0.00000128
19	fuch	0.00000128
19	incenfum	0.00000128
19	perfurne	0.00000128
19	filfactory	0.00000128
19	otloriferous	0.00000128
19	eerafum	0.00000128
19	fetmel	0.00000128
19	foisonous	0.00000128
19	destructive	0.00000128
19	aromatic ire	0.00000064
19	smell musick	0.00000064
19	e p e	0.00000064
19	doek	0.00000064
19	soaggy	0.00000064
19	soaggy soade	0.00000064
19	soade	0.00000064
19	repofe refume	0.00000064
19	scald vapour	0.00000064
19	aromatic foul	0.00000064
19	perfam	0.00000064
19	refume refume	0.00000064
19	e l e g	0.00000064
19	puff puff	0.00000064
19	xuberance	0.00000064
19	effu	0.00000064
19	fuccour	0.00000064
19	holfum	0.00000064
19	aromatik cdouris	0.00000064
19	afluraes	0.00000064
19	c r e l	0.00000064
19	r e	0.00000064
19	essence exhalation	0.00000064
19	noxious aveed	0.00000064
19	khid	0.00000064
19	shiv	0.00000064
19	l l n e	0.00000064
19	- med	0.00000064
19	sotphur	0.00000064
19	fragrant spoil	0.00000064
19	condour	0.00000064
19	reek ftream	0.00000064
19	ftream	0.00000064
19	fullperfumc	0.00000064
19	pictur '	0.00000064
19	smell feel	0.00000064
19	stench exhale	0.00000064
19	fragrant breath perfum '	0.00000064
19	smell withindoor	0.00000064
19	u u	0.00000064
19	pcifume	0.00000064
19	body	0.00000064
19	r n g e n	0.00000064
19	g e n	0.00000064
19	reaffume	0.00000064
19	' ing	0.00000064
19	gorate	0.00000064
19	stnoke	0.00000064
19	oily fetid	0.00000064
19	ivind	0.00000064
19	atapour	0.00000064
19	uncleanliness	0.00000064
19	e u r p	0.00000064
19	c l p	0.00000064
19	unconfume	0.00000064
19	efflmia	0.00000064
19	infume	0.00000064
19	odor '	0.00000064
19	grumble	0.00000064
19	stink perfumer	0.00000064
19	estiuvia	0.00000064
19	reekit	0.00000064
19	fetid mire	0.00000064
19	mire	0.00000064
19	diffus '	0.00000064
19	effume effume	0.00000064
19	choak	0.00000064
19	lycour	0.00000064
19	perfurh '	0.00000064
19	asfe	0.00000064
19	stink fogs	0.00000064
19	shampoe	0.00000064
19	odourous fume	0.00000064
19	fetid flavour	0.00000064
19	aromatick balm perfume	0.00000064
19	fragrant arbour	0.00000064
19	curl '	0.00000064
19	fragrant sip	0.00000064
19	chace	0.00000064
19	reek gory	0.00000064
19	odoret	0.00000064
19	stinking arapour	0.00000064
19	arapour	0.00000064
19	bubroma	0.00000064
19	fetoel	0.00000064
19	pecfume	0.00000064
19	smok '	0.00000064
19	puind effluvia	0.00000064
19	scented fop	0.00000064
19	fop	0.00000064
19	dyfode	0.00000064
19	ethereal essence	0.00000064
19	fragrance breath	0.00000064
19	aromatic scented	0.00000064
19	breath perfum	0.00000064
19	andfum	0.00000064
19	torrent	0.00000064
19	odorose odorose	0.00000064
19	fragrance rance	0.00000064
19	perfume strew	0.00000064
19	iucense	0.00000064
19	e r p	0.00000064
19	impregnate impregnated	0.00000064
19	recreation	0.00000064
19	reushe	0.00000064
19	u n b r	0.00000064
19	perfumt	0.00000064
19	aromatik odouris	0.00000064
19	aroma aroma aroma	0.00000064
19	suffrance	0.00000064
19	leeke	0.00000064
19	fetids fetids	0.00000064
19	scent fragrancy	0.00000064
19	strongperfume strongperfume	0.00000064
19	smelleth smelleth	0.00000064
19	scent perfum '	0.00000064
19	essence breath '	0.00000064
19	fragrance exhale	0.00000064
19	inodorus	0.00000064
19	stink ark	0.00000064
19	ark	0.00000064
19	' fume	0.00000064
19	refreshing breath	0.00000064
19	winnow	0.00000064
19	offragrance	0.00000064
19	musquitos	0.00000064
19	musquito	0.00000064
19	beate	0.00000064
19	trifling	0.00000064
19	stincking breath	0.00000064
19	tadow	0.00000064
19	fragrant pallid	0.00000064
19	stink rivulet	0.00000064
19	oderous	0.00000064
19	smelj	0.00000064
19	tffluvia	0.00000064
19	immenfum	0.00000064
19	thiug	0.00000064
19	peal	0.00000064
19	ananas	0.00000064
19	aromatic decoction	0.00000064
19	savamp	0.00000064
19	libatory	0.00000064
19	unfeele	0.00000064
19	incen '	0.00000064
19	mhale	0.00000064
19	combustibles	0.00000064
19	odor - brealhe	0.00000064
19	brealhe	0.00000064
19	florid florid	0.00000064
19	fragrance fragrance perfume	0.00000064
19	fragrant wing	0.00000064
19	wing	0.00000064
19	odorin odorin	0.00000064
19	exhilarate breeze	0.00000064
19	trophie	0.00000064
19	aromatiz '	0.00000064
19	genial	0.00000064
19	prosy	0.00000064
19	perfidy	0.00000064
19	indolent indolent	0.00000064
19	u k b u l	0.00000064
19	fdow	0.00000064
19	fetid breathing	0.00000064
19	reddour	0.00000064
19	perfumaban	0.00000064
19	aud odoriferous	0.00000064
19	w7hiff	0.00000064
19	smoake incense	0.00000064
19	p c k w	0.00000064
19	ffawour	0.00000064
19	odorous delight	0.00000064
19	intelligence	0.00000064
19	stavour	0.00000064
19	perfusne	0.00000064
19	exhalation scent	0.00000064
19	content	0.00000064
19	smell exhale	0.00000064
19	flavor flavor	0.00000064
19	edulcorate	0.00000064
19	odourburst	0.00000064
19	g l n	0.00000064
19	aromatic cologne	0.00000064
19	fume reek	0.00000064
19	odoid	0.00000064
19	seek	0.00000064
19	scented savour	0.00000064
19	waft perfume	0.00000064
19	perfume jars	0.00000064
19	jar	0.00000064
19	aromatic bower	0.00000064
19	bower	0.00000064
19	whisker	0.00000064
19	reentrance	0.00000064
19	scem	0.00000064
19	brinysmell brinysmell	0.00000064
19	atmosphere atmosphere	0.00000064
19	perfume tiding	0.00000064
19	juiciness	0.00000064
19	aromatic breathing	0.00000064
19	muendoe	0.00000064
19	vitriolic fume	0.00000064
19	sty	0.00000064
19	superfluous superfluous	0.00000064
19	odor dwell	0.00000064
19	fragrance perfum '	0.00000064
19	cootoess	0.00000064
19	flowerenamelle	0.00000064
19	stinft	0.00000064
19	gaudy	0.00000064
19	drag	0.00000064
19	fragancy	0.00000064
19	reek froth	0.00000064
19	breathes perfume	0.00000064
19	cherish	0.00000064
19	cherished	0.00000064
19	obnoxious effluvium	0.00000064
19	fewsniff	0.00000064
19	rascal scent	0.00000064
19	smab	0.00000064
19	orange	0.00000064
19	iek	0.00000064
19	foul medow	0.00000064
19	blow	0.00000064
19	smelting smelting	0.00000064
19	decorate	0.00000064
19	odo - rous	0.00000064
19	fetid shoal	0.00000064
19	odorouss	0.00000064
19	whiff drawm	0.00000064
19	odoriferous balm	0.00000064
19	odorous shower	0.00000064
19	fragrant flutter	0.00000064
19	ughte	0.00000064
19	fragrant sirsing	0.00000064
19	sirsing	0.00000064
19	snuffeth	0.00000064
19	clovepink	0.00000064
19	avowal	0.00000064
19	tranquillize	0.00000064
19	nie	0.00000064
19	odoriferous od	0.00000064
19	whibng	0.00000064
19	rance	0.00000064
19	schaffe	0.00000064
19	afschaffe	0.00000064
19	scentless rarity	0.00000064
19	eth	0.00000064
19	lubricity	0.00000064
19	foul contagion	0.00000064
19	snuffed snuffed	0.00000064
19	odoriferous dropping	0.00000064
19	dropping	0.00000064
19	stanching	0.00000064
19	huuscs	0.00000064
19	fragrant alley	0.00000064
19	perfume aroma	0.00000064
19	breather	0.00000064
19	scented liquid	0.00000064
19	fragrant libation	0.00000064
19	p h r n e	0.00000064
19	odorous polish	0.00000064
19	odouv	0.00000064
19	odouvs	0.00000064
19	odious garland	0.00000064
19	breath - ing	0.00000064
19	foetid breath	0.00000064
19	incense waft	0.00000064
19	banquet	0.00000064
19	lilyperfume lilyperfume	0.00000064
19	lilyperfume	0.00000064
19	fah breeze	0.00000064
19	smoulder	0.00000064
19	olfactory endearment	0.00000064
19	h b f e	0.00000064
19	swalloweth	0.00000064
19	mustek	0.00000064
19	smutty snuffy	0.00000064
19	cosiness	0.00000064
19	aromatic incense	0.00000064
19	dilate	0.00000064
19	scented garland	0.00000064
19	foul hilde	0.00000064
19	mellow hue	0.00000064
19	yvind	0.00000064
19	degraded	0.00000064
19	slu	0.00000064
19	shimmer shimmer	0.00000064
19	airy	0.00000064
19	loathe	0.00000064
19	almug	0.00000064
19	fcetid exhalation	0.00000064
19	smell snuffy	0.00000064
19	run	0.00000064
19	vaunt	0.00000064
19	two	0.00000064
19	fragrant gloaming	0.00000064
19	prefum '	0.00000064
19	yvhiff	0.00000064
19	nipping	0.00000064
19	reek pestilential	0.00000064
19	smook	0.00000064
19	stink nok	0.00000064
19	smalltalk	0.00000064
19	intintion	0.00000064
19	honey sweet	0.00000064
19	corrupt air	0.00000064
19	acacias	0.00000064
19	fragrant air	0.00000064
19	perfume - give	0.00000064
19	blister	0.00000064
19	sniffer	0.00000064
19	cuiour	0.00000064
19	odorala	0.00000064
19	miff	0.00000064
19	sultry vapour	0.00000064
19	aromatic impression	0.00000064
19	shig	0.00000064
19	luminous luminous	0.00000064
19	jars	0.00000064
19	fetid pelt	0.00000064
19	swingdoor	0.00000064
19	engarlanding	0.00000064
19	fragrant wiiiff	0.00000064
19	sulphur smelling	0.00000064
19	theodour	0.00000064
19	erpower	0.00000064
19	ntfisance	0.00000064
19	stink fœtid	0.00000064
19	fridts	0.00000064
19	oxygen	0.00000064
19	sprinkler	0.00000064
19	censer	0.00000064
19	shady	0.00000064
19	floricultural	0.00000064
19	c b r c b r	0.00000064
19	permeating	0.00000064
19	reek shroud	0.00000064
19	shroud	0.00000064
19	scented stuff	0.00000064
19	pilloavs	0.00000064
19	odoriferous oil	0.00000064
19	ariel	0.00000064
19	btinke	0.00000064
19	bearingdoor	0.00000064
19	odorous mist	0.00000064
19	fawn	0.00000064
19	n r l p	0.00000064
19	r k c e n r	0.00000064
19	e c r p	0.00000064
19	e w 0 r k c e n r l p r	0.00000064
19	e w 0 r k c e x r l p r	0.00000064
19	vavasour	0.00000064
19	curl	0.00000064
19	strew fragrant	0.00000064
19	colourenamelle colourenamelled	0.00000064
19	fetid deathly	0.00000064
19	deathly	0.00000064
19	fetid sod	0.00000064
19	greytinte greytinte	0.00000064
19	brumme	0.00000064
19	horrid fetid	0.00000064
19	phizze	0.00000064
19	inebriatingperfume	0.00000064
19	spink	0.00000064
19	spy	0.00000064
19	visi	0.00000064
19	snuffshop	0.00000064
19	asphixiate	0.00000064
19	asphixiating	0.00000064
19	unsavoury emanation	0.00000064
19	warmtinted warmtinte	0.00000064
19	totfud	0.00000064
19	fragrant blessing	0.00000064
19	douse	0.00000064
19	aromatic hark	0.00000064
19	intoxicate essence	0.00000064
19	stid reek	0.00000064
19	perfume effuse	0.00000064
19	b n u n 0 l n	0.00000064
19	orangeperfume orangeperfume	0.00000064
19	colourenamelle colourenamelle	0.00000064
19	aromatic odor	0.00000064
19	variouslytinte variouslytinted	0.00000064
19	garlicflame	0.00000064
19	garlicflame breath	0.00000064
19	squalid degraded	0.00000064
19	perfume hanging	0.00000064
19	noisome reptde	0.00000064
19	stink fiezle	0.00000064
19	fiezle	0.00000064
19	stench '	0.00000064
19	avord	0.00000064
19	several	0.00000064
19	stin ing	0.00000064
19	fragrant balmy	0.00000064
19	anecdot	0.00000064
19	susurrus	0.00000064
19	sweetsmede	0.00000064
19	odoriferous fragor	0.00000064
19	foam	0.00000064
19	snowkcd	0.00000064
19	cuss	0.00000064
19	smebs	0.00000064
19	bethink	0.00000064
19	forethink	0.00000064
19	perfume garland	0.00000064
19	8melt	0.00000064
19	sbriek	0.00000064
19	ckeek	0.00000064
19	skadow	0.00000064
19	shaded	0.00000064
19	smokiness	0.00000064
19	odour scented	0.00000064
19	bewilder	0.00000064
19	bewildering	0.00000064
19	sausagesmelle	0.00000064
19	affitir	0.00000064
19	r g r e	0.00000064
19	headache	0.00000064
19	perfume grove	0.00000064
19	odoriferous breath perfume	0.00000064
19	fragrant gloame	0.00000064
19	odorous mustiness	0.00000064
19	mustiness	0.00000064
19	scent wud	0.00000064
19	joy	0.00000064
19	burningfume burningfume	0.00000064
19	odoriferous hastiness	0.00000064
19	pouute	0.00000064
19	fragrant scent	0.00000064
19	odoure smell	0.00000064
19	odorous eddy	0.00000064
19	perfumes fragrant	0.00000064
19	fragrant atar	0.00000064
19	lymph	0.00000064
19	tinkling	0.00000064
19	throb	0.00000064
19	scented starshape	0.00000064
19	starshape	0.00000064
19	outpouring	0.00000064
19	fetid slime	0.00000064
19	pferfume	0.00000064
19	inhale scent	0.00000064
19	sdowe	0.00000064
19	tickling	0.00000064
19	daisy	0.00000064
19	perfuiiss	0.00000064
19	wax	0.00000064
19	fragi	0.00000064
19	lilt	0.00000064
19	cottage	0.00000064
19	iris	0.00000064
19	toil	0.00000064
19	odorous draught	0.00000064
19	h e p e n	0.00000064
19	odorous comfort	0.00000064
19	comfort	0.00000064
19	tittilate	0.00000064
19	scentiment	0.00000064
19	diffrance	0.00000064
19	anff	0.00000064
19	fever	0.00000064
19	stink foetid	0.00000064
19	tomahawk	0.00000064
19	foulsmelling foulsmelle	0.00000064
19	putrif	0.00000064
19	perfumd	0.00000064
19	ssiake	0.00000064
19	sunshiny	0.00000064
19	noisome smell	0.00000064
19	snorer	0.00000064
19	perfumy perfumy	0.00000064
19	torrance	0.00000064
19	stench - laden	0.00000064
19	stin - '	0.00000064
19	skum	0.00000064
19	howkit	0.00000064
19	smell smelt	0.00000064
19	terrace	0.00000064
19	champagny	0.00000064
19	charcoalfume charcoalfume	0.00000064
19	charcoalfume	0.00000064
19	smell streem	0.00000064
19	sulphur vapours	0.00000064
19	sffver	0.00000064
19	fetid percolation	0.00000064
19	smedmg	0.00000064
19	putrid essence	0.00000064
19	gem perfume	0.00000064
19	stink sulphur	0.00000064
19	fuh	0.00000064
19	foul sicken	0.00000064
19	slumberous	0.00000064
19	reeking froth	0.00000064
19	fume -	0.00000064
19	holsum	0.00000064
19	ste	0.00000064
19	fed	0.00000064
19	snifftere	0.00000064
19	stink smoake	0.00000064
19	noxious scent	0.00000064
19	r e f r e r	0.00000064
19	subterfuge subterfuge	0.00000064
19	greasy fume	0.00000064
19	ootos	0.00000064
19	odorsten	0.00000064
19	doetor	0.00000064
19	perfumeladen perfumeladen	0.00000064
19	bluish	0.00000064
19	aromatic sassafras	0.00000064
19	sassafras	0.00000064
19	pungent pungent	0.00000064
19	teipfum	0.00000064
19	spice vapour	0.00000064
19	aromatic solitude	0.00000064
19	fetis	0.00000064
19	strongsmelling strongsmelle	0.00000064
19	thatmelt	0.00000064
19	deheious	0.00000064
19	deheious incense	0.00000064
19	odorous narcissus	0.00000064
19	snip	0.00000064
19	fraqrance	0.00000064
19	smelling tloek	0.00000064
19	tloek	0.00000064
19	odoriferous reminder	0.00000064
19	reminder	0.00000064
19	blossometh	0.00000064
19	fragranee	0.00000064
19	shun	0.00000064
19	clank	0.00000064
19	aromatic tumbak	0.00000064
19	tumbak	0.00000064
19	shunk	0.00000064
19	iplendour	0.00000064
19	preek	0.00000064
19	athalebs	0.00000064
19	obnoxious breath	0.00000064
19	fragrant rejoicing	0.00000064
19	rejoicing	0.00000064
19	disparage	0.00000064
19	mosquitos	0.00000064
19	oilodore	0.00000064
19	st	0.00000064
19	aphid	0.00000064
19	spel	0.00000064
19	htinc	0.00000064
19	odor sulphureous	0.00000064
19	gloaming	0.00000064
19	scented hirk	0.00000064
19	cuter	0.00000064
19	odorous slush	0.00000064
19	sickeningodour sickeningodour	0.00000064
19	f u n	0.00000064
19	hue odour	0.00000064
19	prowl	0.00000064
19	bury	0.00000064
19	fule	0.00000064
19	luek	0.00000064
19	yedow	0.00000064
19	miasmatic atmosphere	0.00000064
19	reek beak	0.00000064
19	brighttinted	0.00000064
19	fragrant shower	0.00000064
19	noisier	0.00000064
19	odoriserous odoriserous	0.00000064
19	rarer	0.00000064
19	reek odor	0.00000064
19	odorous whiff	0.00000064
19	perfumy breath	0.00000064
19	earthperfume earthperfume	0.00000064
19	essence reek	0.00000064
19	sighting	0.00000064
19	ditto	0.00000064
19	bee	0.00000064
19	langour scent	0.00000064
19	odour scenteth	0.00000064
19	chud	0.00000064
19	nimely	0.00000064
19	rosetint	0.00000064
19	rosetint rosetint	0.00000064
19	snoro	0.00000064
19	foul unwholesome	0.00000064
19	odorous call	0.00000064
19	fragranc	0.00000064
19	stroll	0.00000064
19	p e r	0.00000064
19	odourof	0.00000064
19	tdoy	0.00000064
19	hellish	0.00000064
19	hellish fume	0.00000064
19	drip	0.00000064
19	stanche	0.00000064
19	scented moor	0.00000064
19	moor	0.00000064
19	avhich	0.00000064
19	meerschaum	0.00000064
19	richlyperfume richlyperfume	0.00000064
19	porcine	0.00000064
19	porcine emanation	0.00000064
19	torrid	0.00000064
19	grummelle	0.00000064
19	iced	0.00000064
19	perfume odorous	0.00000064
19	unmeasur	0.00000064
19	blubber	0.00000064
19	shine	0.00000064
19	sultriness	0.00000064
19	alue	0.00000064
19	aromatic splendour	0.00000064
19	smell parfume	0.00000064
19	scent undercurrent	0.00000064
19	undercurrent	0.00000064
19	nosegays	0.00000064
19	inhale inhale	0.00000064
19	plendour	0.00000064
19	steenk	0.00000064
19	odour perfume perfume	0.00000064
19	snuffiness	0.00000064
19	scented birkt	0.00000064
19	snsak	0.00000064
19	vspour	0.00000064
19	perfume scented	0.00000064
19	ntind	0.00000064
19	illumed	0.00000064
19	camomel	0.00000064
19	fragrant virtue	0.00000064
19	trapdoor	0.00000064
19	scented smell	0.00000064
19	aromatic avhiff	0.00000064
19	seller	0.00000064
19	fragrant decoction	0.00000064
19	decoction	0.00000064
19	scent monograme	0.00000064
19	lap	0.00000064
19	epaulet	0.00000064
19	perfumit	0.00000064
19	fetid embrace	0.00000064
19	geyser	0.00000064
19	aromatic pleasure	0.00000064
19	unfumed	0.00000064
19	oppress	0.00000064
19	distilling	0.00000064
19	offend offend	0.00000064
19	aroma laden	0.00000064
19	fragrant mimosas	0.00000064
19	mimosas	0.00000064
19	yapour smell	0.00000064
19	puffin	0.00000064
19	scentle scentle	0.00000064
19	nourishment	0.00000064
19	avind	0.00000064
19	smeh	0.00000064
19	fragrant nectar	0.00000064
19	rosepink	0.00000064
19	rosepink rosepink	0.00000064
19	avar	0.00000064
19	spatter	0.00000064
19	doavnpour	0.00000064
19	odorous spice	0.00000064
19	fiifur	0.00000064
19	bluid	0.00000064
19	comet	0.00000064
19	fouk	0.00000064
19	stink rme	0.00000064
19	rme	0.00000064
19	softtinte softtinted	0.00000064
19	softtinte	0.00000064
19	perfuuc	0.00000064
19	thenmelte	0.00000064
19	odoriferous nuisance	0.00000064
19	ere	0.00000064
19	breath sniff	0.00000064
19	odorous stimulant	0.00000064
19	fetid kiuds	0.00000064
19	kiud	0.00000064
19	induce	0.00000064
19	sweet incense	0.00000064
19	reek garlick	0.00000064
19	vitiates	0.00000064
19	odoriferous panacea	0.00000064
19	panacea	0.00000064
19	smell ekamp	0.00000064
19	ekamp	0.00000064
19	updoide	0.00000064
19	purifie	0.00000064
19	fragrant avind	0.00000064
19	swoon	0.00000064
19	fragrant fuming	0.00000064
19	clud	0.00000064
19	scuff	0.00000064
19	blooming	0.00000064
19	fust	0.00000064
19	delightful incense	0.00000064
19	eretime	0.00000064
19	ohactory ohactory	0.00000064
19	illuminant	0.00000064
19	pungentsmelle pungentsmelle	0.00000064
19	odoriferous puff	0.00000064
19	nostril inhale	0.00000064
19	cloyed	0.00000064
19	foul fetid	0.00000064
19	thymecovere thymecovere	0.00000064
19	aveek	0.00000064
19	musictone	0.00000064
19	salutiferous salutiferous	0.00000064
19	birch	0.00000064
19	blaze	0.00000064
19	throat	0.00000064
19	reek fang	0.00000064
19	fang	0.00000064
19	dentifrice	0.00000064
19	scented exhalation	0.00000064
19	presentlyperfume presentlyperfume	0.00000064
19	exhalation foul	0.00000064
19	frind	0.00000064
19	meed	0.00000064
19	fetid gust	0.00000064
19	fresh ,	0.00000064
19	mfernal	0.00000064
19	mfernal incense	0.00000064
19	aromatic spray	0.00000064
19	pallid vapour	0.00000064
19	aromatic air	0.00000064
19	sicklyperfume	0.00000064
19	sicklyperfume sicklyperfumed	0.00000064
19	snubbing	0.00000064
19	vdolet	0.00000064
19	vdolet tint	0.00000064
19	fragrant scented	0.00000064
19	salmontinte salmontinted	0.00000064
19	enhale	0.00000064
19	pius	0.00000064
19	nostrils perfume	0.00000064
19	fresher	0.00000064
19	sulphurous vapour	0.00000064
19	undertint	0.00000064
19	snoove	0.00000064
19	nose smell	0.00000064
19	scented creeper	0.00000064
19	creeper	0.00000064
19	oily iridescent	0.00000064
19	reeking ssvords	0.00000064
19	ssvord	0.00000064
19	fetid trreen	0.00000064
19	pastime pastime	0.00000064
19	romadour	0.00000064
19	snuff nozzle	0.00000064
19	smell nosegay	0.00000064
19	fester fester	0.00000064
19	scent sulphur	0.00000064
19	whiffle	0.00000064
19	stank morass	0.00000064
19	ivhiff	0.00000064
19	orangetinte	0.00000064
19	aromatic tansy	0.00000064
19	whaff	0.00000064
19	sniff smell	0.00000064
19	scent uproar	0.00000064
19	btank	0.00000064
19	savour smell	0.00000064
19	pungent vapour	0.00000064
19	speedwell	0.00000064
19	vapour reek	0.00000064
19	smellingout	0.00000064
19	odorous blossom	0.00000064
19	reek lum	0.00000064
19	lum	0.00000064
19	fragrant havana	0.00000064
19	crimp	0.00000064
19	scented monogrammed	0.00000064
19	splendour reek	0.00000064
19	perfume creeper	0.00000064
19	infusion	0.00000064
19	seethe frothy	0.00000064
19	perfume wreath	0.00000064
19	atar	0.00000064
19	purr	0.00000064
19	camomell	0.00000064
19	chicory	0.00000064
19	aromatic ill	0.00000064
19	scented wrapping	0.00000064
19	perfumery perfumery	0.00000064
19	fold	0.00000064
19	hauteur	0.00000064
19	hyacinthperfume hyacinthperfume	0.00000064
19	hyacinthperfume	0.00000064
19	scorification	0.00000064
19	rhyme	0.00000064
19	fragrant dew	0.00000064
19	putrid sulphurous	0.00000064
19	disdain	0.00000064
19	malodourous malodourous	0.00000064
19	curling	0.00000064
19	odorous puff	0.00000064
19	appal	0.00000064
19	appalling	0.00000064
19	stem	0.00000064
19	zmell	0.00000064
19	famé	0.00000064
19	decologne	0.00000064
19	mocha	0.00000064
19	nerfume	0.00000064
19	odor sulphureus	0.00000064
19	sulphureus	0.00000064
19	aromatic piue	0.00000064
19	rufus	0.00000064
19	carol	0.00000064
19	veil	0.00000064
19	frames	0.00000064
19	scaur	0.00000064
19	fragrant emanation	0.00000064
19	odorous whispering	0.00000064
19	old	0.00000064
19	jeavel	0.00000064
19	glint	0.00000064
19	scent gland	0.00000064
19	deekt	0.00000064
19	mystic	0.00000064
19	mystic essence	0.00000064
19	read	0.00000064
19	whiffing snort	0.00000064
19	goad	0.00000064
19	scented hedge	0.00000064
19	hedge	0.00000064
19	stricken	0.00000064
19	smell cosmetique	0.00000064
19	scent - holder	0.00000064
19	frolic	0.00000064
19	perfume snowflake	0.00000064
19	snowflake	0.00000064
19	sluttishness	0.00000064
19	clack	0.00000064
19	noise	0.00000064
19	speek	0.00000064
19	fœtid fume	0.00000064
19	noze	0.00000064
19	frolicsome	0.00000064
19	fragrant bloom	0.00000064
19	frothy spume	0.00000064
19	fragrant sound	0.00000064
19	flask	0.00000064
19	scented thyme	0.00000064
19	snitf	0.00000064
19	odoriferous sniff	0.00000064
19	snuff scent	0.00000064
19	scented verbena	0.00000064
19	verbena	0.00000064
19	smell languorous	0.00000064
19	swank	0.00000064
19	wrongdoin	0.00000064
19	wrongdoin wrongdoin	0.00000064
19	scented crest	0.00000064
19	olivetinte olivetinte	0.00000064
19	appetising appetising	0.00000064
19	upfume	0.00000064
19	tink	0.00000064
19	hale	0.00000064
19	odorous hint	0.00000064
19	odorous charm	0.00000064
19	withindoors withindoor	0.00000064
19	reek atmosphere	0.00000064
19	scented fat	0.00000064
19	fat	0.00000064
19	extortion	0.00000064
19	scented sod	0.00000064
19	oath	0.00000064
19	thousand	0.00000064
19	disrance	0.00000064
19	aroma '	0.00000064
19	vengence	0.00000064
19	ii p e r x l v	0.00000064
19	blasting	0.00000064
19	svork	0.00000064
19	smell garlick	0.00000064
19	fetid breeze	0.00000064
19	parlour	0.00000064
19	browntinte	0.00000064
19	appetising fume	0.00000064
19	whiffwhaff whiffwhaff	0.00000064
19	perfume perukes	0.00000064
19	succour	0.00000064
19	wthiff	0.00000064
19	scent - bottle	0.00000064
19	scented sweetness	0.00000064
19	burnish	0.00000064
19	scent aroon	0.00000064
19	quietude	0.00000064
19	stuffiness	0.00000064
19	cromak	0.00000064
19	ivorytinte	0.00000064
19	disfavour	0.00000064
19	fragility	0.00000064
19	waff	0.00000064
19	whiff whaff	0.00000064
19	breath odorous	0.00000064
19	seaimpregnate seaimpregnate	0.00000064
19	seem	0.00000064
19	noxious humour	0.00000064
19	erfume erfume	0.00000064
19	soot	0.00000064
19	harem	0.00000064
19	mujik	0.00000064
19	badlysnuffe	0.00000064
19	chase scent	0.00000064
19	barkysmell barkysmell	0.00000064
19	npour	0.00000064
19	strekke	0.00000064
19	avhistle	0.00000064
19	rainbowtinted	0.00000064
19	flavorous venome	0.00000064
19	fragrant purlieus	0.00000064
19	purlieus	0.00000064
19	perfume - shed	0.00000064
19	perfumeth	0.00000064
19	reekin	0.00000064
19	fœtid air	0.00000064
19	exiour	0.00000064
19	manifactur	0.00000064
19	souse	0.00000064
19	snortiug	0.00000064
19	fetid stench	0.00000064
19	dally	0.00000064
19	fragrant avhiff	0.00000064
19	croma	0.00000064
19	hemelle	0.00000064
19	scented durance	0.00000064
19	durance	0.00000064
19	putrid fester	0.00000064
19	coctume	0.00000064
19	delicatelytinte delicatelytinte	0.00000064
19	heap	0.00000064
19	foul chorus	0.00000064
19	scent den	0.00000064
19	thrill	0.00000064
19	flowerscente flowerscente	0.00000064
19	perfume garlanded	0.00000064
19	smelly felt	0.00000064
19	felt	0.00000064
19	beehive	0.00000064
19	stronglyscente aromatic	0.00000064
19	sickening	0.00000064
19	dripping	0.00000064
19	c 0 u e g	0.00000064
19	odenr	0.00000064
19	appetizing fume	0.00000064
19	snuff nostril	0.00000064
19	fragrant vapor	0.00000064
19	eed	0.00000064
19	snufftake	0.00000064
19	sachet	0.00000064
19	ribbon	0.00000064
19	parfum enivrant	0.00000064
19	overdoor	0.00000064
19	heady	0.00000064
19	stin ' ed	0.00000064
19	trolling	0.00000064
19	coloured	0.00000064
19	sweetscented sweetscente	0.00000064
19	tad	0.00000064
19	snoek	0.00000064
19	odorous spirituous	0.00000064
19	intoxicate witchery	0.00000064
19	lead	0.00000064
19	scented mead	0.00000064
19	dhroope	0.00000064
19	savvour	0.00000064
19	fragrant enervate	0.00000064
19	dirtysmelling	0.00000064
19	bole	0.00000064
19	perfick	0.00000064
19	shadoavs	0.00000064
19	perfumin	0.00000064
19	perfumin '	0.00000064
19	perfume '	0.00000064
19	refpeck	0.00000064
19	befrille	0.00000064
19	stunken	0.00000064
19	scented deception	0.00000064
19	perfume zephyr	0.00000064
19	perfumeburdened	0.00000064
19	perfumeburdene perfumeburdened	0.00000064
19	tiff	0.00000064
19	essence essence	0.00000064
19	reek pungency	0.00000064
19	gurgle	0.00000064
19	lutvuur	0.00000064
19	noxious stain	0.00000064
19	fragrant oilâ	0.00000064
19	rosetinte rosetinted	0.00000064
19	hurriedlysniffe hurriedlysniffing	0.00000064
19	fragrant cloud	0.00000064
19	ribanded	0.00000064
19	olfactory abomination	0.00000064
19	olfactory mdsance	0.00000064
19	bloom odorous	0.00000064
19	diff	0.00000064
19	e r w e	0.00000064
19	fufl	0.00000064
19	fete blast	0.00000064
19	hanour	0.00000064
19	fetition	0.00000064
19	stinzen	0.00000064
19	azure	0.00000064
19	foul avorm	0.00000064
19	odoriferous blossom	0.00000064
19	fragrant blush	0.00000064
19	fetid broiling	0.00000064
19	broiling	0.00000064
19	conglobe	0.00000064
19	ibomene	0.00000064
19	ibomene aromatic	0.00000064
19	fmellethe	0.00000064
19	noxious atmosphere	0.00000064
19	odorous nosegay	0.00000064
19	shout	0.00000064
19	snieek	0.00000064
19	steeven	0.00000064
19	bquor	0.00000064
19	sweeter	0.00000064
19	goldentinte goldentinte	0.00000064
19	airs	0.00000064
19	perfum - ed	0.00000064
19	fid	0.00000064
19	throbs	0.00000064
19	- repel	0.00000064
19	repelling	0.00000064
19	scented perfumery	0.00000064
19	pestilential vapour	0.00000064
19	fragrant orison	0.00000064
19	clothe	0.00000064
19	pestilence	0.00000064
19	siroccos	0.00000064
19	c b n c	0.00000064
19	e	0.00000064
19	h e e e	0.00000064
19	foul memories	0.00000064
19	stew	0.00000064
19	auriculas	0.00000064
19	flek	0.00000064
19	sniffs	0.00000064
19	intoxicate intoxicating	0.00000064
19	stench taint	0.00000064
19	noisome noisome	0.00000064
19	odorous gum	0.00000064
19	perfunung	0.00000064
19	foldingdoor	0.00000064
19	revive	0.00000064
19	reviving	0.00000064
19	odoriferous ointment	0.00000064
19	scented balm	0.00000064
19	intenseperfume	0.00000064
19	intenseperfume intenseperfume	0.00000064
19	fragrant aloe	0.00000064
19	reek mist	0.00000064
19	stinking smoke	0.00000064
19	stink hquor	0.00000064
19	spread	0.00000064
19	mustmelt	0.00000064
19	perfume waft	0.00000064
19	odoriferous aromatical	0.00000064
19	olfato	0.00000064
19	mpour	0.00000064
19	inspirit	0.00000064
19	inspiriting	0.00000064
19	stanks stank	0.00000064
19	spire	0.00000064
19	effluvium effluvium	0.00000064
19	breauie	0.00000064
19	odorif rous	0.00000064
19	b e r	0.00000064
19	relish	0.00000064
19	grunt	0.00000064
19	syrup	0.00000064
19	haae scented	0.00000064
19	cloy kiss	0.00000064
19	savouriness	0.00000064
19	vistas	0.00000064
19	snuff sound	0.00000064
19	nose scent	0.00000064
19	feigencactus	0.00000064
19	feigencactus feigencactus	0.00000064
19	taverndoor	0.00000064
19	fragrant habana	0.00000064
19	shik	0.00000064
19	reek pandemonium	0.00000064
19	foul fume	0.00000064
19	aromatic zephyr	0.00000064
19	od scented	0.00000064
19	perfumpd	0.00000064
19	perfumos	0.00000064
19	daffodil	0.00000064
19	daffodil perfume	0.00000064
19	odorous ode	0.00000064
19	sulphureous vapour	0.00000064
19	ning	0.00000064
19	burn incense	0.00000064
19	afeite	0.00000064
19	coppertinte coppertinte	0.00000064
19	outsmell	0.00000064
19	olfactory discomfort	0.00000064
19	scented fem	0.00000064
19	scentless phantasm	0.00000064
19	fogs	0.00000064
19	stink gutter	0.00000064
19	gutter	0.00000064
19	smell incense	0.00000064
19	exotic	0.00000064
19	tessekte	0.00000064
19	highlyperfume highlyperfume	0.00000064
19	odorous spray	0.00000064
19	aromatic wreath	0.00000064
19	solfatara	0.00000064
19	scented violet	0.00000064
19	perfuni '	0.00000064
19	aromatike	0.00000064
19	unpurifi '	0.00000064
19	perfuin '	0.00000064
19	beflower	0.00000064
19	fragrant snuff	0.00000064
19	fragrant breath '	0.00000064
19	manufacture	0.00000064
19	feelhig	0.00000064
19	soothe	0.00000064
19	breath fragrance	0.00000064
19	sweet breeze	0.00000064
19	roue	0.00000064
19	horseavhipping	0.00000064
19	evening	0.00000064
19	broider	0.00000064
19	enfume	0.00000064
19	recrosse	0.00000064
19	n e r n e	0.00000064
19	tempt	0.00000064
19	pdot	0.00000064
19	6dour	0.00000064
19	smell stuff	0.00000064
19	cuchillos	0.00000064
19	deaise	0.00000064
19	perfume exhala	0.00000064
19	hue fragrant	0.00000064
19	odorous atmosphere	0.00000064
19	appetiz	0.00000064
19	cele	0.00000064
19	puff fragrant	0.00000064
19	aromatic bloom	0.00000064
19	factious fume	0.00000064
19	emblazon	0.00000064
19	smellstink	0.00000064
19	sulf	0.00000064
19	scented waxy	0.00000064
19	tuneful	0.00000064
19	effluadum	0.00000064
19	gout	0.00000064
19	medow	0.00000064
19	tmel	0.00000064
19	fetid bosom	0.00000064
19	fetid mirth	0.00000064
19	inhaling inhaling	0.00000064
19	e x e e e	0.00000064
19	turk	0.00000064
19	foul incense	0.00000064
19	fragrant feeld	0.00000064
19	feeld	0.00000064
19	offactory	0.00000064
19	cheek	0.00000064
19	cheeked	0.00000064
19	scent ous	0.00000064
19	reek seething	0.00000064
19	odorous incense	0.00000064
19	smell acute	0.00000064
19	stink aud	0.00000064
19	aud	0.00000064
19	stol	0.00000064
19	untramelled	0.00000064
19	delicious breeze	0.00000064
19	stinkify	0.00000064
19	scent support	0.00000064
19	support	0.00000064
19	stenchis	0.00000064
19	fodowe	0.00000064
19	perfunied	0.00000064
19	caue	0.00000064
19	pue	0.00000064
19	odora canum	0.00000064
19	canum	0.00000064
19	foul rivulet	0.00000064
19	aloe perfume	0.00000064
19	chetik	0.00000064
19	r e l z e u z e b e k e r	0.00000064
19	denationalize	0.00000064
19	stink violet	0.00000064
19	odorous wreath	0.00000064
19	foule	0.00000064
19	snuffier	0.00000064
19	spicesmelle spicesmelle	0.00000064
19	spicesmelle	0.00000064
19	aroma perfume perfume	0.00000064
19	n g e r	0.00000064
19	levity	0.00000064
19	foul ooze	0.00000064
19	nostril stank	0.00000064
19	untramelle	0.00000064
19	eveningperfumes eveningperfume	0.00000064
19	odourl	0.00000064
19	scented fragrance	0.00000064
19	solitude	0.00000064
19	stink foul	0.00000064
19	diffused	0.00000064
19	stink od	0.00000064
19	exude od	0.00000064
19	peffum	0.00000064
19	strewd	0.00000064
19	obnoxious leek	0.00000064
19	dizen	0.00000064
19	odor - bear	0.00000064
19	pollen	0.00000064
19	fillip	0.00000064
19	prouendour	0.00000064
19	ruffian reeking	0.00000064
19	permeates	0.00000064
19	raciness	0.00000064
19	reede	0.00000064
19	snuff coke	0.00000064
19	coke	0.00000064
19	soak	0.00000064
19	pomade scent	0.00000064
19	life	0.00000064
19	inhale smell	0.00000064
19	wheezing	0.00000064
19	napkin	0.00000064
19	mess	0.00000064
19	bleed	0.00000064
19	stink stunk	0.00000064
19	smell comfort	0.00000064
19	perfume blend	0.00000064
19	fragrant memory	0.00000064
19	aromatic splendor	0.00000064
19	aromatic exudation	0.00000064
19	anecdotage	0.00000064
19	feeder foul	0.00000064
19	whifft	0.00000064
19	effluvia reek	0.00000064
19	irradiation	0.00000064
19	intoxicate incense	0.00000064
19	odorous esculent	0.00000064
19	fragrant nuisance	0.00000064
19	stunk stunk	0.00000064
19	smeekit	0.00000064
19	stench thereof	0.00000064
19	thereof	0.00000064
19	bacterian	0.00000064
19	bacterian mote	0.00000064
19	absoroe	0.00000064
19	nauseous reeking	0.00000064
19	noxious stench	0.00000064
19	gully	0.00000064
19	bulk	0.00000064
19	olfactory nuisance	0.00000064
19	effluent	0.00000064
19	channel	0.00000064
19	reflux	0.00000064
19	effluv	0.00000064
19	savour stank	0.00000064
19	snifter	0.00000064
19	r e e n l	0.00000064
19	odorej	0.00000064
19	p u p	0.00000064
19	fetid eflhuvia	0.00000064
19	whigh	0.00000064
19	stink whigg	0.00000064
19	whigg	0.00000064
19	stik	0.00000064
19	scentless imitation	0.00000064
19	perfu - mery	0.00000064
19	reek vapor	0.00000064
19	crowns	0.00000064
19	foul fœtor	0.00000064
19	fetid waft	0.00000064
19	e l h e	0.00000064
19	l h e	0.00000064
19	u r f	0.00000064
19	profanity	0.00000064
19	aldehyde	0.00000064
19	laden atmosphere	0.00000064
19	odoratus	0.00000064
19	baulk	0.00000064
19	carpet	0.00000064
19	odoriferous resin	0.00000064
19	exaction	0.00000064
19	fetid vapor	0.00000064
19	kind	0.00000064
19	fetid exhalatinns	0.00000064
19	exhalatinn	0.00000064
19	mature	0.00000064
19	odorous ethereal	0.00000064
19	frowsiness	0.00000064
19	koros	0.00000064
19	koro	0.00000064
19	odorous tranquil	0.00000064
19	scented pearl	0.00000064
19	fragrance breathe	0.00000064
19	e e b e	0.00000064
19	u r b u	0.00000064
19	glimpse	0.00000064
19	luminous emanation	0.00000064
19	water	0.00000064
19	strummel	0.00000064
19	sight	0.00000064
19	fragrant unguent	0.00000064
19	aromatic seasoning	0.00000064
19	j	0.00000064
19	hound	0.00000064
19	foul miasmas	0.00000064
19	stince	0.00000064
19	reek essence	0.00000064
19	odorous antiseptic	0.00000064
19	antiseptic emanation	0.00000064
19	potent herb	0.00000064
19	saur	0.00000064
19	e b u b	0.00000064
19	snuff nose	0.00000064
19	scent nose	0.00000064
19	sweet -	0.00000064
19	sacdrafum	0.00000064
19	efduvia	0.00000064
19	odoriferous extract	0.00000064
19	lexus	0.00000064
19	spongiofum	0.00000064
19	- rous	0.00000064
19	acetonuria	0.00000064
19	smatounecle	0.00000064
19	dedoublent	0.00000064
19	deposition	0.00000064
19	throac	0.00000064
19	fpre	0.00000064
19	scented atmosphere	0.00000064
19	luvia	0.00000064
19	noisome steams	0.00000064
19	smell vapiour	0.00000064
19	fragrant savour	0.00000064
19	e c l u e	0.00000064
19	infumate	0.00000064
19	ing perfume	0.00000064
19	rmelt	0.00000064
19	perfume liquor	0.00000064
19	stink doud	0.00000064
19	doud	0.00000064
19	frictious	0.00000064
19	odoraius	0.00000064
19	perspmation	0.00000064
19	balmodour	0.00000064
19	effecc	0.00000064
19	foul taint	0.00000064
19	effluvi	0.00000064
19	on	0.00000064
19	stinkitig	0.00000064
19	oxigene	0.00000064
19	achorous	0.00000064
19	exem	0.00000064
19	elegance	0.00000064
19	fecretion	0.00000064
19	noxious emanatm	0.00000064
19	h e c u r	0.00000064
19	fhifte	0.00000064
19	c h	0.00000064
19	l	0.00000064
19	stimulant powder	0.00000064
19	efisuvia	0.00000064
19	vcink	0.00000064
19	odorif erous	0.00000064
19	scentless ferocious	0.00000064
19	frangrancy	0.00000064
19	foul obstruct	0.00000064
19	dnnk	0.00000064
19	aromatic smelb	0.00000064
19	camifum	0.00000064
19	gangraenofum	0.00000064
19	foetid offensive	0.00000064
19	adfually	0.00000064
19	imit	0.00000064
19	deodorize cfum	0.00000064
19	v e r e r n ii v p ii r c p ( e	0.00000064
19	w8eks	0.00000064
19	aromar	0.00000064
19	efflur	0.00000064
19	affec	0.00000064
19	ntive	0.00000064
19	ntive emanation	0.00000064
19	reek exhala	0.00000064
19	e e r f	0.00000064
19	fetid juice	0.00000064
19	smell smell smelt	0.00000064
19	tomodourl	0.00000064
19	jlask	0.00000064
19	granulation	0.00000064
19	corpora	0.00000064
19	tmnour	0.00000064
19	stinche	0.00000064
19	effusiou	0.00000064
19	rous odorous	0.00000064
19	emana -	0.00000064
19	vapour fmelle	0.00000064
19	fyflem	0.00000064
19	fetid infufion	0.00000064
19	odore odorem	0.00000064
19	offensive sulphur	0.00000064
19	pulfe	0.00000064
19	odo iferous	0.00000064
19	cafe	0.00000064
19	undrained	0.00000064
19	undraine	0.00000064
19	augue	0.00000064
19	efflwuia	0.00000064
19	breath perfumua	0.00000064
19	infumo	0.00000064
19	etherealsmell	0.00000064
19	oecurs	0.00000064
19	cofour	0.00000064
19	leucorrhoea	0.00000064
19	affluvium	0.00000064
19	nnour	0.00000064
19	adfuit	0.00000064
19	noxious cdour	0.00000064
19	simell	0.00000064
19	perfume diftille	0.00000064
19	fiflure	0.00000064
19	foramina	0.00000064
19	irritation	0.00000064
19	gonfume	0.00000064
19	aromatic acrid	0.00000064
19	obstruc	0.00000064
19	fetid gaseous	0.00000064
19	liqueur aroma	0.00000064
19	fliriek	0.00000064
19	lation	0.00000064
19	emetie	0.00000064
19	scenty	0.00000064
19	piirifie	0.00000064
19	r n g	0.00000064
19	8tink	0.00000064
19	erfuming	0.00000064
19	aromatic pofoder	0.00000064
19	flich	0.00000064
19	noxious fmell	0.00000064
19	fnow	0.00000064
19	effcr	0.00000064
19	aromatic produdlion	0.00000064
19	produdlion	0.00000064
19	odoriferous eflluvia	0.00000064
19	infed	0.00000064
19	ftem	0.00000064
19	fetid difcharge	0.00000064
19	difcharge	0.00000064
19	tastfjs	0.00000064
19	eflsuvia	0.00000064
19	` ` ` ` '' p e ` ` '' '' '' c e '' '' ''	0.00000064
19	chili	0.00000064
19	whitefume	0.00000064
19	abfe	0.00000064
19	odorous oily	0.00000064
19	ftrongfmell	0.00000064
19	mephitifm	0.00000064
19	h l f f r q f	0.00000064
19	p e n n	0.00000064
19	evolu -	0.00000064
19	noxious cfiluvia	0.00000064
19	e l e	0.00000064
19	foliaoeous	0.00000064
19	r u c	0.00000064
19	profufe evacuation	0.00000064
19	eihalation	0.00000064
19	scented acorus	0.00000064
19	santafum	0.00000064
19	neiwous	0.00000064
19	smelkd	0.00000064
19	f e r e	0.00000064
19	oftint	0.00000064
19	collection	0.00000064
19	jasper	0.00000064
19	active	0.00000064
19	cotzfume	0.00000064
19	imel	0.00000064
19	sleake	0.00000064
19	brush	0.00000064
19	pnrifying	0.00000064
19	liffey	0.00000064
19	snilf	0.00000064
19	efl0luvia	0.00000064
19	nauseous acrid	0.00000064
19	exorcisme	0.00000064
19	cffluvia	0.00000064
19	odorouseffluvia	0.00000064
19	olfactory mdoous	0.00000064
19	mdoous	0.00000064
19	reek vale	0.00000064
19	offensive discharge	0.00000064
19	fetorem	0.00000064
19	odotuâ	0.00000064
19	cloth	0.00000064
19	odorous exhala -	0.00000064
19	effluvia whiz	0.00000064
19	- erous	0.00000064
19	flavor essence	0.00000064
19	eflduvia	0.00000064
19	etuuvia	0.00000064
19	perforan	0.00000064
19	whidde	0.00000064
19	tinous	0.00000064
19	fiavuur	0.00000064
19	effebs	0.00000064
19	stin '	0.00000064
19	sterk	0.00000064
19	odouh	0.00000064
19	pyramid	0.00000064
19	thorize	0.00000064
19	putrid exhala -	0.00000064
19	jnore fetid	0.00000064
19	e x	0.00000064
19	fragror	0.00000064
19	odoriferous plaut	0.00000064
19	plaut	0.00000064
19	noxious efiiuvium	0.00000064
19	aromatic spu	0.00000064
19	irritant	0.00000064
19	wdour	0.00000064
19	odor active	0.00000064
19	crave	0.00000064
19	exudation	0.00000064
19	tragrance	0.00000064
19	oalour	0.00000064
19	smell cologne	0.00000064
19	ejfluvia	0.00000064
19	e g e g r p	0.00000064
19	oece	0.00000064
19	sedative	0.00000064
19	sedative fume	0.00000064
19	scented chest	0.00000064
19	gay	0.00000064
19	lmelling	0.00000064
19	graffy	0.00000064
19	noife	0.00000064
19	infufibility	0.00000064
19	fradfure	0.00000064
19	fetid odm	0.00000064
19	stink mist	0.00000064
19	perfume aiad	0.00000064
19	aiad	0.00000064
19	piquant	0.00000064
19	odor jenem	0.00000064
19	snufle	0.00000064
19	p e k n g n	0.00000064
19	c p c u	0.00000064
19	difpofuion	0.00000064
19	hing	0.00000064
19	aethylalcohol	0.00000064
19	auras	0.00000064
19	hydatids	0.00000064
19	cesspit	0.00000064
19	fouler nuisance	0.00000064
19	uvia	0.00000064
19	fragraucy	0.00000064
19	stink sulphureous	0.00000064
19	fetid vrind	0.00000064
19	vrind	0.00000064
19	atmos	0.00000064
19	smok - e	0.00000064
19	ale	0.00000064
19	foul overdieate	0.00000064
19	ignite	0.00000064
19	exhala - tion	0.00000064
19	avourfor	0.00000064
19	oetid foetid	0.00000064
19	foetid oetid	0.00000064
19	fmellk	0.00000064
19	odor odour	0.00000064
19	scorodum	0.00000064
19	ater	0.00000064
19	odorous miasm	0.00000064
19	scent odour	0.00000064
19	- late	0.00000064
19	fweet emanation	0.00000064
19	handfomelt	0.00000064
19	effence	0.00000064
19	r e f r	0.00000064
19	peffume	0.00000064
19	p n e p n e	0.00000064
19	ity	0.00000064
19	u l p u l	0.00000064
19	clfluvia	0.00000064
19	frelli	0.00000064
19	niagazines	0.00000064
19	perfume shoul	0.00000064
19	holdiugperfume	0.00000064
19	scent aromatic	0.00000064
19	mhalation	0.00000064
19	fragrant odom	0.00000064
19	odomr	0.00000064
19	weetish	0.00000064
19	ameue	0.00000064
19	heamiful	0.00000064
19	zweet	0.00000064
19	c e f g h	0.00000064
19	reflex	0.00000064
19	fiber	0.00000064
19	sourodour	0.00000064
19	qolour	0.00000064
19	odorit	0.00000064
19	fetid nmcous	0.00000064
19	nmcous	0.00000064
19	fraprance	0.00000064
19	llavouring	0.00000064
19	effervesce	0.00000064
19	expectorant	0.00000064
19	aromatic sulphate	0.00000064
19	sulphate	0.00000064
19	disiufectunt	0.00000064
19	fetiture	0.00000064
19	aromatic acide	0.00000064
19	calamus aroma	0.00000064
19	olfende	0.00000064
19	jjerfumes	0.00000064
19	membranous	0.00000064
19	mamellate	0.00000064
19	nauseating filth	0.00000064
19	nt	0.00000064
19	disgust	0.00000064
19	cek	0.00000064
19	tischem	0.00000064
19	bmelle	0.00000064
19	odorous noxious	0.00000064
19	perfumep	0.00000064
19	act	0.00000064
19	reek nostril	0.00000064
19	effiuvium	0.00000064
19	appetise aroma	0.00000064
19	aromatic sluâ	0.00000064
19	c v e	0.00000064
19	h e l	0.00000064
19	custon	0.00000064
19	n ii e	0.00000064
19	c r 0 u	0.00000064
19	scenting snuff	0.00000064
19	ltind	0.00000064
19	odie	0.00000064
19	g e b l e v u r k	0.00000064
19	audible	0.00000064
19	odoui '	0.00000064
19	foul nuisance	0.00000064
19	odor stercoreus	0.00000064
19	stercoreus	0.00000064
19	weighty	0.00000064
19	fetid shred	0.00000064
19	shred	0.00000064
19	aromatic mixture	0.00000064
19	odoriferous etfluvia	0.00000064
19	scent pomatum	0.00000064
19	perfumeiâ	0.00000064
19	olfactory terior	0.00000064
19	fetid fmelh	0.00000064
19	smell harmful	0.00000064
19	harmful	0.00000064
19	cflfect	0.00000064
19	frankincenfe	0.00000064
19	fuppofe putrid	0.00000064
19	fume fmelle	0.00000064
19	tbul	0.00000064
19	n u l u	0.00000064
19	p r e	0.00000064
19	x c p u n	0.00000064
19	spicy emanation	0.00000064
19	fetiditv	0.00000064
19	reek poison	0.00000064
19	aromatic quality	0.00000064
19	imjiacte	0.00000064
19	llrong infufion	0.00000064
19	afafoetidain	0.00000064
19	odor - ous	0.00000064
19	offensive smell	0.00000064
19	c h p e r	0.00000064
19	tibroma	0.00000064
19	perfume cream	0.00000064
19	aromatic elixir	0.00000064
19	ftench	0.00000064
19	intolerable foetor	0.00000064
19	olfactory tract	0.00000064
19	aromatic fubitance	0.00000064
19	biff	0.00000064
19	allotropic	0.00000064
19	allotropic iodide	0.00000064
19	odor collap	0.00000064
19	ozena	0.00000064
19	e f g h j k l	0.00000064
19	p q r u v w x z	0.00000064
19	vaeuum	0.00000064
19	stinljs	0.00000064
19	elhuvia	0.00000064
19	aflfume	0.00000064
19	fcouring	0.00000064
19	ciation	0.00000064
19	lmog	0.00000064
19	fmelie	0.00000064
19	afffidde	0.00000064
19	fetnt	0.00000064
19	irntatm	0.00000064
19	aromatic fragrancy	0.00000064
19	vepour	0.00000064
19	olfactory mem	0.00000064
19	mem	0.00000064
19	facture	0.00000064
19	ocleur	0.00000064
19	embrocation	0.00000064
19	hcensent	0.00000064
19	breathy	0.00000064
19	snufi	0.00000064
19	ovperfume	0.00000064
19	passage	0.00000064
19	fetid membraneous	0.00000064
19	eflftuvia	0.00000064
19	appetirance	0.00000064
19	florid frothy	0.00000064
19	aromatic tume	0.00000064
19	fragrant scabious	0.00000064
19	stinz	0.00000064
19	celery	0.00000064
19	etnerfum	0.00000064
19	ocour	0.00000064
19	smokuig	0.00000064
19	dilu	0.00000064
19	aromatic ftigma	0.00000064
19	ftigma	0.00000064
19	fetid iclior	0.00000064
19	andodour	0.00000064
19	of2feetor	0.00000064
19	emanating	0.00000064
19	strongodour	0.00000064
19	scentless blossom	0.00000064
19	conflu	0.00000064
19	infiltration	0.00000064
19	p e c c , e r c	0.00000064
19	acritochromacy	0.00000064
19	perfumi	0.00000064
19	perfume soaps	0.00000064
19	uascented	0.00000064
19	uascente	0.00000064
19	odfum	0.00000064
19	scented tribute	0.00000064
19	pnfume	0.00000064
19	olfacti	0.00000064
19	fats	0.00000064
19	odaur	0.00000064
19	putrid germ	0.00000064
19	hjodour	0.00000064
19	towhiff	0.00000064
19	noxious efiiuvia	0.00000064
19	fhivour	0.00000064
19	ccolour	0.00000064
19	olfactory bult	0.00000064
19	bult	0.00000064
19	fpperrance	0.00000064
19	offensive bile	0.00000064
19	sepaiâ	0.00000064
19	beverage	0.00000064
19	bimellate	0.00000064
19	scentm	0.00000064
19	smellmg	0.00000064
19	perfume odorator	0.00000064
19	erous odor	0.00000064
19	fetch	0.00000064
19	stink iclior	0.00000064
19	noxious offensive	0.00000064
19	fetid essential	0.00000064
19	fele	0.00000064
19	phale	0.00000064
19	odorous bushy	0.00000064
19	bushy	0.00000064
19	lasping	0.00000064
19	eflfed	0.00000064
19	w e r	0.00000064
19	odonrs	0.00000064
19	noxious influ -	0.00000064
19	stink encrust	0.00000064
19	foul tâ	0.00000064
19	aromatic vour	0.00000064
19	foul foetid	0.00000064
19	fetid gur	0.00000064
19	gur	0.00000064
19	fetid spiirit	0.00000064
19	ttlon	0.00000064
19	fetid indolent	0.00000064
19	antisep	0.00000064
19	efflorefcent	0.00000064
19	scentlessâ	0.00000064
19	smell clean	0.00000064
19	cleaner	0.00000064
19	aromatic ilavonr	0.00000064
19	olfactory aerve	0.00000064
19	umfluous	0.00000064
19	r l n g	0.00000064
19	fa	0.00000064
19	vourite	0.00000064
19	soap perfume	0.00000064
19	effliivia	0.00000064
19	perfume snusk	0.00000064
19	snusk	0.00000064
19	perfume fcent	0.00000064
19	carbon	0.00000064
19	c u	0.00000064
19	ibeen	0.00000064
19	aromatic fpint	0.00000064
19	aromatic stimulent	0.00000064
19	olf fragran	0.00000064
19	ofesmell	0.00000064
19	fale	0.00000064
19	perfedion	0.00000064
19	fhade	0.00000064
19	lute	0.00000064
19	nootkas	0.00000064
19	smell effluvium	0.00000064
19	sweating	0.00000064
19	omtment	0.00000064
19	odoriferous smelk	0.00000064
19	odorate vapour	0.00000064
19	nufacture	0.00000064
19	tlimr	0.00000064
19	ance	0.00000064
19	afllirance	0.00000064
19	n r u c	0.00000064
19	ssink	0.00000064
19	tloor	0.00000064
19	j r e e	0.00000064
19	applrance	0.00000064
19	odoujs	0.00000064
19	mifufion	0.00000064
19	effett	0.00000064
19	aromatic talfe	0.00000064
19	talfe	0.00000064
19	perfum ^	0.00000064
19	dodot	0.00000064
19	smell bieath	0.00000064
19	tfuth	0.00000064
19	aifection	0.00000064
19	putrid stool	0.00000064
19	oifactus	0.00000064
19	aromatic aloe	0.00000064
19	liafur	0.00000064
19	coiour	0.00000064
19	imoke	0.00000064
19	acohol	0.00000064
19	sanious fetid	0.00000064
19	turbid fetid	0.00000064
19	e n p e	0.00000064
19	u r u	0.00000064
19	fensive	0.00000064
19	olfactory nincous	0.00000064
19	nincous	0.00000064
19	smellt	0.00000064
19	c h e	0.00000064
19	fomeume	0.00000064
19	uneafinef	0.00000064
19	udeur	0.00000064
19	scent saline	0.00000064
19	noxious tapour	0.00000064
19	aromatic tapour	0.00000064
19	b l	0.00000064
19	c r	0.00000064
19	e l e l e odour	0.00000064
19	rank	0.00000064
19	jihale	0.00000064
19	tiunours	0.00000064
19	foul mucus	0.00000064
19	perfume fountain	0.00000064
19	agent	0.00000064
19	alke	0.00000064
19	elfiuvia	0.00000064
19	efflu - vimn	0.00000064
19	vimn	0.00000064
19	noxious effliivium	0.00000064
19	mucous nauseous	0.00000064
19	scent bath	0.00000064
19	ceraceous	0.00000064
19	ceraceous odoriferous	0.00000064
19	arethusece	0.00000064
19	spathe	0.00000064
19	whole	0.00000064
19	fetors	0.00000064
19	fvagrance	0.00000064
19	aldehydic	0.00000064
19	scentedâ	0.00000064
19	faecal deposit	0.00000064
19	ffifafa	0.00000064
19	jurious	0.00000064
19	q u	0.00000064
19	n c n	0.00000064
19	stinction	0.00000064
19	ejbluvia	0.00000064
19	fetid exhalaâ	0.00000064
19	olfactory antipathy	0.00000064
19	uonditioried	0.00000064
19	uonditiorie	0.00000064
19	aromalicd	0.00000064
19	olfactory stimulant	0.00000064
19	oedema	0.00000064
19	noxious ftagnate	0.00000064
19	ftagnate	0.00000064
19	scent everlaste	0.00000064
19	everlaste	0.00000064
19	perfume juft	0.00000064
19	juft	0.00000064
19	fragrant fhade	0.00000064
19	fweete edence	0.00000064
19	odoriferous fhade	0.00000064
19	olfactory fissure	0.00000064
19	noxious quality	0.00000064
19	odoior	0.00000064
19	iiour	0.00000064
19	imelt	0.00000064
19	stink marshy	0.00000064
19	antifep	0.00000064
19	putrefeent	0.00000064
19	aqueous infufion	0.00000064
19	perfedly	0.00000064
19	foul -	0.00000064
19	deodoiise	0.00000064
19	lsour	0.00000064
19	dirtie	0.00000064
19	confum - ed	0.00000064
19	odorous eftluvim	0.00000064
19	eftluvim	0.00000064
19	softenmg	0.00000064
19	fuftcnance	0.00000064
19	fmells	0.00000064
19	officinal	0.00000064
19	frnarance	0.00000064
19	bittersand	0.00000064
19	bittersand aromatic	0.00000064
19	odojur	0.00000064
19	ffase	0.00000064
19	acetofum	0.00000064
19	ifmell	0.00000064
19	ginous	0.00000064
19	p h h l	0.00000064
19	fragrant febaceous	0.00000064
19	febaceous	0.00000064
19	arifen	0.00000064
19	smeltable	0.00000064
19	arsenide	0.00000064
19	globule	0.00000064
19	oele	0.00000064
19	fmellâ	0.00000064
19	tade	0.00000064
19	rnoke	0.00000064
19	odorous nuisance	0.00000064
19	- tion	0.00000064
19	odor spinosus	0.00000064
19	spinosus	0.00000064
19	stuk	0.00000064
19	charge wxputrid	0.00000064
19	wxputrid	0.00000064
19	hromate	0.00000064
19	aromatic schiedam	0.00000064
19	schiedam	0.00000064
19	scariosus	0.00000064
19	mulate	0.00000064
19	stupour	0.00000064
19	cdcur	0.00000064
19	odornâ	0.00000064
19	erfumc	0.00000064
19	rammell	0.00000064
19	scentb	0.00000064
19	obnoxious accompanying	0.00000064
19	antidote	0.00000064
19	miasmatic vapor	0.00000064
19	p h e n yl n e	0.00000064
19	whids	0.00000064
19	fectire	0.00000064
19	aromatical spice	0.00000064
19	vulffus	0.00000064
19	confute	0.00000064
19	fetid fmeil	0.00000064
19	aroma odor	0.00000064
19	olfactory perversion	0.00000064
19	gulph	0.00000064
19	frasquitos	0.00000064
19	frasquito	0.00000064
19	smellinge	0.00000064
19	l e e n r c e r	0.00000064
19	olfactory bulbs	0.00000064
19	bulbs	0.00000064
19	smell exhalation	0.00000064
19	efflilvia	0.00000064
19	bdour	0.00000064
19	imperturbable	0.00000064
19	aromatic cachous	0.00000064
19	patchak	0.00000064
19	smell nuisance	0.00000064
19	feclufion	0.00000064
19	perfurme	0.00000064
19	nauseous flavour	0.00000064
19	snuflt	0.00000064
19	ecte	0.00000064
19	eftfuvia	0.00000064
19	fpiriruous	0.00000064
19	turbidity	0.00000064
19	sniff perfume	0.00000064
19	p 1 r e v	0.00000064
19	aromatic ordonr	0.00000064
19	aromatic bark	0.00000064
19	afuror	0.00000064
19	niammellate	0.00000064
19	fetid liqxiid	0.00000064
19	liqxiid	0.00000064
19	scented rill	0.00000064
19	smellieâ	0.00000064
19	aromatic qualide	0.00000064
19	fere	0.00000064
19	ovour	0.00000064
19	smoker	0.00000064
19	antispasmodie	0.00000064
19	scent tint	0.00000064
19	idood	0.00000064
19	alkalefcent	0.00000064
19	enehondroma	0.00000064
19	fes	0.00000064
19	ejfuvia	0.00000064
19	fomise	0.00000064
19	safrol	0.00000064
19	fragrant acrid	0.00000064
19	malady	0.00000064
19	e r n l	0.00000064
19	aromatic sulphuric	0.00000064
19	odoriferous exhala	0.00000064
19	noxious acrid	0.00000064
19	mull	0.00000064
19	thefmell	0.00000064
19	fecvetion	0.00000064
19	efleff	0.00000064
19	eflence	0.00000064
19	fremitus	0.00000064
19	foetid odoiar	0.00000064
19	odoiar	0.00000064
19	effeff	0.00000064
19	fiorid	0.00000064
19	fiorid hue	0.00000064
19	c l e e	0.00000064
19	aromatic violet	0.00000064
19	stink fog	0.00000064
19	sulphureous fume	0.00000064
19	leterious emanation	0.00000064
19	medicament	0.00000064
19	sludo	0.00000064
19	fonietime	0.00000064
19	fletor	0.00000064
19	climacteric	0.00000064
19	tmelle	0.00000064
19	pafle	0.00000064
19	aromatic ous	0.00000064
19	fetid salivation	0.00000064
19	salivation	0.00000064
19	n c c h	0.00000064
19	g c	0.00000064
19	horde	0.00000064
19	l \ g p til l e	0.00000064
19	effpet	0.00000064
19	appetis	0.00000064
19	ffate	0.00000064
19	fetid erudation	0.00000064
19	erudation	0.00000064
19	snulfs	0.00000064
19	stink fece	0.00000064
19	antisepsis	0.00000064
19	p u l r	0.00000064
19	cheke	0.00000064
19	aromatic odourt	0.00000064
19	odoor	0.00000064
19	perfumese	0.00000064
19	odotcr	0.00000064
19	eltcct	0.00000064
19	olfactus acrior	0.00000064
19	lltaste	0.00000064
19	profume	0.00000064
19	iragrance	0.00000064
19	effluviiun	0.00000064
19	fetid odonr	0.00000064
19	fweetene	0.00000064
19	fragrant proliferous	0.00000064
19	proliferous	0.00000064
19	stink loathsome	0.00000064
19	coeke	0.00000064
19	noxious amm	0.00000064
19	aromatic drink	0.00000064
19	nauseous fetid	0.00000064
19	himmell	0.00000064
19	petrifeiction	0.00000064
19	fidour	0.00000064
19	fixivour	0.00000064
19	odoixr	0.00000064
19	anaemic muimur	0.00000064
19	effedl	0.00000064
19	aromatic balfam	0.00000064
19	olfactory aurse	0.00000064
19	aurse	0.00000064
19	oaor	0.00000064
19	sprink	0.00000064
19	u c h u c l c ii h	0.00000064
19	noxious fubftance	0.00000064
19	fumesâ	0.00000064
19	odoriferous gust	0.00000064
19	v p l e e n	0.00000064
19	symptom	0.00000064
19	olfactory attack	0.00000064
19	suirar	0.00000064
19	aldehyd	0.00000064
19	azofum	0.00000064
19	l l g e - c e	0.00000064
19	abcefie	0.00000064
19	dry perfume	0.00000064
19	stink profluvia	0.00000064
19	fmeltto	0.00000064
19	r b c c	0.00000064
19	u l p e p e	0.00000064
19	n g l	0.00000064
19	p h f c n , l	0.00000064
19	g l h p	0.00000064
19	p l e e h e r b l	0.00000064
19	e r n g	0.00000064
19	l p e p	0.00000064
19	p e n u l	0.00000064
19	j u n p e r - b u h	0.00000064
19	g l	0.00000064
19	r g r	0.00000064
19	e - w r	0.00000064
19	b r u e - w r	0.00000064
19	p l e	0.00000064
19	w l l w - w r	0.00000064
19	n c p l e e h e r b l	0.00000064
19	p l n n - r e e	0.00000064
19	fffitid	0.00000064
19	c l e n e	0.00000064
19	n n h e r	0.00000064
19	fragâ	0.00000064
19	efuption	0.00000064
19	smell voâ	0.00000064
19	voâ	0.00000064
19	aromatic savour	0.00000064
19	9mell	0.00000064
19	aromaticm	0.00000064
19	stink pulpy	0.00000064
19	pulpy	0.00000064
19	residts	0.00000064
19	itching sensation	0.00000064
19	r e p 0 e	0.00000064
19	transfufion	0.00000064
19	ethuvia	0.00000064
19	perisheth	0.00000064
19	snifl	0.00000064
19	snufl	0.00000064
19	smuke	0.00000064
19	outstink	0.00000064
19	tmella	0.00000064
19	offensive perspiration	0.00000064
19	folloius	0.00000064
19	tas	0.00000064
19	- dour	0.00000064
19	deodorizng	0.00000064
19	scarlatina	0.00000064
19	fweet fmelle	0.00000064
19	bichromas	0.00000064
19	afmell	0.00000064
19	odoriferous giass	0.00000064
19	giass	0.00000064
19	destroyer	0.00000064
19	odot	0.00000064
19	scented jwer	0.00000064
19	jwer	0.00000064
19	oower	0.00000064
19	fegetable	0.00000064
19	smell ichorous	0.00000064
19	dromata	0.00000064
19	cndous	0.00000064
19	offensive substance	0.00000064
19	pulfatilla	0.00000064
19	liqueurs	0.00000064
19	aromatic graffe	0.00000064
19	pitate	0.00000064
19	putrid discharge	0.00000064
19	aromatiser	0.00000064
19	outpourâ	0.00000064
19	diet	0.00000064
19	e r u p	0.00000064
19	stunk istank	0.00000064
19	istank	0.00000064
19	noxious ter	0.00000064
19	celour	0.00000064
19	deodori	0.00000064
19	eechondromata	0.00000064
19	sraelle	0.00000064
19	fetid inchor	0.00000064
19	inchor	0.00000064
19	perfumeri	0.00000064
19	lavour	0.00000064
19	stinmlant	0.00000064
19	aldol	0.00000064
19	syphilis	0.00000064
19	cylindroma	0.00000064
19	fetid acrimonious	0.00000064
19	snnff	0.00000064
19	ptint	0.00000064
19	remiffion	0.00000064
19	e h e h r - p n l st e	0.00000064
19	sotand	0.00000064
19	illu - sion	0.00000064
19	evacua	0.00000064
19	fuppuration	0.00000064
19	scented sebaceous	0.00000064
19	thirll	0.00000064
19	effcd	0.00000064
19	foul emanatious	0.00000064
19	lit	0.00000064
19	itsmell	0.00000064
19	odour waft	0.00000064
19	vintage	0.00000064
19	perfume diffuse	0.00000064
19	n c	0.00000064
19	p r e n l l	0.00000064
19	r e n l	0.00000064
19	cosmetiqm	0.00000064
19	odylic	0.00000064
19	odylic emanation	0.00000064
19	ffuit	0.00000064
19	aromatice	0.00000064
19	pejfume	0.00000064
19	itse	0.00000064
19	verdour	0.00000064
19	thermal	0.00000064
19	smell spice	0.00000064
19	noxious charaaer	0.00000064
19	feece	0.00000064
19	ii r u b u	0.00000064
19	fuetid	0.00000064
19	odourâ	0.00000064
19	smelledâ	0.00000064
19	fryrance	0.00000064
19	fetid dip	0.00000064
19	licpud	0.00000064
19	scent legume	0.00000064
19	smell foetid	0.00000064
19	eflfuvia	0.00000064
19	fluvium	0.00000064
19	eflluvium	0.00000064
19	perfur	0.00000064
19	foul disgusting	0.00000064
19	fecur	0.00000064
19	fpint	0.00000064
19	foulncf	0.00000064
19	odorejylus	0.00000064
19	triehopterous	0.00000064
19	odoiu -	0.00000064
19	tisirt	0.00000064
19	- ss	0.00000064
19	ss	0.00000064
19	avour	0.00000064
19	aolour	0.00000064
19	osteofibroma	0.00000064
19	stink sludge	0.00000064
19	murderâ	0.00000064
19	ffution	0.00000064
19	fetid arseniferous	0.00000064
19	arseniferous	0.00000064
19	pungent essential	0.00000064
19	olfactory tuber	0.00000064
19	k n p r c u	0.00000064
19	scent soap	0.00000064
19	offensiveaess	0.00000064
19	smel ' ing	0.00000064
19	sniflf	0.00000064
19	snifling	0.00000064
19	lahiff	0.00000064
19	perchlorafum	0.00000064
19	w e r - r	0.00000064
19	p w	0.00000064
19	itrance	0.00000064
19	einfache	0.00000064
19	stink piss	0.00000064
19	piss	0.00000064
19	fetid cyst	0.00000064
19	cyst	0.00000064
19	drink aromatic	0.00000064
19	odoriferous exhalaâ	0.00000064
19	oure	0.00000064
19	bdelhum	0.00000064
19	odorous eflluvia	0.00000064
19	aromatic epithem	0.00000064
19	w n e r	0.00000064
19	odor dispergitur	0.00000064
19	aromatic liniment	0.00000064
19	liniment	0.00000064
19	u e	0.00000064
19	olfactory sense	0.00000064
19	u c n e	0.00000064
19	effete nitrogenous	0.00000064
19	oifragrance	0.00000064
19	wiwfume	0.00000064
19	excre	0.00000064
19	excre -	0.00000064
19	thematerialsbumedformakingperfume	0.00000064
19	scented balsamic	0.00000064
19	smell eflluvia	0.00000064
19	kodorize	0.00000064
19	ite	0.00000064
19	exuvite	0.00000064
19	fragrancv	0.00000064
19	hamell	0.00000064
19	fiarour	0.00000064
19	fetid smelling	0.00000064
19	smart	0.00000064
19	chondromata	0.00000064
19	fjuiosey	0.00000064
19	indolent tuniour	0.00000064
19	tuniour	0.00000064
19	smtounde	0.00000064
19	feetor	0.00000064
19	evil smell	0.00000064
19	ldoin	0.00000064
19	ldoin opetie	0.00000064
19	fenfe	0.00000064
19	abimdant	0.00000064
19	intoxicate liguor	0.00000064
19	odoriferous sensitive	0.00000064
19	sensitive	0.00000064
19	wholesaleperfume	0.00000064
19	bitterness	0.00000064
19	scent oâ	0.00000064
19	oâ	0.00000064
19	illicit	0.00000064
19	cesspool emanation	0.00000064
19	anglicanus	0.00000064
19	aromaticr	0.00000064
19	perfumr	0.00000064
19	vajiur	0.00000064
19	diluvia	0.00000064
19	aromatic cataplasm	0.00000064
19	cataplasm	0.00000064
19	l e h	0.00000064
19	n e r	0.00000064
19	g l w n	0.00000064
19	bruife	0.00000064
19	g u c u	0.00000064
19	j h	0.00000064
19	u r p e h	0.00000064
19	infun	0.00000064
19	smelkng	0.00000064
19	putrid air	0.00000064
19	reek impurity	0.00000064
19	anytlie	0.00000064
19	- cat	0.00000064
19	made	0.00000064
19	scent powder	0.00000064
19	odour rre	0.00000064
19	rre	0.00000064
19	humming	0.00000064
19	smell chemical	0.00000064
19	mattei	0.00000064
19	vajyour	0.00000064
19	aromatias	0.00000064
19	stencheth	0.00000064
19	perfumes compos	0.00000064
19	organism	0.00000064
19	il e v l p u h v p	0.00000064
19	srpell	0.00000064
19	tl	0.00000064
19	usion	0.00000064
19	smokmg	0.00000064
19	herbaceous smell	0.00000064
19	rub	0.00000064
19	hydromel	0.00000064
19	foul fcetid	0.00000064
19	efauvia	0.00000064
19	hulk	0.00000064
19	odoin	0.00000064
19	odorife -	0.00000064
19	odotu	0.00000064
19	megrim	0.00000064
19	fmelle fpice	0.00000064
19	odoriferous fuffumigation	0.00000064
19	comfume	0.00000064
19	efilu	0.00000064
19	psroxido	0.00000064
19	brating	0.00000064
19	fragrant resinous	0.00000064
19	ous essential	0.00000064
19	efifeot	0.00000064
19	matter	0.00000064
19	odourwhich	0.00000064
19	disguiser	0.00000064
19	peculiatveffluvia	0.00000064
19	excrementitious	0.00000064
19	fetid fmeli	0.00000064
19	olfactory aura	0.00000064
19	effbct	0.00000064
19	tdour	0.00000064
19	hydroflu	0.00000064
19	virous	0.00000064
19	afije	0.00000064
19	scented climber	0.00000064
19	climber	0.00000064
19	lliey	0.00000064
19	paroma	0.00000064
19	flaamur	0.00000064
19	effltivia	0.00000064
19	flavoring	0.00000064
19	odore iclior	0.00000064
19	blaek	0.00000064
19	tasteless	0.00000064
19	spicy frag	0.00000064
19	tue	0.00000064
19	odorous emana	0.00000064
19	p n	0.00000064
19	k e	0.00000064
19	caramelle	0.00000064
19	noxious infect	0.00000064
19	retinse	0.00000064
19	tinguish	0.00000064
19	n n n	0.00000064
19	nauseous pestilence	0.00000064
19	tfhiivia	0.00000064
19	fetid adipocirous	0.00000064
19	adipocirous	0.00000064
19	odorous eflfiuvia	0.00000064
19	stink gleet	0.00000064
19	gleet	0.00000064
19	eflhuvia	0.00000064
19	lour odour	0.00000064
19	doodoriziug	0.00000064
19	distulcd	0.00000064
19	mouseysmell	0.00000064
19	efflnvia	0.00000064
19	rootsmelleth	0.00000064
19	efpluvia	0.00000064
19	stink place	0.00000064
19	stink brealh	0.00000064
19	reetifie	0.00000064
19	fqetor	0.00000064
19	extravagant	0.00000064
19	ornamenting	0.00000064
19	scent apocarpous	0.00000064
19	apocarpous	0.00000064
19	untidiness	0.00000064
19	putrid exhala	0.00000064
19	cholic	0.00000064
19	pestilential emanation	0.00000064
19	fetid pus	0.00000064
19	- smelling	0.00000064
19	oisonous emanation	0.00000064
19	sinell	0.00000064
19	jilkd	0.00000064
19	r e n	0.00000064
19	odorous perspiration	0.00000064
19	vodeur	0.00000064
19	perfummg	0.00000064
19	stunce	0.00000064
19	itchuig	0.00000064
19	stink fluic	0.00000064
19	fluic	0.00000064
19	xjerfumer	0.00000064
19	aromatic oily	0.00000064
19	tallow	0.00000064
19	aforename	0.00000064
19	c l e v e e	0.00000064
19	stincende	0.00000064
19	miasmatic vapour	0.00000064
19	perversion	0.00000064
19	ffetor	0.00000064
19	aromatic laden	0.00000064
19	afusum	0.00000064
19	liquenr	0.00000064
19	iur	0.00000064
19	r l n	0.00000064
19	fetid impure	0.00000064
19	feculaâ	0.00000064
19	ihiff	0.00000064
19	fnuffing	0.00000064
19	colome	0.00000064
19	etflnvia	0.00000064
19	e r r u	0.00000064
19	r c	0.00000064
19	imelle	0.00000064
19	h e	0.00000064
19	eume	0.00000064
19	carbinol	0.00000064
19	loerfume	0.00000064
19	aromatic fub	0.00000064
19	fub	0.00000064
19	fraerance	0.00000064
19	aromatic balm	0.00000064
19	- apour	0.00000064
19	fetid caseous	0.00000064
19	caseous	0.00000064
19	putrid bilious	0.00000064
19	produc	0.00000064
19	afflatur	0.00000064
19	putrid efiiuvia	0.00000064
19	effluviee	0.00000064
19	dient	0.00000064
19	spoilt	0.00000064
19	lilavour	0.00000064
19	niate perfume	0.00000064
19	aroma odour	0.00000064
19	olfactory bulbus	0.00000064
19	bulbus	0.00000064
19	odouiws	0.00000064
19	v e r b e n	0.00000064
19	fluorine	0.00000064
19	tory	0.00000064
19	olfactory liair	0.00000064
19	fetyr	0.00000064
19	fetyr aroma	0.00000064
19	iffluvia	0.00000064
19	baifam	0.00000064
19	fulphufet	0.00000064
19	effeas	0.00000064
19	jroma	0.00000064
19	fetid eflential	0.00000064
19	musky emanation	0.00000064
19	extenfum	0.00000064
19	afiume	0.00000064
19	e e e e	0.00000064
19	r e l l	0.00000064
19	iodoform	0.00000064
19	- fect	0.00000064
19	u p p l e	0.00000064
19	noxious eflbuvia	0.00000064
19	effervefcence	0.00000064
19	odoot	0.00000064
19	fancy	0.00000064
19	smell odouiâ	0.00000064
19	ufe falutiferous	0.00000064
19	falutiferous	0.00000064
19	anchovy	0.00000064
19	sauce	0.00000064
19	ventilator	0.00000064
19	effecds	0.00000064
19	ail emanation	0.00000064
19	odor odore	0.00000064
19	olfactory cavity	0.00000064
19	cavity	0.00000064
19	eflfecta	0.00000064
19	surround	0.00000064
19	aromalics	0.00000064
19	oiiour	0.00000064
19	fatty	0.00000064
19	fatty vapour	0.00000064
19	nos	0.00000064
19	trum	0.00000064
19	fonrade	0.00000064
19	nucus	0.00000064
19	c r p	0.00000064
19	u l e u	0.00000064
19	fragrant intoxicating	0.00000064
19	qualilie	0.00000064
19	diffufe	0.00000064
19	exfudation	0.00000064
19	nouridiment	0.00000064
19	fetid clod	0.00000064
19	clod	0.00000064
19	smell eruption	0.00000064
19	olfactory lilt	0.00000064
19	e e r r n e	0.00000064
19	xentrance	0.00000064
19	noxious efiluvium	0.00000064
19	tinguishing	0.00000064
19	noxious stinking	0.00000064
19	fetid unwholesome	0.00000064
19	snour	0.00000064
19	smiffe	0.00000064
19	odor waft	0.00000064
19	torulofum	0.00000064
19	unctuofum	0.00000064
19	fpafm	0.00000064
19	ffluvia	0.00000064
19	tandoor	0.00000064
19	thymellus	0.00000064
19	antiscor	0.00000064
19	aromatisation	0.00000064
19	r h e u	0.00000064
19	famic	0.00000064
19	w e r - b e n	0.00000064
19	c p l e e h e r b	0.00000064
19	n g p l e e h e r b	0.00000064
19	itfelffmelleth	0.00000064
19	p e p e	0.00000064
19	c r n e l - r e e	0.00000064
19	e n g â	0.00000064
19	c h f e	0.00000064
19	c w	0.00000064
19	p l e e ii e r b	0.00000064
19	w - h r e e	0.00000064
19	p g n e	0.00000064
19	w l l w	0.00000064
19	thetinblure	0.00000064
19	lours	0.00000064
19	efluvium	0.00000064
19	sniff somid	0.00000064
19	somid	0.00000064
19	n e u r l	0.00000064
19	elfluvium	0.00000064
19	scentecl	0.00000064
19	fruerance	0.00000064
19	noxious p	0.00000064
19	aromatic delirium	0.00000064
19	pestiferious	0.00000064
19	ose	0.00000064
19	c h p e e x x	0.00000064
19	foul ail	0.00000064
19	n e	0.00000064
19	n g e h p u u l l c n	0.00000064
19	aromatic feent	0.00000064
19	feent	0.00000064
19	ufeof	0.00000064
19	impreffion	0.00000064
19	abud	0.00000064
19	fragrant spicy	0.00000064
19	noxious fcetor	0.00000064
19	dichromas	0.00000064
19	pofleffe	0.00000064
19	peiâ	0.00000064
19	fetid pestiferous	0.00000064
19	fiavour	0.00000064
19	feck	0.00000064
19	stinudate	0.00000064
19	fetid impurity	0.00000064
19	efftuvia	0.00000064
19	sulphm	0.00000064
19	nauseous fcetor	0.00000064
19	slosh	0.00000064
19	wastepipe	0.00000064
19	sulphid	0.00000064
19	scleroma	0.00000064
19	slunk	0.00000064
19	concocle	0.00000064
19	concocled	0.00000064
19	claffed	0.00000064
19	fach	0.00000064
19	0 n u	0.00000064
19	fetov	0.00000064
19	ejluvia	0.00000064
19	dilfâ	0.00000064
19	scented tliem	0.00000064
19	stink sebaceous	0.00000064
19	glan	0.00000064
19	wheeze	0.00000064
19	fetid desolation	0.00000064
19	desolation	0.00000064
19	fliavour	0.00000064
19	mical	0.00000064
19	smut -	0.00000064
19	aromatic ol	0.00000064
19	perfluous	0.00000064
19	waft odour	0.00000064
19	terebemhinous	0.00000064
19	terebemhinous odour	0.00000064
19	muder	0.00000064
19	fetid cheesy	0.00000064
19	offensive ejection	0.00000064
19	evacuâ	0.00000064
19	ffumer	0.00000064
19	g e n e	0.00000064
19	sprinkling	0.00000064
19	perfura '	0.00000064
19	odorato smell	0.00000064
19	strain	0.00000064
19	odflur	0.00000064
19	putrid fume	0.00000064
19	sente	0.00000064
19	pital atmosphere	0.00000064
19	e c z e	0.00000064
19	154 e c z e	0.00000064
19	pood	0.00000064
19	e g u n h	0.00000064
19	infufibri	0.00000064
19	scent snutt	0.00000064
19	itstdour	0.00000064
19	fetid purging	0.00000064
19	scent !	0.00000064
19	aromatic alkaloid	0.00000064
19	noxious exhala -	0.00000064
19	efflmaa	0.00000064
19	foul steams	0.00000064
19	eflduvium	0.00000064
19	otur	0.00000064
19	coryza	0.00000064
19	olfacia	0.00000064
19	odor odeur	0.00000064
19	odouit	0.00000064
19	advertise	0.00000064
19	libroma	0.00000064
19	breath ing	0.00000064
19	odoriferous vibration	0.00000064
19	droma	0.00000064
19	liissing	0.00000064
19	fucus verrucosus	0.00000064
19	verrucosus	0.00000064
19	foretaste	0.00000064
19	odoui -	0.00000064
19	perfume - phial	0.00000064
19	phial	0.00000064
19	c e p ii l l g	0.00000064
19	disintegrator	0.00000064
19	profumi	0.00000064
19	u e p	0.00000064
19	chant	0.00000064
19	idrug	0.00000064
19	thfodour	0.00000064
19	opfum	0.00000064
19	acrid vapour	0.00000064
19	reel	0.00000064
19	h e r e	0.00000064
19	odar	0.00000064
19	odour fragrance	0.00000064
19	dmell	0.00000064
19	ferous essence	0.00000064
19	scent oily	0.00000064
19	odopr	0.00000064
19	aqueous liauor	0.00000064
19	u c c	0.00000064
19	smell resinous	0.00000064
19	bluflie	0.00000064
19	ferozone	0.00000064
19	odor fragran	0.00000064
19	e h	0.00000064
19	snuft	0.00000064
19	fetop	0.00000064
19	ous emanation	0.00000064
19	lssmell	0.00000064
19	fetid itter	0.00000064
19	b	0.00000064
19	e f g h	0.00000064
19	p r u v w x	0.00000064
19	cliolera	0.00000064
19	sinus	0.00000064
19	r e e w	0.00000064
19	stink taper	0.00000064
19	e c l tre e n	0.00000064
19	stinnilus	0.00000064
19	eflquvia	0.00000064
19	colom	0.00000064
19	adnnre	0.00000064
19	adnnre perfume	0.00000064
19	fmell muft	0.00000064
19	illumined	0.00000064
19	odoribus	0.00000064
19	olfactory oigan	0.00000064
19	oan	0.00000064
19	deodorizes putrid	0.00000064
19	ar	0.00000064
19	1 b e e	0.00000064
19	semifluid fetid	0.00000064
19	fermentation	0.00000064
19	smely	0.00000064
19	annearance	0.00000064
19	ovia	0.00000064
19	infuuon	0.00000064
19	effefis	0.00000064
19	- trid	0.00000064
19	stink raucous	0.00000064
19	raucous	0.00000064
19	aromatic fomentation	0.00000064
19	frangrance	0.00000064
19	odof	0.00000064
19	towek	0.00000064
19	hoil	0.00000064
19	thafs	0.00000064
19	n u g u	0.00000064
19	exciteâ	0.00000064
19	foulnass	0.00000064
19	fragrnncy	0.00000064
19	fragrant resiniferous	0.00000064
19	c e r b	0.00000064
19	fetidiry	0.00000064
19	asarum	0.00000064
19	sometinc	0.00000064
19	eflfluvium	0.00000064
19	snuffy tint	0.00000064
19	r e p 0 r	0.00000064
19	e c c h 0 l e r	0.00000064
19	l v e st r	0.00000064
19	c u b e b	0.00000064
19	frice	0.00000064
19	flayour	0.00000064
19	tative	0.00000064
19	stiniulaut	0.00000064
19	bechamelle	0.00000064
19	odtfur	0.00000064
19	orfour	0.00000064
19	odouvy	0.00000064
19	odoriferous nose	0.00000064
19	emetiâ	0.00000064
19	loetor	0.00000064
19	f u	0.00000064
19	ahir	0.00000064
19	fcdour	0.00000064
19	i3erfume	0.00000064
19	odorafus	0.00000064
19	odorafu	0.00000064
19	oxi -	0.00000064
19	ufed	0.00000064
19	fissure	0.00000064
19	e r e c	0.00000064
19	v r u	0.00000064
19	phosphoric emanation	0.00000064
19	infufum aquofum	0.00000064
19	l e n v e n e	0.00000064
19	flivjur	0.00000064
19	aromatic warmtli	0.00000064
19	odorization	0.00000064
19	guent	0.00000064
19	aromatized	0.00000064
19	noxious effiuvium	0.00000064
19	e r g	0.00000064
19	fetid fmel	0.00000064
19	rankness	0.00000064
19	pollut	0.00000064
19	infushm	0.00000064
19	toothe	0.00000064
19	tofum	0.00000064
19	nuifance	0.00000064
19	gratefut	0.00000064
19	fragrant aromat	0.00000064
19	havingnosmell	0.00000064
19	ochroma	0.00000064
19	fetid morass	0.00000064
19	manufactme	0.00000064
19	plur	0.00000064
19	olfactoi	0.00000064
19	ius	0.00000064
19	e c 0 c	0.00000064
19	mesmerise	0.00000064
19	smellyâ	0.00000064
19	quor	0.00000064
19	cense	0.00000064
19	smeljs	0.00000064
19	feti ng	0.00000064
19	perfume globule	0.00000064
19	n e r p k k e	0.00000064
19	fetid odorous	0.00000064
19	cacy	0.00000064
19	arsenicas	0.00000064
19	accompaniment	0.00000064
19	solforico	0.00000064
19	irrit	0.00000064
19	otince	0.00000064
19	fostor	0.00000064
19	fcod	0.00000064
19	odqur	0.00000064
19	provok	0.00000064
19	emiflion	0.00000064
19	odorifeiâ	0.00000064
19	fperfume	0.00000064
19	eperlans	0.00000064
19	perfume formula	0.00000064
19	dorant	0.00000064
19	noxious oodur	0.00000064
19	deodori - zation	0.00000064
19	hysteric	0.00000064
19	behavin	0.00000064
19	sweue	0.00000064
19	aur	0.00000064
19	leueorrhoea	0.00000064
19	odoriferous sweetness	0.00000064
19	fragrant sauour	0.00000064
19	fnuf	0.00000064
19	dtink	0.00000064
19	scentless uquor	0.00000064
19	odorous mucus	0.00000064
19	fluence	0.00000064
19	fetido odore	0.00000064
19	foul sludge	0.00000064
19	eluuvia	0.00000064
19	ftrutfure	0.00000064
19	allume	0.00000064
19	r c u k	0.00000064
19	odorous colouring	0.00000064
19	odorous appetizing	0.00000064
19	r u p u r	0.00000064
19	c ii l e f e v e r	0.00000064
19	odorer persiste	0.00000064
19	persiste	0.00000064
19	catarrk	0.00000064
19	obnoxious faetor	0.00000064
19	dwel '	0.00000064
19	fumette	0.00000064
19	gaseous	0.00000064
19	gaseous emanation	0.00000064
19	infufirig	0.00000064
19	tliem	0.00000064
19	n 11 u c r n c e	0.00000064
19	deodorize deodorized	0.00000064
19	oxidant	0.00000064
19	immoral	0.00000064
19	tenacious	0.00000064
19	smell - laden	0.00000064
19	smell nitrogenous	0.00000064
19	der	0.00000064
19	fetid umhelliferous	0.00000064
19	dom	0.00000064
19	efflcacy	0.00000064
19	intoxicat	0.00000064
19	muft	0.00000064
19	thefummer	0.00000064
19	mcafure	0.00000064
19	stimulat	0.00000064
19	intoxicati	0.00000064
19	h r u	0.00000064
19	hreeze	0.00000064
19	trawl	0.00000064
19	ventilate	0.00000064
19	nlsance	0.00000064
19	sweet linger	0.00000064
19	c p l xm l n	0.00000064
19	c e r	0.00000064
19	qlfactory	0.00000064
19	fetid fubftance	0.00000064
19	odorous exhala	0.00000064
19	fpour	0.00000064
19	f g	0.00000064
19	fetid fanie	0.00000064
19	fanie	0.00000064
19	intoxi - cat	0.00000064
19	fragrant lesinous	0.00000064
19	lesinous	0.00000064
19	offmell	0.00000064
19	scentdom	0.00000064
19	aperfume	0.00000064
19	scent laden	0.00000064
19	refioement	0.00000064
19	ndour	0.00000064
19	foul putrefactive	0.00000064
19	aromatic odonr	0.00000064
19	foul stink	0.00000064
19	deodorize noxious	0.00000064
19	foul efbuvia	0.00000064
19	efbuvia	0.00000064
19	stinre	0.00000064
19	oiour	0.00000064
19	effuvia	0.00000064
19	odor oinor	0.00000064
19	oinor	0.00000064
19	noxious yapour	0.00000064
19	smel !	0.00000064
19	fetid odrm	0.00000064
19	odrm	0.00000064
19	snielf	0.00000064
19	fetid halitus	0.00000064
19	obnoxious putrid	0.00000064
19	e p r e u c u	0.00000064
19	urinary	0.00000064
19	odoxir	0.00000064
19	kingsmell	0.00000064
19	aromatic intoxicating	0.00000064
19	nourriture	0.00000064
19	aromatic liqud	0.00000064
19	aromatic sap	0.00000064
19	sap	0.00000064
19	noxious germ	0.00000064
19	exalation	0.00000064
19	smel ting	0.00000064
19	v e g e n	0.00000064
19	odourjt	0.00000064
19	aromatic confe	0.00000064
19	confe	0.00000064
19	odorous stain	0.00000064
19	poppie	0.00000064
19	inademe	0.00000064
19	dceodorize	0.00000064
19	something	0.00000064
19	inferiour	0.00000064
19	foutor	0.00000064
19	stinkey	0.00000064
19	unseemly	0.00000064
19	tiiivour	0.00000064
19	propagandism	0.00000064
19	dize	0.00000064
19	foul odom	0.00000064
19	mdol	0.00000064
19	v 1 n u v e r r	0.00000064
19	olour	0.00000064
19	n u e r n e f f e c n	0.00000064
19	purifies	0.00000064
19	kodour	0.00000064
19	sulfurous	0.00000064
19	bioh	0.00000064
19	e w	0.00000064
19	stink hovel	0.00000064
19	smel - ling	0.00000064
19	poriferous	0.00000064
19	fumea	0.00000064
19	tat	0.00000064
19	odorise fetid	0.00000064
19	vermifuge	0.00000064
19	indolent granulating	0.00000064
19	isfue	0.00000064
19	ong	0.00000064
19	fmeller	0.00000064
19	noie	0.00000064
19	nozle	0.00000064
19	- mentitious	0.00000064
19	aflfeetion	0.00000064
19	jfum	0.00000064
19	oleum	0.00000064
19	aromatic fhvour	0.00000064
19	r g	0.00000064
19	nent	0.00000064
19	alkalim	0.00000064
19	offensive purulent	0.00000064
19	diffuser	0.00000064
19	odovxr	0.00000064
19	peroxide	0.00000064
19	perfume speciality	0.00000064
19	fiuvia	0.00000064
19	fcour	0.00000064
19	efftdff	0.00000064
19	odorous narcotic	0.00000064
19	obnoxious reek	0.00000064
19	mustard	0.00000064
19	sulphur fume	0.00000064
19	emanat	0.00000064
19	oeeur	0.00000064
19	c r l e f e v e	0.00000064
19	appetitize	0.00000064
19	appetitizing	0.00000064
19	suff	0.00000064
19	- troma	0.00000064
19	acrimony	0.00000064
19	odoriferous aromatick	0.00000064
19	pevfume	0.00000064
19	efflux	0.00000064
19	tittivate	0.00000064
19	apophyfe	0.00000064
19	fpeake	0.00000064
19	olfactory neuritis	0.00000064
19	e h e r e	0.00000064
19	c u b b	0.00000064
19	ppek	0.00000064
19	prodooe	0.00000064
19	petfume	0.00000064
19	scent - bear	0.00000064
19	urinous odour	0.00000064
19	ftasm	0.00000064
19	evacuation	0.00000064
19	typlioid	0.00000064
19	fmile	0.00000064
19	odoriferous eflential	0.00000064
19	r j l	0.00000064
19	e v e	0.00000064
19	u p	0.00000064
19	odoriferous grumous	0.00000064
19	suffume	0.00000064
19	trichcpterous	0.00000064
19	osiuvia	0.00000064
19	fostid	0.00000064
19	odore fetor	0.00000064
19	perfume stink	0.00000064
19	breathâ	0.00000064
19	obour	0.00000064
19	dreed	0.00000064
19	dree	0.00000064
19	affectation	0.00000064
19	odort	0.00000064
19	perfume atmosphere	0.00000064
19	perfumo	0.00000064
19	ozmazome	0.00000064
19	aromatic llavour	0.00000064
19	n g u f c	0.00000064
19	ure	0.00000064
19	stufhiness	0.00000064
19	qnaff	0.00000064
19	perfumoa	0.00000064
19	fotus	0.00000064
19	timour	0.00000064
19	troma	0.00000064
19	theperfume	0.00000064
19	compofe	0.00000064
19	foetid fume	0.00000064
19	nnscente	0.00000064
19	dowered	0.00000064
19	fetid ferruginous	0.00000064
19	hydrocyanic	0.00000064
19	anoint	0.00000064
19	mufky	0.00000064
19	fpiritucus	0.00000064
19	fpiritucus aromatic	0.00000064
19	efff	0.00000064
19	flafk	0.00000064
19	b u r c c	0.00000064
19	avoâ	0.00000064
19	fragrauco	0.00000064
19	offensive foetor	0.00000064
19	foctor	0.00000064
19	fetid exhala - tion	0.00000064
19	astink	0.00000064
19	noisiness	0.00000064
19	aromatic azine	0.00000064
19	granul	0.00000064
19	itate	0.00000064
19	itating	0.00000064
19	oiganise	0.00000064
19	nacreous	0.00000064
19	p e x	0.00000064
19	odor odorous	0.00000064
19	tiayour	0.00000064
19	jieifume	0.00000064
19	adore	0.00000064
19	trichopterous	0.00000064
19	regioune	0.00000064
19	oisonous vapour	0.00000064
19	ufum	0.00000064
19	p e u	0.00000064
19	putrid ferment	0.00000064
19	savourie	0.00000064
20	smell	0.19261717
20	odour	0.13699639
20	perfume	0.11539778
20	aromatic	0.09870869
20	odor	0.06522597
20	olfactory	0.04864144
20	scent	0.04547615
20	fragrant	0.03815225
20	fragrance	0.03026515
20	fetid	0.01655601
20	scented	0.01483078
20	stink	0.01352617
20	odorous	0.01244255
20	putrid	0.01083139
20	aroma	0.01052959
20	fume	0.01002343
20	foul	0.00981669
20	snuff	0.00716944
20	reek	0.00650881
20	sniff	0.00602642
20	odoriferous	0.00599077
20	stench	0.00589572
20	whiff	0.00404454
20	offensive	0.00403266
20	aerosol	0.00375938
20	perfumes	0.00359779
20	odourless	0.00332689
20	parfum	0.00311777
20	breath	0.00304885
20	vapour	0.00253556
20	smelly	0.00233833
20	noxious	0.00230506
20	essential	0.00223139
20	deodorize	0.00198663
20	effluvia	0.00178226
20	essence	0.00175612
20	fetor	0.00147096
20	perfumery	0.00130699
20	odorless	0.00129273
20	nostril	0.00096717
20	deodorant	0.00095054
20	nauseous	0.00086261
20	scentless	0.00084123
20	savour	0.00081271
20	emanation	0.00077707
20	obnoxious	0.00076043
20	oxidize	0.00072003
20	perfumer	0.00071766
20	intoxicate	0.00063448
20	noisome	0.00061072
20	effluvium	0.00061072
20	liqueur	0.00060122
20	aqueous	0.00059646
20	nose	0.00056082
20	inhale	0.00055369
20	ing	0.00054894
20	soaps	0.00050616
20	incense	0.00050141
20	acrid	0.00048477
20	stank	0.00047527
20	aromas	0.00047052
20	cologne	0.00045388
20	antiperspirant	0.00044675
20	nuisance	0.00043725
20	inodorous	0.00040873
20	pungent	0.00039685
20	aromatics	0.00038259
20	odorant	0.00036120
20	malodorous	0.00035883
20	scent -	0.00035170
20	flavor	0.00035170
20	viscous	0.00034932
20	perfume spray	0.00033269
20	spray	0.00031605
20	soap	0.00031368
20	arsenic	0.00031368
20	fetish	0.00030893
20	tang	0.00030180
20	-	0.00030180
20	foetid	0.00030180
20	exhalation	0.00029229
20	indol	0.00029229
20	perspirant	0.00029229
20	grance	0.00028754
20	sulphur	0.00028516
20	smoke	0.00027803
20	indolent	0.00027566
20	deodorizer	0.00027566
20	perfume perfume	0.00025427
20	vapours	0.00024952
20	fetid breath	0.00024239
20	spice	0.00024001
20	sweet	0.00023763
20	hue	0.00023051
20	olfactive	0.00021862
20	deodorizing	0.00021387
20	malodour	0.00021149
20	fetishism	0.00020199
20	vagrant	0.00019724
20	erfume	0.00019248
20	whiffing	0.00019011
20	smelt	0.00019011
20	splendour	0.00018298
20	odore	0.00018060
20	fresh	0.00017823
20	puff	0.00017585
20	appetize	0.00017585
20	otto	0.00017585
20	unperfumed	0.00017585
20	aromatise	0.00017110
20	olfaction	0.00016872
20	laden	0.00015922
20	garland	0.00015446
20	mucus	0.00015446
20	unperfume	0.00015446
20	alkaloid	0.00014971
20	stunk	0.00013545
20	perfume essence	0.00013308
20	appetise	0.00012832
20	theobroma	0.00012595
20	odourous	0.00012119
20	ferous	0.00012119
20	powder	0.00011882
20	spicy	0.00011169
20	foul smell	0.00011169
20	vitiate	0.00010931
20	rfume	0.00010931
20	appetising	0.00010694
20	appetizing	0.00010694
20	lipstick	0.00010694
20	odol	0.00010694
20	frag	0.00010456
20	oily	0.00010456
20	scent spray	0.00010456
20	aroma -	0.00010456
20	savor	0.00010218
20	- scented	0.00010218
20	smell nuisance	0.00010218
20	ous	0.00010218
20	impregnate	0.00009981
20	cream	0.00009743
20	breathe	0.00009505
20	smoking	0.00009505
20	smut	0.00009268
20	turbid	0.00009268
20	toxin	0.00009268
20	effeminate	0.00009030
20	taste	0.00009030
20	fouled	0.00008792
20	feculent	0.00008792
20	smell breath	0.00008792
20	mist	0.00008792
20	antiseptic	0.00008792
20	chromate	0.00008555
20	offend	0.00008317
20	sludge	0.00008317
20	poisonous	0.00008080
20	florid	0.00008080
20	aromatic essential	0.00008080
20	taint	0.00007842
20	deodorise	0.00007842
20	cosmetic	0.00007842
20	bergamot	0.00007604
20	perfum	0.00007604
20	exhale	0.00007367
20	sound	0.00007367
20	odoure	0.00007367
20	fete	0.00007367
20	breath smell	0.00007129
20	noxious fume	0.00007129
20	discharge	0.00007129
20	chromatic	0.00006891
20	sweetness	0.00006891
20	fece	0.00006891
20	aromatick	0.00006891
20	smuts	0.00006654
20	noxious odour	0.00006654
20	alcohol	0.00006654
20	fcetid	0.00006654
20	smel	0.00006416
20	snuffy	0.00006416
20	sweeten	0.00006416
20	perfume -	0.00006416
20	aromatize	0.00006416
20	odorat	0.00006416
20	perfume mist	0.00006179
20	deodor	0.00006179
20	aromatic essence	0.00005941
20	pestiferous	0.00005941
20	vapor	0.00005941
20	sultry	0.00005941
20	smell odor	0.00005941
20	frankincense	0.00005941
20	aromat	0.00005941
20	smell perfume	0.00005703
20	parfume	0.00005703
20	fetid discharge	0.00005703
20	iferous	0.00005703
20	hypernephroma	0.00005703
20	olfactorie	0.00005466
20	deodorization	0.00005466
20	fragrancy	0.00005466
20	resinous	0.00005466
20	fmell	0.00005466
20	stifle	0.00005228
20	fecte	0.00005228
20	odorific	0.00005228
20	smell -	0.00004990
20	jasmine	0.00004990
20	obnoxious smell	0.00004990
20	fluoride	0.00004990
20	disgusting	0.00004990
20	odorise	0.00004990
20	smell odour	0.00004990
20	dorant	0.00004990
20	aromaticus	0.00004990
20	famish	0.00004753
20	atmosphere	0.00004753
20	musty	0.00004753
20	iridescent	0.00004753
20	stimulant	0.00004753
20	carmine	0.00004753
20	salt	0.00004515
20	candour	0.00004515
20	noxious vapour	0.00004515
20	oil	0.00004515
20	aromatical	0.00004515
20	smok	0.00004515
20	rhinoscleroma	0.00004515
20	smeller	0.00004277
20	nosing	0.00004277
20	nauseating	0.00004277
20	repellent	0.00004277
20	indole	0.00004277
20	achromatic	0.00004277
20	kiss	0.00004040
20	impregnated	0.00004040
20	strew	0.00004040
20	extract	0.00004040
20	malodourous	0.00004040
20	odoi	0.00004040
20	tic	0.00004040
20	phosphoric	0.00004040
20	odo	0.00004040
20	ottos	0.00004040
20	downpour	0.00003802
20	ooze	0.00003802
20	tasty	0.00003802
20	delicious	0.00003802
20	infusible	0.00003802
20	fragrance perfume	0.00003802
20	olfactory impulse	0.00003802
20	smell - ing	0.00003802
20	effete	0.00003802
20	permeate	0.00003802
20	sanious	0.00003802
20	fetishistic	0.00003802
20	palatable	0.00003802
20	loathsome	0.00003802
20	fouler	0.00003565
20	dye	0.00003565
20	noxious emanation	0.00003565
20	nauseate	0.00003565
20	sulfur	0.00003565
20	note	0.00003565
20	smellâ	0.00003565
20	refreshing	0.00003565
20	pus	0.00003565
20	scented breath	0.00003327
20	stagnant	0.00003327
20	breeze	0.00003327
20	effluvium nuisance	0.00003327
20	smoky	0.00003327
20	verminous	0.00003327
20	toxic	0.00003327
20	tint	0.00003327
20	smell savour	0.00003327
20	fester	0.00003327
20	luminous	0.00003327
20	pollute	0.00003327
20	gland	0.00003327
20	floral	0.00003327
20	whiffy	0.00003327
20	smelhng	0.00003327
20	perfume aerosol	0.00003327
20	smell vapour	0.00003327
20	feed	0.00003327
20	sapid	0.00003327
20	anaerobic	0.00003327
20	fetide	0.00003327
20	karvol	0.00003327
20	snort	0.00003089
20	stale	0.00003089
20	odorous emanation	0.00003089
20	frothy	0.00003089
20	thyme	0.00003089
20	odeur	0.00003089
20	foul emanation	0.00003089
20	odor -	0.00003089
20	spirant	0.00003089
20	smog	0.00003089
20	miparfum	0.00003089
20	odorâ	0.00003089
20	smelle	0.00003089
20	infusum	0.00003089
20	perfume parfum	0.00003089
20	fectious	0.00003089
20	stinke	0.00002852
20	smelleth	0.00002852
20	vibration	0.00002852
20	frigid	0.00002852
20	stink breath	0.00002852
20	appetizer	0.00002852
20	odorize	0.00002852
20	accumulation	0.00002852
20	stinking fume	0.00002852
20	inhalation	0.00002852
20	monobromate	0.00002852
20	olf	0.00002852
20	fetishist	0.00002852
20	odoban	0.00002852
20	anosmic	0.00002852
20	noxious odor	0.00002614
20	smutty	0.00002614
20	alkali	0.00002614
20	cdour	0.00002614
20	putrid emanation	0.00002614
20	noxious effluvia	0.00002614
20	remelte	0.00002614
20	sneeze	0.00002614
20	oxid	0.00002614
20	pheromone	0.00002614
20	chondroma	0.00002614
20	stance	0.00002614
20	head	0.00002614
20	fent	0.00002614
20	smudge	0.00002376
20	stinkin	0.00002376
20	leek	0.00002376
20	odorous breath	0.00002376
20	smell scent	0.00002376
20	foulness	0.00002376
20	perfum '	0.00002376
20	anaemic	0.00002376
20	intolerable	0.00002376
20	fragrant essence	0.00002376
20	scald	0.00002376
20	aftershave	0.00002376
20	alkaline	0.00002376
20	scour	0.00002376
20	ness	0.00002376
20	aromatic spice	0.00002376
20	odorem	0.00002376
20	aerosol perfume	0.00002376
20	odourise	0.00002376
20	p	0.00002376
20	gangrenous	0.00002376
20	perfun	0.00002376
20	compound	0.00002376
20	pasty	0.00002376
20	ferruginous	0.00002376
20	olfac	0.00002376
20	bear	0.00002376
20	balsamic	0.00002376
20	fetidity	0.00002139
20	vigour	0.00002139
20	fragrant breath	0.00002139
20	breathing	0.00002139
20	zephyr	0.00002139
20	blossom	0.00002139
20	smell fume	0.00002139
20	steam	0.00002139
20	noxious smell	0.00002139
20	sulphurous	0.00002139
20	otorrhoea	0.00002139
20	aloe	0.00002139
20	miasmic	0.00002139
20	glaucous	0.00002139
20	stuffy	0.00002139
20	disinfect	0.00002139
20	perfumier	0.00002139
20	anhydrous	0.00002139
20	iroma	0.00002139
20	nitrous fume	0.00002139
20	olfactus	0.00002139
20	perfume oil	0.00002139
20	aerofume	0.00002139
20	effluent	0.00002139
20	obnoxious odour	0.00002139
20	inhaler	0.00002139
20	perfume compound	0.00002139
20	germ	0.00002139
20	oceur	0.00002139
20	unscented	0.00002139
20	agar	0.00002139
20	requisite	0.00002139
20	meek	0.00001901
20	mellow	0.00001901
20	stink -	0.00001901
20	vile	0.00001901
20	spoor	0.00001901
20	drink	0.00001901
20	smell smell	0.00001901
20	denaturalize	0.00001901
20	obnoxious fume	0.00001901
20	impure	0.00001901
20	perfume - laden	0.00001901
20	lukewarm	0.00001901
20	parfums	0.00001901
20	stink slush	0.00001901
20	slush	0.00001901
20	odora	0.00001901
20	overpower	0.00001901
20	slur	0.00001901
20	musky	0.00001901
20	speck	0.00001901
20	foul breath	0.00001901
20	albuminous	0.00001901
20	hydatid	0.00001901
20	jerfume	0.00001901
20	allergy	0.00001901
20	enchondroma	0.00001901
20	eff	0.00001901
20	l r e e	0.00001901
20	rfum	0.00001901
20	odom	0.00001901
20	stinct	0.00001901
20	chroma	0.00001901
20	perfumair	0.00001901
20	olfacto	0.00001901
20	stik	0.00001901
20	diarrhoea	0.00001901
20	harmful	0.00001901
20	rich	0.00001901
20	sebaceous	0.00001901
20	trill	0.00001663
20	skunk	0.00001663
20	allure	0.00001663
20	stanch	0.00001663
20	effeminacy	0.00001663
20	splendor	0.00001663
20	pomade	0.00001663
20	smell emanation	0.00001663
20	oman	0.00001663
20	snub	0.00001663
20	chemical	0.00001663
20	fluoridation	0.00001663
20	stincan	0.00001663
20	olfact	0.00001663
20	smell salt	0.00001663
20	poison	0.00001663
20	pungency	0.00001663
20	gum	0.00001663
20	fragrant aromatic	0.00001663
20	smell foul	0.00001663
20	scent - ing	0.00001663
20	liquid	0.00001663
20	fecal	0.00001663
20	nitrous	0.00001663
20	pultaceous	0.00001663
20	conscious	0.00001663
20	aromatic vapour	0.00001663
20	fetid fece	0.00001663
20	scentâ	0.00001663
20	frangrance	0.00001663
20	oxidise	0.00001663
20	overdose	0.00001663
20	mosquito	0.00001663
20	condiment	0.00001663
20	aldehydic	0.00001663
20	unscente	0.00001663
20	fumigation	0.00001663
20	odorous discharge	0.00001663
20	ichorous	0.00001663
20	aromatie	0.00001663
20	olfacâ	0.00001663
20	olfactoiy	0.00001663
20	olfactory impression	0.00001663
20	od	0.00001663
20	fetal	0.00001663
20	tise	0.00001663
20	deodoriza	0.00001663
20	dreamy	0.00001426
20	gust	0.00001426
20	balmy	0.00001426
20	effluvial	0.00001426
20	vapid	0.00001426
20	evil	0.00001426
20	suffocate	0.00001426
20	pall	0.00001426
20	pallor	0.00001426
20	fetidness	0.00001426
20	shampoo	0.00001426
20	stink fume	0.00001426
20	garish	0.00001426
20	honey	0.00001426
20	carnivorous	0.00001426
20	air	0.00001426
20	decay	0.00001426
20	caress	0.00001426
20	sordid	0.00001426
20	murky	0.00001426
20	libation	0.00001426
20	umbelliferous	0.00001426
20	scent spoor	0.00001426
20	scent - laden	0.00001426
20	sense	0.00001426
20	one	0.00001426
20	pulpy	0.00001426
20	fumes	0.00001426
20	miasma	0.00001426
20	pallid	0.00001426
20	fragran	0.00001426
20	flavour	0.00001426
20	sniffy	0.00001426
20	swarm	0.00001426
20	humid	0.00001426
20	perfumar	0.00001426
20	olfactor	0.00001426
20	secretion	0.00001426
20	iromatic	0.00001426
20	feel	0.00001426
20	odoui	0.00001426
20	perfumist	0.00001426
20	perfume soaps	0.00001426
20	tannin	0.00001426
20	odour -	0.00001426
20	odour nuisance	0.00001426
20	nerve	0.00001426
20	bouquet	0.00001426
20	gas	0.00001426
20	discolor	0.00001426
20	oetor	0.00001426
20	fem	0.00001426
20	frill	0.00001426
20	bedeck	0.00001426
20	foam	0.00001426
20	caseate	0.00001426
20	mal	0.00001426
20	detect	0.00001426
20	infufe	0.00001426
20	fetid odor	0.00001426
20	odoret	0.00001426
20	smell essence	0.00001426
20	perfumak	0.00001426
20	tragrance	0.00001426
20	ftetid	0.00001426
20	odorare	0.00001426
20	aromaticall	0.00001426
20	antidotal	0.00001426
20	percolation	0.00001426
20	superfluous	0.00001426
20	smellable	0.00001426
20	whisk	0.00001188
20	infuse	0.00001188
20	smell aromatic	0.00001188
20	stenche	0.00001188
20	- smell	0.00001188
20	tonic	0.00001188
20	odorous vapour	0.00001188
20	shimmer	0.00001188
20	breath reek	0.00001188
20	stink smut	0.00001188
20	wreath	0.00001188
20	cargo	0.00001188
20	noise	0.00001188
20	faecal	0.00001188
20	fry	0.00001188
20	omen	0.00001188
20	nozzle	0.00001188
20	amorous	0.00001188
20	areek	0.00001188
20	blush	0.00001188
20	festive	0.00001188
20	horrid	0.00001188
20	hum	0.00001188
20	aromatic breath	0.00001188
20	unguent	0.00001188
20	produce	0.00001188
20	perfumèd	0.00001188
20	rotten	0.00001188
20	febrifuge	0.00001188
20	paration	0.00001188
20	odorous fume	0.00001188
20	eflfect	0.00001188
20	odoiu	0.00001188
20	duct	0.00001188
20	lochia	0.00001188
20	fragrant essential	0.00001188
20	supertint	0.00001188
20	noxious exhalation	0.00001188
20	odorator	0.00001188
20	additive	0.00001188
20	perfurr	0.00001188
20	sulphide	0.00001188
20	scleroma	0.00001188
20	stroma	0.00001188
20	odo -	0.00001188
20	ragrance	0.00001188
20	perfur	0.00001188
20	fetid diarrhoea	0.00001188
20	tion	0.00001188
20	femur	0.00001188
20	olfactoria	0.00001188
20	greasy	0.00001188
20	perfumeâ	0.00001188
20	impetigo	0.00001188
20	odou	0.00001188
20	stinker	0.00001188
20	arsenical	0.00001188
20	syrupy	0.00001188
20	deodorized	0.00001188
20	send	0.00001188
20	bearing	0.00001188
20	peefume	0.00001188
20	saline	0.00001188
20	aura	0.00001188
20	frolic	0.00001188
20	sudoriferous	0.00001188
20	odorous exhalation	0.00001188
20	pynefume	0.00001188
20	inflammable	0.00000951
20	scent effluvia	0.00000951
20	odious	0.00000951
20	alluring	0.00000951
20	exuberance	0.00000951
20	invigorate	0.00000951
20	ardour	0.00000951
20	snore	0.00000951
20	intoxication	0.00000951
20	waft	0.00000951
20	pestilential	0.00000951
20	purr	0.00000951
20	innuendo	0.00000951
20	crackle	0.00000951
20	breath perfume	0.00000951
20	perfume odour	0.00000951
20	noxious effluvium	0.00000951
20	sulphurous fume	0.00000951
20	odour smell	0.00000951
20	efflu -	0.00000951
20	carcinogenic	0.00000951
20	fumigant	0.00000951
20	dandified	0.00000951
20	enchant	0.00000951
20	perfuméd	0.00000951
20	pudeur	0.00000951
20	sensuous	0.00000951
20	diffuse	0.00000951
20	supercilious	0.00000951
20	leave	0.00000951
20	incandescent	0.00000951
20	tumid	0.00000951
20	fag	0.00000951
20	radiant	0.00000951
20	whiz	0.00000951
20	bloom	0.00000951
20	flavorous	0.00000951
20	polluted	0.00000951
20	pesky	0.00000951
20	salubrious	0.00000951
20	oozy	0.00000951
20	calefaceous	0.00000951
20	juice	0.00000951
20	scents	0.00000951
20	stink vapour	0.00000951
20	aloes	0.00000951
20	seductive	0.00000951
20	efiluvium	0.00000951
20	garlick	0.00000951
20	oozing	0.00000951
20	savours	0.00000951
20	drowsy	0.00000951
20	savory	0.00000951
20	muggy	0.00000951
20	breath fetid	0.00000951
20	p e e	0.00000951
20	dour	0.00000951
20	efflorescent	0.00000951
20	sweat	0.00000951
20	ddize	0.00000951
20	perfum -	0.00000951
20	carbon	0.00000951
20	putrefy	0.00000951
20	udize	0.00000951
20	froth	0.00000951
20	folic	0.00000951
20	perfuma	0.00000951
20	sensation	0.00000951
20	scente	0.00000951
20	antafume	0.00000951
20	odor - laden	0.00000951
20	osteofibroma	0.00000951
20	ovum	0.00000951
20	emission	0.00000951
20	smellingâ	0.00000951
20	scent impregnate	0.00000951
20	antitoxin	0.00000951
20	stool	0.00000951
20	contaminant	0.00000951
20	odor sensation	0.00000951
20	fetid secretion	0.00000951
20	perm	0.00000951
20	snuffle	0.00000951
20	odorus	0.00000951
20	ohactory	0.00000951
20	oxidizer	0.00000951
20	foetor	0.00000951
20	splash	0.00000951
20	pheromones	0.00000951
20	perfumee	0.00000951
20	oleaginous	0.00000951
20	odorisation	0.00000951
20	foul putrid	0.00000951
20	stinctive	0.00000951
20	perfume snuff	0.00000951
20	arsenious	0.00000951
20	delightful	0.00000951
20	efiluvia	0.00000951
20	mosquitoes	0.00000951
20	parfumer	0.00000951
20	heating	0.00000951
20	hydrocarbon	0.00000951
20	noxious germ	0.00000951
20	allergenic	0.00000951
20	scenty	0.00000951
20	monochromatic	0.00000951
20	apochromatic	0.00000951
20	odiferous	0.00000951
20	violet	0.00000951
20	aliphatic	0.00000951
20	aromatic radical	0.00000951
20	radical	0.00000951
20	fragranccd	0.00000951
20	p l l	0.00000951
20	fietid	0.00000951
20	cactus	0.00000951
20	gustatory	0.00000951
20	ammoniacal	0.00000951
20	feetid	0.00000951
20	unpleasant	0.00000951
20	stagnate	0.00000951
20	fragrance aerosol	0.00000951
20	stimulate	0.00000951
20	appetiser	0.00000951
20	tangy	0.00000951
20	mixture	0.00000951
20	r e e	0.00000951
20	garlicky	0.00000951
20	abnoxious	0.00000951
20	swampy	0.00000951
20	casket	0.00000951
20	odorate	0.00000951
20	odourant	0.00000951
20	perfume deodorant	0.00000951
20	toxine	0.00000951
20	impetiginous	0.00000951
20	lanolise	0.00000951
20	etherealise	0.00000951
20	faece	0.00000951
20	fugacious	0.00000951
20	peifume	0.00000951
20	ish	0.00000951
20	emetine	0.00000951
20	adour	0.00000951
20	exhalent	0.00000951
20	odorigenic	0.00000951
20	pehfume	0.00000951
20	sulfuric	0.00000951
20	halitus	0.00000951
20	dentifrice	0.00000951
20	rial	0.00000951
20	etherealize	0.00000951
20	ridize	0.00000951
20	chromaffin	0.00000951
20	odorum	0.00000951
20	odoiir	0.00000951
20	bichromate	0.00000951
20	styptic	0.00000951
20	stinkand	0.00000951
20	phenol	0.00000951
20	grumous	0.00000951
20	antipathy	0.00000951
20	carvacrol	0.00000951
20	acetone	0.00000951
20	scented vapour	0.00000713
20	obscene	0.00000713
20	unmelted	0.00000713
20	nose sniff	0.00000713
20	hint	0.00000713
20	narcissus	0.00000713
20	spume	0.00000713
20	frille	0.00000713
20	aniseed	0.00000713
20	nosed	0.00000713
20	murk	0.00000713
20	effervescence	0.00000713
20	linger	0.00000713
20	leeke	0.00000713
20	sweetener	0.00000713
20	wilt	0.00000713
20	shriek	0.00000713
20	sniff nostril	0.00000713
20	herbaceous	0.00000713
20	smokin	0.00000713
20	perfumes scent	0.00000713
20	alfalfa	0.00000713
20	reek fume	0.00000713
20	radiance	0.00000713
20	bite	0.00000713
20	filthy	0.00000713
20	disinfectant	0.00000713
20	snivel	0.00000713
20	smear	0.00000713
20	moan	0.00000713
20	aromatic stimulant	0.00000713
20	aliment	0.00000713
20	noisome vapor	0.00000713
20	nostril sniff	0.00000713
20	fluffy	0.00000713
20	emit	0.00000713
20	smelling	0.00000713
20	stinketh	0.00000713
20	fragrant fume	0.00000713
20	thrill	0.00000713
20	vista	0.00000713
20	scented aroma	0.00000713
20	odorous ooze	0.00000713
20	charm	0.00000713
20	heavenly	0.00000713
20	misty	0.00000713
20	fragrant memory	0.00000713
20	fervor	0.00000713
20	aromatic liqueur	0.00000713
20	infernal	0.00000713
20	fragrance scent	0.00000713
20	taker	0.00000713
20	faggot	0.00000713
20	blend	0.00000713
20	offensiveness	0.00000713
20	refresh	0.00000713
20	perspiration	0.00000713
20	ed	0.00000713
20	detoxicate	0.00000713
20	slurry	0.00000713
20	property	0.00000713
20	mucous	0.00000713
20	apifuge	0.00000713
20	ture	0.00000713
20	odoro	0.00000713
20	rancour	0.00000713
20	trafuril	0.00000713
20	spelt	0.00000713
20	odorous essence	0.00000713
20	vitamin	0.00000713
20	fiask	0.00000713
20	hallucination	0.00000713
20	perfume com	0.00000713
20	liour	0.00000713
20	perfume cologne	0.00000713
20	ethereal	0.00000713
20	odotir	0.00000713
20	fragrance miniperfume	0.00000713
20	freshen	0.00000713
20	hysteria	0.00000713
20	noxious vapor	0.00000713
20	idood	0.00000713
20	perfumi	0.00000713
20	crystallise	0.00000713
20	fetus	0.00000713
20	nectar	0.00000713
20	fragrance -	0.00000713
20	perspiirant	0.00000713
20	lepromata	0.00000713
20	razor	0.00000713
20	bmell	0.00000713
20	iragrance	0.00000713
20	dition	0.00000713
20	smell fetid	0.00000713
20	rragrance	0.00000713
20	affluvia	0.00000713
20	snack	0.00000713
20	aerobic	0.00000713
20	exhala	0.00000713
20	intoxicant	0.00000713
20	smellin	0.00000713
20	olfactory chiasma	0.00000713
20	perfumeria	0.00000713
20	chlorinous	0.00000713
20	odorizer	0.00000713
20	odor foul	0.00000713
20	dichromate	0.00000713
20	h	0.00000713
20	distribute	0.00000713
20	infestation	0.00000713
20	fetid ulcer	0.00000713
20	neurofibroma	0.00000713
20	bath	0.00000713
20	scent gland	0.00000713
20	aromatic percolate	0.00000713
20	com	0.00000713
20	vaporize	0.00000713
20	miasm	0.00000713
20	fcetor	0.00000713
20	latter	0.00000713
20	cosmetique	0.00000713
20	odorament	0.00000713
20	stink sludge	0.00000713
20	balsam	0.00000713
20	iperfume	0.00000713
20	contaminate	0.00000713
20	odoral	0.00000713
20	perfame	0.00000713
20	odourle	0.00000713
20	aromatice	0.00000713
20	tuberance	0.00000713
20	aromatic property	0.00000713
20	fibre	0.00000713
20	odoir	0.00000713
20	perfuine	0.00000713
20	floral essence	0.00000713
20	impression	0.00000713
20	foul mucus	0.00000713
20	derfume	0.00000713
20	manufacture perfumer	0.00000713
20	pulse	0.00000713
20	stin	0.00000713
20	odorifer	0.00000713
20	heat	0.00000713
20	fetid pentatomid	0.00000713
20	pentatomid	0.00000713
20	ferment	0.00000713
20	stinkende	0.00000713
20	trimethylamine	0.00000713
20	oxidation	0.00000713
20	fumer	0.00000713
20	phlegm	0.00000713
20	polish	0.00000713
20	preem	0.00000713
20	stinkande	0.00000713
20	colour	0.00000713
20	itch	0.00000713
20	phorous	0.00000713
20	sing	0.00000713
20	aromatica	0.00000713
20	emana	0.00000713
20	odois	0.00000713
20	perfume fragrance	0.00000713
20	fetid mucus	0.00000713
20	oecur	0.00000713
20	smell scour	0.00000713
20	scent essence	0.00000713
20	influence	0.00000713
20	olfac -	0.00000713
20	aromatic powder	0.00000713
20	odorant aerosol	0.00000713
20	stink odor	0.00000713
20	olfactory fetishist	0.00000713
20	frank	0.00000713
20	fracture	0.00000713
20	dead	0.00000475
20	trail	0.00000475
20	tobaccos	0.00000475
20	luscious	0.00000475
20	fragrant sweetness	0.00000475
20	infuriate	0.00000475
20	elegance	0.00000475
20	infumate	0.00000475
20	vilely	0.00000475
20	vivify	0.00000475
20	overheat	0.00000475
20	sprightly	0.00000475
20	fecund	0.00000475
20	exude	0.00000475
20	heady brew	0.00000475
20	chill	0.00000475
20	foul vapours	0.00000475
20	noisom	0.00000475
20	aromatic savor	0.00000475
20	timorous	0.00000475
20	mellifluous	0.00000475
20	fetid fume	0.00000475
20	unattractive	0.00000475
20	tansy	0.00000475
20	reeky	0.00000475
20	rakish	0.00000475
20	snuffin	0.00000475
20	ill	0.00000475
20	effluvious	0.00000475
20	fetid inspissate	0.00000475
20	inspissate	0.00000475
20	parfumi	0.00000475
20	deviltry	0.00000475
20	silk	0.00000475
20	sting	0.00000475
20	fleck	0.00000475
20	vagrant breath	0.00000475
20	ichor	0.00000475
20	scuff	0.00000475
20	odorous opposite	0.00000475
20	fragrant attention	0.00000475
20	snipe	0.00000475
20	keen	0.00000475
20	fetive	0.00000475
20	perfumeless	0.00000475
20	vermin	0.00000475
20	damaske	0.00000475
20	lilac	0.00000475
20	gipsy	0.00000475
20	discomfort	0.00000475
20	obnoxious emanation	0.00000475
20	- odorous	0.00000475
20	smell effluvia	0.00000475
20	fly	0.00000475
20	aromatic amines	0.00000475
20	amine	0.00000475
20	writhe	0.00000475
20	fœtid	0.00000475
20	stinkpot	0.00000475
20	unwholesome	0.00000475
20	odor breathe	0.00000475
20	scented aloe	0.00000475
20	aromatic fume	0.00000475
20	anæmic	0.00000475
20	chilly	0.00000475
20	hanging	0.00000475
20	sight	0.00000475
20	lace	0.00000475
20	stench -	0.00000475
20	aromatic condiment	0.00000475
20	nightstalk	0.00000475
20	rancid	0.00000475
20	clanking	0.00000475
20	fetid fascination	0.00000475
20	fascination	0.00000475
20	stencher	0.00000475
20	sour	0.00000475
20	fill	0.00000475
20	perfume smell	0.00000475
20	floriferous	0.00000475
20	prance	0.00000475
20	underfur	0.00000475
20	smell sneak	0.00000475
20	perfume shower	0.00000475
20	ghoulish	0.00000475
20	smellow	0.00000475
20	clean	0.00000475
20	gustus	0.00000475
20	heady	0.00000475
20	perfumedly	0.00000475
20	scentific	0.00000475
20	pleasant	0.00000475
20	stynke	0.00000475
20	immaculate	0.00000475
20	odorful	0.00000475
20	h r p e r	0.00000475
20	infest	0.00000475
20	flowery	0.00000475
20	clank	0.00000475
20	cachous	0.00000475
20	sparkle	0.00000475
20	schmell	0.00000475
20	odorously	0.00000475
20	flaccid	0.00000475
20	scented grove	0.00000475
20	aromatic foretaste	0.00000475
20	mink	0.00000475
20	dawnsmelle	0.00000475
20	fucus	0.00000475
20	rash	0.00000475
20	melodious	0.00000475
20	odourful	0.00000475
20	fetid slaver	0.00000475
20	slaver	0.00000475
20	smudgy	0.00000475
20	vapory	0.00000475
20	crest	0.00000475
20	fervid	0.00000475
20	fetid frigor	0.00000475
20	frigor	0.00000475
20	snizzle	0.00000475
20	stanche	0.00000475
20	flower	0.00000475
20	breath foul	0.00000475
20	fawn	0.00000475
20	exuberant	0.00000475
20	pellmell	0.00000475
20	vesicator	0.00000475
20	pestilent	0.00000475
20	torrid	0.00000475
20	earthperfume	0.00000475
20	seethe	0.00000475
20	odor smell	0.00000475
20	stinkin '	0.00000475
20	alcoholic	0.00000475
20	occult	0.00000475
20	disdainful	0.00000475
20	smoky incense	0.00000475
20	torpid	0.00000475
20	anoint	0.00000475
20	stinuilate	0.00000475
20	stirring	0.00000475
20	odor scent	0.00000475
20	anxiety	0.00000475
20	fetch scented	0.00000475
20	whizz	0.00000475
20	tranquil	0.00000475
20	valour	0.00000475
20	lascivious	0.00000475
20	stinky	0.00000475
20	gayetie	0.00000475
20	ambergris	0.00000475
20	overbear	0.00000475
20	carromata	0.00000475
20	spore	0.00000475
20	faintly	0.00000475
20	aphide	0.00000475
20	hazy	0.00000475
20	balm	0.00000475
20	acorusaromaticus	0.00000475
20	narcotic	0.00000475
20	p l	0.00000475
20	cafifeolic	0.00000475
20	aftertaste	0.00000475
20	carpel	0.00000475
20	tasteless	0.00000475
20	mock	0.00000475
20	aromatizar	0.00000475
20	perfumate	0.00000475
20	perfumear	0.00000475
20	olfactory foramina	0.00000475
20	foramina	0.00000475
20	pest	0.00000475
20	perfumiser	0.00000475
20	fragranc	0.00000475
20	smellyâ	0.00000475
20	char	0.00000475
20	drant	0.00000475
20	olfactorally	0.00000475
20	smell fragrance	0.00000475
20	lerspirant	0.00000475
20	micaceous	0.00000475
20	antitoxic	0.00000475
20	smoaky	0.00000475
20	olfactory mucous	0.00000475
20	eaudeparfum	0.00000475
20	perfume soap	0.00000475
20	pollutant	0.00000475
20	particon	0.00000475
20	sulphid	0.00000475
20	disinfeetant	0.00000475
20	spirit	0.00000475
20	flum	0.00000475
20	isent	0.00000475
20	infuâ	0.00000475
20	odouri	0.00000475
20	fetidis	0.00000475
20	erinaceous	0.00000475
20	perfume atomiser	0.00000475
20	- scent	0.00000475
20	attractant	0.00000475
20	perfume vend	0.00000475
20	impulse	0.00000475
20	perfume blend	0.00000475
20	perfume vapor	0.00000475
20	toxicate	0.00000475
20	shave	0.00000475
20	formaldehyde	0.00000475
20	rant	0.00000475
20	eek	0.00000475
20	olfactory olfactory	0.00000475
20	fragrancet	0.00000475
20	perfume conscious	0.00000475
20	olfactory nerve	0.00000475
20	olfatory	0.00000475
20	emasculation	0.00000475
20	stinik	0.00000475
20	e u	0.00000475
20	superheate	0.00000475
20	shelafume	0.00000475
20	stinkard	0.00000475
20	fseculent	0.00000475
20	granul	0.00000475
20	furfural	0.00000475
20	jicifume	0.00000475
20	letrie	0.00000475
20	rmell	0.00000475
20	putrid vapour	0.00000475
20	for7erfume	0.00000475
20	maladorous	0.00000475
20	stincke	0.00000475
20	stincking	0.00000475
20	fetitl	0.00000475
20	dorous	0.00000475
20	scent bottle	0.00000475
20	frightful	0.00000475
20	patch	0.00000475
20	polychroma	0.00000475
20	stinkir	0.00000475
20	deâ	0.00000475
20	home	0.00000475
20	sickly	0.00000475
20	pervade	0.00000475
20	hydroâ	0.00000475
20	foul germ	0.00000475
20	colourant	0.00000475
20	pariparfum	0.00000475
20	mery	0.00000475
20	sachet	0.00000475
20	asafetida	0.00000475
20	carnation	0.00000475
20	oxicliznig	0.00000475
20	screech	0.00000475
20	aromalic	0.00000475
20	seizure	0.00000475
20	extraneous	0.00000475
20	imuderm	0.00000475
20	infect	0.00000475
20	friendly	0.00000475
20	convak	0.00000475
20	acrolein	0.00000475
20	frag -	0.00000475
20	aromatic arsenic	0.00000475
20	uthority	0.00000475
20	pleasing	0.00000475
20	scenteth	0.00000475
20	fretime	0.00000475
20	rimmell	0.00000475
20	odoior	0.00000475
20	fetour	0.00000475
20	odoriser	0.00000475
20	smell steamy	0.00000475
20	steamy	0.00000475
20	vibrant	0.00000475
20	sfuff	0.00000475
20	smell appetise	0.00000475
20	r	0.00000475
20	allergen	0.00000475
20	cyst	0.00000475
20	maker	0.00000475
20	fetitdum	0.00000475
20	aromaticum	0.00000475
20	disperse	0.00000475
20	scent - distribute	0.00000475
20	offensive secretion	0.00000475
20	dazzle	0.00000475
20	bite perfume	0.00000475
20	lilafleur	0.00000475
20	alchohol	0.00000475
20	smellie	0.00000475
20	fear	0.00000475
20	excite	0.00000475
20	ubiquitous	0.00000475
20	exudate	0.00000475
20	nausea	0.00000475
20	appetiz	0.00000475
20	sludgy	0.00000475
20	combma	0.00000475
20	aicohol	0.00000475
20	handkerchief	0.00000475
20	charak	0.00000475
20	nostalgia	0.00000475
20	ossom	0.00000475
20	protandrous	0.00000475
20	l g	0.00000475
20	fetid exhalation	0.00000475
20	brummell	0.00000475
20	scented essential	0.00000475
20	smell essential	0.00000475
20	worid	0.00000475
20	offensive pus	0.00000475
20	faetid	0.00000475
20	focetid	0.00000475
20	odorous emission	0.00000475
20	smellirig	0.00000475
20	spikenard	0.00000475
20	fuliginous	0.00000475
20	soporiferous	0.00000475
20	choline	0.00000475
20	scrofulous	0.00000475
20	perfumet	0.00000475
20	jasmin	0.00000475
20	er	0.00000475
20	smell nitrogenous	0.00000475
20	nitrogenous	0.00000475
20	odomâ	0.00000475
20	diatom	0.00000475
20	oifactory	0.00000475
20	agent	0.00000475
20	ment	0.00000475
20	aerosol aerosol	0.00000475
20	odoiur	0.00000475
20	perfuman	0.00000475
20	wynsomul	0.00000475
20	aldehyde	0.00000475
20	pollution	0.00000475
20	liquor	0.00000475
20	aromaticse	0.00000475
20	fric	0.00000475
20	smokeless	0.00000475
20	indoloid	0.00000475
20	odourâ	0.00000475
20	thick	0.00000475
20	odoriferous herbaceous	0.00000475
20	petrify	0.00000475
20	petrifying	0.00000475
20	hear	0.00000475
20	toothpaste	0.00000475
20	g	0.00000475
20	pepfumds	0.00000475
20	bacteria	0.00000475
20	infuson	0.00000475
20	r p e l v e r	0.00000475
20	parfumeur	0.00000475
20	ize	0.00000475
20	tar	0.00000475
20	aromatic sulphur	0.00000475
20	sterilise	0.00000475
20	fluid	0.00000475
20	olfactory bulbs	0.00000475
20	bulbs	0.00000475
20	oolour	0.00000475
20	odour purification	0.00000475
20	benzoinate	0.00000475
20	oetid	0.00000475
20	sensitize	0.00000475
20	photosensitive	0.00000475
20	tarry	0.00000475
20	apour	0.00000475
20	perfume cream	0.00000475
20	ncfume	0.00000475
20	excrement	0.00000475
20	dermatology	0.00000475
20	dis	0.00000475
20	aphrodisiac	0.00000475
20	osmazome	0.00000475
20	chromatone	0.00000475
20	scent perfume	0.00000475
20	persipirant	0.00000475
20	efluvia	0.00000475
20	charge	0.00000475
20	perfumeiy	0.00000475
20	size perfume	0.00000475
20	furfurol	0.00000475
20	aromatiec	0.00000475
20	flavory	0.00000475
20	'	0.00000475
20	rliinoscleroma	0.00000475
20	perfumes perfume	0.00000475
20	putrid breath	0.00000475
20	omnivorous	0.00000475
20	hqueur	0.00000475
20	exhilarate	0.00000475
20	olfactory carrefour	0.00000475
20	noisonous	0.00000475
20	pekfume	0.00000475
20	tinguish	0.00000475
20	fragiâ	0.00000475
20	disodour	0.00000475
20	emetin	0.00000475
20	felt	0.00000475
20	feck	0.00000475
20	indols	0.00000475
20	size	0.00000475
20	tingle	0.00000475
20	tingling	0.00000475
20	sulphur odour	0.00000475
20	agglu	0.00000475
20	fascinatirig	0.00000475
20	iierfume	0.00000475
20	fume nuisance	0.00000475
20	stinken	0.00000475
20	oderiferous	0.00000475
20	fetida	0.00000475
20	aromatic elixir	0.00000475
20	aromatique	0.00000475
20	perfumeiry	0.00000475
20	cleanse	0.00000475
20	intolerance	0.00000475
20	efflu	0.00000475
20	le	0.00000475
20	skatol	0.00000475
20	exhala -	0.00000475
20	olfactie	0.00000475
20	slimy	0.00000475
20	smelic	0.00000475
20	smeue	0.00000475
20	resm	0.00000475
20	sunshimmer	0.00000475
20	oxidum	0.00000475
20	gektinous	0.00000475
20	appetize flavor	0.00000475
20	smell nasal	0.00000475
20	nasal	0.00000475
20	bad	0.00000475
20	malodorous emanation	0.00000475
20	scented sweet	0.00000475
20	nauseant	0.00000475
20	monobromata	0.00000475
20	fem perfume	0.00000475
20	flection	0.00000475
20	lour	0.00000475
20	pernicious	0.00000475
20	aphid	0.00000475
20	odorifâ	0.00000475
20	phenolic	0.00000475
20	ketine	0.00000475
20	nervus	0.00000475
20	aromatic umbelliferous	0.00000475
20	savoury	0.00000475
20	ierfume	0.00000475
20	elkluvia	0.00000475
20	liaracter	0.00000475
20	fragrace	0.00000475
20	obnoxious odor	0.00000475
20	nephroma	0.00000475
20	vaporous	0.00000475
20	olfactory aura	0.00000475
20	olfactorius	0.00000475
20	orthochromatic	0.00000475
20	oxido	0.00000475
20	achromatopsia	0.00000475
20	irritant	0.00000475
20	fragrantly	0.00000475
20	cetor	0.00000475
20	libatory	0.00000475
20	nectarous	0.00000475
20	soip	0.00000475
20	chloorkalk	0.00000475
20	jfume	0.00000475
20	olfactif	0.00000475
20	rabid	0.00000475
20	oxoniferous	0.00000475
20	nectariferous	0.00000475
20	wash	0.00000475
20	dangerous	0.00000475
20	spirituous	0.00000475
20	odorophorous	0.00000475
20	unmelte	0.00000475
20	refinous	0.00000475
20	perfumec	0.00000475
20	acromatic	0.00000475
20	erous	0.00000475
20	systolic	0.00000475
20	virulent	0.00000475
20	offensive bilge	0.00000475
20	influ	0.00000475
20	elliman	0.00000475
20	breath stunk	0.00000475
20	effluâ	0.00000475
20	n j f	0.00000475
20	odonr	0.00000475
20	fetid emanation	0.00000475
20	ugh	0.00000475
20	infufion	0.00000475
20	asafetid	0.00000475
20	tlie	0.00000475
20	viscosity	0.00000475
20	spic	0.00000475
20	sulfone	0.00000475
20	qdour	0.00000475
20	aiid	0.00000475
20	aerosal	0.00000475
20	turmeric	0.00000475
20	garlanded	0.00000475
20	mouldy	0.00000475
20	peruke	0.00000475
20	ect	0.00000475
20	actiavate	0.00000475
20	clog	0.00000475
20	intoxi	0.00000475
20	nosebleed	0.00000475
20	bedewâ	0.00000475
20	c e	0.00000475
20	umed	0.00000475
20	unisex	0.00000475
20	resin	0.00000475
20	rancidity	0.00000475
20	profumo	0.00000475
20	contamâ	0.00000475
20	olfactorium	0.00000475
20	fet	0.00000475
20	olfactory antipathy	0.00000475
20	disinfection	0.00000475
20	anasmic	0.00000475
20	take	0.00000475
20	insecticide	0.00000475
20	femin	0.00000475
20	odoura	0.00000475
20	eolour	0.00000475
20	smelting	0.00000475
20	excitation	0.00000475
20	evocative	0.00000475
20	hurtful	0.00000475
20	fluss	0.00000475
20	fragiant	0.00000475
20	frigorific	0.00000475
20	scent smell	0.00000475
20	unmelodious	0.00000475
20	filth	0.00000475
20	rasmic	0.00000475
20	ause	0.00000475
20	snip	0.00000475
20	washinos	0.00000475
20	odouriferous	0.00000475
20	snilf	0.00000475
20	odorose	0.00000475
20	mote	0.00000475
20	vinous	0.00000475
20	alkal	0.00000475
20	aromair	0.00000475
20	panchromatic	0.00000475
20	zal	0.00000475
20	okactory	0.00000475
20	odouis	0.00000475
20	semifluic	0.00000475
20	gustable	0.00000475
20	fad	0.00000475
20	malodorous vapour	0.00000475
20	incendiary	0.00000475
20	haunt	0.00000475
20	voluptuous	0.00000475
20	gdour	0.00000475
20	odowr	0.00000475
20	flammable	0.00000475
20	coriaceous	0.00000475
20	polychromatic	0.00000475
20	ffetid	0.00000475
20	unhealthful	0.00000475
20	sensitise	0.00000475
20	emollient	0.00000475
20	xaromatic	0.00000475
20	insecticidal	0.00000475
20	love	0.00000475
20	amity	0.00000475
20	ranic	0.00000475
20	aer	0.00000475
20	scentlessness	0.00000475
20	satifactory	0.00000475
20	ornament	0.00000475
20	olfactory fetishism	0.00000475
20	cigar	0.00000475
20	antivenomous	0.00000475
20	mushy	0.00000475
20	tat	0.00000475
20	resorcin	0.00000475
20	ridsmell	0.00000475
20	citrous	0.00000475
20	stinhe	0.00000475
20	corrupt	0.00000475
20	perfumef	0.00000475
20	deodora	0.00000475
20	echinocactus	0.00000475
20	cosmetie	0.00000475
20	tacky	0.00000475
20	vesicate	0.00000475
20	citrussy	0.00000475
20	cetid	0.00000475
20	odoraria	0.00000475
20	stacte	0.00000475
20	toilet	0.00000475
20	perfumey	0.00000475
20	fetiche	0.00000475
20	sulfurous	0.00000475
20	foul - ing	0.00000475
20	chalant	0.00000475
20	acter	0.00000475
20	repulsive	0.00000475
20	persplrant	0.00000475
20	ente	0.00000475
20	tique	0.00000475
20	amorphous	0.00000475
20	faint	0.00000475
20	smoulder	0.00000238
20	smoulder aromatic	0.00000238
20	taint air	0.00000238
20	perfume heap	0.00000238
20	reek vapour	0.00000238
20	drizzle	0.00000238
20	drizzling	0.00000238
20	cloud	0.00000238
20	japan	0.00000238
20	haze	0.00000238
20	clangour	0.00000238
20	drool	0.00000238
20	wreathe	0.00000238
20	vernal breeze	0.00000238
20	percolator	0.00000238
20	suffuse	0.00000238
20	sweet incense	0.00000238
20	scorch	0.00000238
20	fragrant fecund	0.00000238
20	throb	0.00000238
20	hummed	0.00000238
20	fervour	0.00000238
20	vagrancy	0.00000238
20	potent	0.00000238
20	overfe	0.00000238
20	sputter	0.00000238
20	glance	0.00000238
20	annoyance	0.00000238
20	fragrant breeze	0.00000238
20	perfume splendour	0.00000238
20	stanching	0.00000238
20	fetid shoal	0.00000238
20	shoal	0.00000238
20	scent signal	0.00000238
20	fetid atmosphere	0.00000238
20	different	0.00000238
20	smell nose	0.00000238
20	smell ooze	0.00000238
20	liquour	0.00000238
20	putrid fume	0.00000238
20	smell whiff	0.00000238
20	sap	0.00000238
20	doff	0.00000238
20	intolerant	0.00000238
20	presence	0.00000238
20	glimpse	0.00000238
20	outsmelt	0.00000238
20	disease	0.00000238
20	languid	0.00000238
20	boojum	0.00000238
20	smelliest	0.00000238
20	stinking paragraph	0.00000238
20	paragraph	0.00000238
20	drench	0.00000238
20	dew	0.00000238
20	jewel	0.00000238
20	scented incense	0.00000238
20	frizzle	0.00000238
20	fetid alkali	0.00000238
20	steaming	0.00000238
20	texture	0.00000238
20	subterfuge	0.00000238
20	pleasure	0.00000238
20	perk	0.00000238
20	withindoors	0.00000238
20	putrid offal	0.00000238
20	odoriferous sweet	0.00000238
20	emotion	0.00000238
20	signal	0.00000238
20	baulk	0.00000238
20	prink	0.00000238
20	breathe perfume	0.00000238
20	dipping	0.00000238
20	fragrant poesy	0.00000238
20	poesy	0.00000238
20	odorousness	0.00000238
20	raritie	0.00000238
20	rarity	0.00000238
20	whig	0.00000238
20	putridity	0.00000238
20	stork	0.00000238
20	seasmell	0.00000238
20	woful	0.00000238
20	woful hue	0.00000238
20	stuffiness	0.00000238
20	illumine	0.00000238
20	ooze fetid	0.00000238
20	pungence	0.00000238
20	fountain	0.00000238
20	spicy fragrant	0.00000238
20	scented ring	0.00000238
20	ring	0.00000238
20	magic	0.00000238
20	alyssum	0.00000238
20	smeltin	0.00000238
20	olfactory vibration	0.00000238
20	spick	0.00000238
20	fuzz	0.00000238
20	odoriferous fume	0.00000238
20	deodouriser	0.00000238
20	odour odour	0.00000238
20	sulphur fume	0.00000238
20	effluyia	0.00000238
20	river	0.00000238
20	stink serosity	0.00000238
20	frothiness	0.00000238
20	smell offensive	0.00000238
20	leak	0.00000238
20	scented breeze	0.00000238
20	fragrant aloe	0.00000238
20	scent laden	0.00000238
20	pastime	0.00000238
20	aromatic sweetness	0.00000238
20	sprinkle	0.00000238
20	smelleth odorous	0.00000238
20	swish	0.00000238
20	allotropic	0.00000238
20	fragrant apetalous	0.00000238
20	ravenous	0.00000238
20	stink badg	0.00000238
20	badger	0.00000238
20	reeketh	0.00000238
20	evildoer	0.00000238
20	souring	0.00000238
20	scent nostril	0.00000238
20	inhale perfume	0.00000238
20	pathos perfume	0.00000238
20	fur	0.00000238
20	fragrant loveliness	0.00000238
20	loveliness	0.00000238
20	snorting	0.00000238
20	snicker	0.00000238
20	nauseous intoxicating	0.00000238
20	foul contagion	0.00000238
20	contagion	0.00000238
20	mirth	0.00000238
20	bobolink	0.00000238
20	fruitsmelle	0.00000238
20	scented kiss	0.00000238
20	shun	0.00000238
20	alluring scent	0.00000238
20	stink putrid	0.00000238
20	stench stank	0.00000238
20	illume	0.00000238
20	stench - curse	0.00000238
20	curse	0.00000238
20	stenching	0.00000238
20	foul miasmas	0.00000238
20	alarum	0.00000238
20	lick	0.00000238
20	snaff	0.00000238
20	scented flowery	0.00000238
20	perfume breeze	0.00000238
20	fluttering	0.00000238
20	sniffin	0.00000238
20	vibrancy	0.00000238
20	skirt	0.00000238
20	draught	0.00000238
20	smell acrid	0.00000238
20	divan	0.00000238
20	quest	0.00000238
20	emit perfume	0.00000238
20	fume -	0.00000238
20	stinkum	0.00000238
20	odiir	0.00000238
20	scentless breath	0.00000238
20	snuff mull	0.00000238
20	manuresmelle	0.00000238
20	manuresmelling	0.00000238
20	wail	0.00000238
20	cat	0.00000238
20	fragrant gum	0.00000238
20	electrick	0.00000238
20	llaor	0.00000238
20	hulky	0.00000238
20	unphilosophizing	0.00000238
20	misdoer	0.00000238
20	burnouse	0.00000238
20	perfume breath	0.00000238
20	stink pelt	0.00000238
20	pelt	0.00000238
20	perfumesin	0.00000238
20	scentin	0.00000238
20	snife	0.00000238
20	fragrant curse	0.00000238
20	stink hulk	0.00000238
20	hulk	0.00000238
20	shower	0.00000238
20	befurre	0.00000238
20	brackish	0.00000238
20	fragrant silence	0.00000238
20	iniiammable	0.00000238
20	fragrant emanation	0.00000238
20	outsmell	0.00000238
20	odor - produce	0.00000238
20	- produce	0.00000238
20	gush	0.00000238
20	stale emanation	0.00000238
20	reek '	0.00000238
20	perjury	0.00000238
20	exhalem	0.00000238
20	glue	0.00000238
20	hubbub	0.00000238
20	pummel	0.00000238
20	crowns	0.00000238
20	odorous scent	0.00000238
20	stink savour	0.00000238
20	scented splendor	0.00000238
20	fetid acrid	0.00000238
20	scented lime	0.00000238
20	lime	0.00000238
20	stain	0.00000238
20	spud	0.00000238
20	breath intoxicate	0.00000238
20	ferocity	0.00000238
20	rustle	0.00000238
20	pluvium	0.00000238
20	whusky	0.00000238
20	perfumèd wing	0.00000238
20	wing	0.00000238
20	dreariness	0.00000238
20	lily	0.00000238
20	scentbox	0.00000238
20	breath aromatic	0.00000238
20	fragrant faggot	0.00000238
20	olfaetor	0.00000238
20	stinking kiss	0.00000238
20	hydrophobia	0.00000238
20	aromatical balm	0.00000238
20	intoxicat	0.00000238
20	tinkle	0.00000238
20	freight	0.00000238
20	smell savor	0.00000238
20	sunniness	0.00000238
20	spilt	0.00000238
20	ls	0.00000238
20	tinue	0.00000238
20	scented effiuvia	0.00000238
20	saponifie	0.00000238
20	olfactory fibre	0.00000238
20	stinking mist	0.00000238
20	fumigate	0.00000238
20	ote	0.00000238
20	aromatic breeze	0.00000238
20	deodorizer deodorizer	0.00000238
20	odour perfume	0.00000238
20	fossfe	0.00000238
20	mask	0.00000238
20	smeli	0.00000238
20	emetie	0.00000238
20	tremor	0.00000238
20	aromate	0.00000238
20	offensive emission	0.00000238
20	odoriferous emanation	0.00000238
20	noxious virus	0.00000238
20	conception	0.00000238
20	susbtance	0.00000238
20	e e r r v	0.00000238
20	odorous secretion	0.00000238
20	fetid caseous	0.00000238
20	caseous	0.00000238
20	perfume skin	0.00000238
20	skin	0.00000238
20	kadouri	0.00000238
20	- odor	0.00000238
20	pebfume	0.00000238
20	obnoxious vapour	0.00000238
20	scent - bottlesâ	0.00000238
20	saccharine	0.00000238
20	smok - ing	0.00000238
20	berzelius	0.00000238
20	smellcan	0.00000238
20	fume emission	0.00000238
20	r c e u	0.00000238
20	odoiâ	0.00000238
20	smeld	0.00000238
20	perfu	0.00000238
20	effluvia odour	0.00000238
20	lragrance	0.00000238
20	nperfume	0.00000238
20	jtank	0.00000238
20	aromatic antiseptic	0.00000238
20	offensive vapour	0.00000238
20	rfeek	0.00000238
20	stanks	0.00000238
20	snifle	0.00000238
20	lute	0.00000238
20	acetonuria	0.00000238
20	massage	0.00000238
20	offensive excretion	0.00000238
20	excretion	0.00000238
20	fussâ	0.00000238
20	unhealthiness	0.00000238
20	istink	0.00000238
20	odorous resinous	0.00000238
20	strews	0.00000238
20	k b r u k k e n e u k x l l ' u r l r	0.00000238
20	u k b r u k e 0 n e u	0.00000238
20	u r 0 l r	0.00000238
20	miniperfume	0.00000238
20	citrus note	0.00000238
20	biook	0.00000238
20	perfume size	0.00000238
20	abatfe	0.00000238
20	anoldenamelle	0.00000238
20	fetidi	0.00000238
20	perfume fragrant	0.00000238
20	mamelle	0.00000238
20	coffret	0.00000238
20	odorous breathe	0.00000238
20	fluorosis	0.00000238
20	scent sprayer	0.00000238
20	sprayer	0.00000238
20	ismell	0.00000238
20	entozoa	0.00000238
20	scented paste	0.00000238
20	fluvia	0.00000238
20	scented stuff	0.00000238
20	noxious smeil	0.00000238
20	smeil	0.00000238
20	show	0.00000238
20	splay	0.00000238
20	ladanum	0.00000238
20	scent fragrance	0.00000238
20	scent fragrant	0.00000238
20	pregnated	0.00000238
20	tickle	0.00000238
20	vsmell	0.00000238
20	vitamell	0.00000238
20	slock	0.00000238
20	pact	0.00000238
20	olfende	0.00000238
20	olfending	0.00000238
20	spice essence	0.00000238
20	osmetie perfume	0.00000238
20	e n e	0.00000238
20	smell oil	0.00000238
20	tiavour	0.00000238
20	oily fume	0.00000238
20	olfactory stimulant	0.00000238
20	smelter	0.00000238
20	offensive accumulation	0.00000238
20	stenchâ	0.00000238
20	perfume sense	0.00000238
20	fdm	0.00000238
20	fdm perfume	0.00000238
20	herbissimo	0.00000238
20	sniffing	0.00000238
20	smelhng emanation	0.00000238
20	faeculent	0.00000238
20	chromogens	0.00000238
20	chromogen	0.00000238
20	olfactory twig	0.00000238
20	twig	0.00000238
20	scent intoxicant	0.00000238
20	olfactory manifestation	0.00000238
20	caffeine	0.00000238
20	fern	0.00000238
20	fern perfume	0.00000238
20	peffume	0.00000238
20	umperfume	0.00000238
20	scentman	0.00000238
20	snoll	0.00000238
20	jrance	0.00000238
20	perfum - ed	0.00000238
20	odous	0.00000238
20	olfactory thickening	0.00000238
20	addhig	0.00000238
20	detergent	0.00000238
20	influ -	0.00000238
20	smelles	0.00000238
20	arance	0.00000238
20	odorous impression	0.00000238
20	vaiiour	0.00000238
20	odoilrs	0.00000238
20	perfume distillation	0.00000238
20	floral note	0.00000238
20	chemicalize	0.00000238
20	voure	0.00000238
20	antisep	0.00000238
20	ar	0.00000238
20	3erfume	0.00000238
20	bottle	0.00000238
20	growth	0.00000238
20	sebum	0.00000238
20	pegamoid	0.00000238
20	n p h r c e u	0.00000238
20	odoriferous savour	0.00000238
20	olfato	0.00000238
20	vopularverfume	0.00000238
20	aromatic acid	0.00000238
20	sniff smell	0.00000238
20	smeffe	0.00000238
20	fetit	0.00000238
20	aromatic grouping	0.00000238
20	smell jierfume	0.00000238
20	jierfume	0.00000238
20	f ch f ch f	0.00000238
20	aromatic hydroâ	0.00000238
20	smell mucus	0.00000238
20	saliva	0.00000238
20	arona	0.00000238
20	solanaceous	0.00000238
20	odot	0.00000238
20	effusus	0.00000238
20	sniff tic	0.00000238
20	label	0.00000238
20	skinke	0.00000238
20	fceitid	0.00000238
20	deodorant fragrance	0.00000238
20	odorous essential	0.00000238
20	sugar	0.00000238
20	perfume fixative	0.00000238
20	odour repellent	0.00000238
20	foul smelling	0.00000238
20	aromatic note	0.00000238
20	antiperspirant aerosol	0.00000238
20	eflluvia	0.00000238
20	perfumes ss	0.00000238
20	smelf	0.00000238
20	almond	0.00000238
20	odohze	0.00000238
20	odouris	0.00000238
20	perfumerie	0.00000238
20	perfume freshener	0.00000238
20	foul sludge	0.00000238
20	anolise	0.00000238
20	oonipresaed	0.00000238
20	fluff	0.00000238
20	scent impulse	0.00000238
20	aromaticâ	0.00000238
20	halation	0.00000238
20	aromatic oily	0.00000238
20	poisonous emanation	0.00000238
20	obnoxious effluvia	0.00000238
20	pungent aromatic	0.00000238
20	fetid catarrh	0.00000238
20	catarrh	0.00000238
20	electrical	0.00000238
20	aromatic flavour	0.00000238
20	aerosol deodorant	0.00000238
20	solvent	0.00000238
20	r n b r e	0.00000238
20	eliiuvia	0.00000238
20	aromacare	0.00000238
20	e r	0.00000238
20	perfume lancome	0.00000238
20	lancome	0.00000238
20	faetor	0.00000238
20	p p	0.00000238
20	spicier	0.00000238
20	dichromas	0.00000238
20	rance	0.00000238
20	stink diarrhoea	0.00000238
20	permeation	0.00000238
20	h h h h h h h h h h h h h h h	0.00000238
20	smell savourâ	0.00000238
20	meerstinz	0.00000238
20	purifying	0.00000238
20	aberrant	0.00000238
20	clfect	0.00000238
20	edema	0.00000238
20	g r ix x c	0.00000238
20	n	0.00000238
20	odoriferous mucus	0.00000238
20	scent - emit	0.00000238
20	on	0.00000238
20	dilu	0.00000238
20	tuation	0.00000238
20	vodour	0.00000238
20	olfactory aure	0.00000238
20	fennenta	0.00000238
20	hydrant	0.00000238
20	suggestive	0.00000238
20	collection	0.00000238
20	taetor	0.00000238
20	bonestink	0.00000238
20	perfume presentation	0.00000238
20	fetore	0.00000238
20	smello	0.00000238
20	jragrance	0.00000238
20	dilution	0.00000238
20	q b	0.00000238
20	aromatic troche	0.00000238
20	l e n h e r	0.00000238
20	purify	0.00000238
20	inhalant	0.00000238
20	sale	0.00000238
20	perfumerâ	0.00000238
20	perfume unguent	0.00000238
20	aromatic gum	0.00000238
20	perfume powder	0.00000238
20	fragrant oil	0.00000238
20	odoriferous gum	0.00000238
20	smellinge	0.00000238
20	pdrfume	0.00000238
20	me	0.00000238
20	effluvia smell	0.00000238
20	nauseous aloe	0.00000238
20	fragrance splendour	0.00000238
20	deodoris	0.00000238
20	lust	0.00000238
20	pimpemell	0.00000238
20	offensive smell	0.00000238
20	titillation	0.00000238
20	f f f	0.00000238
20	perfume constituent	0.00000238
20	perdifume	0.00000238
20	scented prepacke	0.00000238
20	prepacke	0.00000238
20	â	0.00000238
20	excrete	0.00000238
20	terror	0.00000238
20	perfume ecstasy	0.00000238
20	deek	0.00000238
20	osal	0.00000238
20	urinous	0.00000238
20	urinous odor	0.00000238
20	dip	0.00000238
20	sundour	0.00000238
20	line	0.00000238
20	scent odour	0.00000238
20	aromatic spirit	0.00000238
20	smell sensation	0.00000238
20	refuse	0.00000238
20	beautify	0.00000238
20	u r n l e	0.00000238
20	sent	0.00000238
20	spicy undertone	0.00000238
20	smelless	0.00000238
20	b b	0.00000238
20	provocative	0.00000238
20	monoxide	0.00000238
20	odour smelling	0.00000238
20	ologne	0.00000238
20	perfim	0.00000238
20	frame	0.00000238
20	crool	0.00000238
20	tinguishe	0.00000238
20	malodorous fume	0.00000238
20	sneez	0.00000238
20	odor fragrant	0.00000238
20	scent sense	0.00000238
20	newunperfume	0.00000238
20	c e r f c	0.00000238
20	f p - r e	0.00000238
20	yedour	0.00000238
20	embalm	0.00000238
20	c e f g h	0.00000238
20	insect	0.00000238
20	vromatic	0.00000238
20	cloy	0.00000238
20	offend fume	0.00000238
20	content	0.00000238
20	antagonism	0.00000238
20	h e e	0.00000238
20	incensw	0.00000238
20	psychotropic	0.00000238
20	unclean	0.00000238
20	aromatic odom	0.00000238
20	residuum	0.00000238
20	h u e r f	0.00000238
20	perfume oase	0.00000238
20	root	0.00000238
20	hydrate	0.00000238
20	rasp	0.00000238
20	friction	0.00000238
20	aromatic exhalation	0.00000238
20	odouv	0.00000238
20	olfactory highroad	0.00000238
20	oerfumed	0.00000238
20	perfume display	0.00000238
20	pill	0.00000238
20	cream perfume	0.00000238
20	savoure	0.00000238
20	grancy	0.00000238
20	odouru	0.00000238
20	b l	0.00000238
20	g r c x c	0.00000238
20	medicate	0.00000238
20	fetid hircus	0.00000238
20	hircus	0.00000238
20	fuse	0.00000238
20	urinate	0.00000238
20	e e n	0.00000238
20	odur	0.00000238
20	demulcent	0.00000238
20	desk	0.00000238
20	olfactory bulb	0.00000238
20	flatus	0.00000238
20	bergamot odour	0.00000238
20	deodorize inhalation	0.00000238
20	noser	0.00000238
20	paste	0.00000238
20	speciality	0.00000238
20	rubber	0.00000238
20	mouthwashe	0.00000238
20	chek	0.00000238
20	aromatic herbaceous	0.00000238
20	perfurm	0.00000238
20	perfume - bear	0.00000238
20	embrace	0.00000238
20	perfumeur	0.00000238
20	perfume vapour	0.00000238
20	aromatic balsamic	0.00000238
20	pesk	0.00000238
20	r p r 0	0.00000238
20	l e f r c h u e k n g w	0.00000238
20	dilu -	0.00000238
20	fragrant balsamic	0.00000238
20	compact	0.00000238
20	cordial	0.00000238
20	inhala	0.00000238
20	rabic	0.00000238
20	l e n	0.00000238
20	sundrie	0.00000238
20	smeu	0.00000238
20	smell putrid	0.00000238
20	ketol	0.00000238
20	aldehyd	0.00000238
20	odorf	0.00000238
20	odorous calling	0.00000238
20	fragrant perfume	0.00000238
20	l b r	0.00000238
20	odoriferous vapour	0.00000238
20	cacodylsmell	0.00000238
20	oyntment	0.00000238
20	snuffing	0.00000238
20	n r	0.00000238
20	aphis	0.00000238
20	bejewel	0.00000238
20	fetid ergastulum	0.00000238
20	ergastulum	0.00000238
20	atomiser	0.00000238
20	perfume ompound	0.00000238
20	membrance	0.00000238
20	perfume promotion	0.00000238
20	fetid vapours	0.00000238
20	bromamid	0.00000238
20	tation	0.00000238
20	manufactur	0.00000238
20	turbulence	0.00000238
20	ode	0.00000238
20	antiscor	0.00000238
20	odrur	0.00000238
20	smelh	0.00000238
20	k c u	0.00000238
20	inhala -	0.00000238
20	aromatis	0.00000238
20	aromaticity	0.00000238
20	oaour	0.00000238
20	stink addled	0.00000238
20	addle	0.00000238
20	acid	0.00000238
20	ur	0.00000238
20	meliiod	0.00000238
20	cfum	0.00000238
20	perfumen	0.00000238
20	jtind	0.00000238
20	douse	0.00000238
20	nauseat	0.00000238
20	e e e b e e e b b b b b e e e b e b b b b b e e b b e e e e e	0.00000238
20	perfume impregnate	0.00000238
20	choke	0.00000238
20	p p f au	0.00000238
20	chdour	0.00000238
20	r e e n p	0.00000238
20	goiit	0.00000238
20	comfort	0.00000238
20	profluvia	0.00000238
20	epistaxis	0.00000238
20	eczema	0.00000238
20	amines	0.00000238
20	dejecta	0.00000238
20	ette	0.00000238
20	smelll	0.00000238
20	perfume liqueur	0.00000238
20	oily odorous	0.00000238
20	make	0.00000238
20	pood	0.00000238
20	display	0.00000238
20	orsay perfume	0.00000238
20	inetie	0.00000238
20	e e e e e e e e e e e e e e e e	0.00000238
20	fetid expectoration	0.00000238
20	agglutinate	0.00000238
20	foul odor	0.00000238
20	perfume gift	0.00000238
20	oisone	0.00000238
20	aromatic poison	0.00000238
20	pungent essence	0.00000238
20	perfume sray	0.00000238
20	smell fragrant	0.00000238
20	phosphor	0.00000238
20	phosphor fume	0.00000238
20	ate	0.00000238
20	lido	0.00000238
20	prefume	0.00000238
20	ancy	0.00000238
20	gourd	0.00000238
20	brand	0.00000238
20	distributer	0.00000238
20	scent - patch	0.00000238
20	odo - riferous	0.00000238
20	riferous	0.00000238
20	scent - spot	0.00000238
20	fume smell	0.00000238
20	perfumesâ	0.00000238
20	foulâ	0.00000238
20	aflfect	0.00000238
20	odoriferous effluvia	0.00000238
20	odorous effiuvia	0.00000238
20	effiuvia	0.00000238
20	oxidiser	0.00000238
20	aerosols	0.00000238
20	odor fetido	0.00000238
20	fetido	0.00000238
20	smell sweet	0.00000238
20	sweeter	0.00000238
20	perfume monotone	0.00000238
20	wmod	0.00000238
20	e l	0.00000238
20	smell orfume	0.00000238
20	orfume	0.00000238
20	scent atomiser	0.00000238
20	fragrancie	0.00000238
20	tinate	0.00000238
20	caterpillar	0.00000238
20	apours	0.00000238
20	smell crust	0.00000238
20	crust	0.00000238
20	eetish	0.00000238
20	radcidity	0.00000238
20	smellim	0.00000238
20	fragrant od	0.00000238
20	perfuil	0.00000238
20	odor aromatic	0.00000238
20	smiff	0.00000238
20	polabsfum	0.00000238
20	parfum perfume	0.00000238
20	agrance	0.00000238
20	fragâ	0.00000238
20	odoari	0.00000238
20	fluctuation	0.00000238
20	parasite	0.00000238
20	e e e e b e b e b b e e e e e e b	0.00000238
20	aromatic deodorizer	0.00000238
20	fetid taint	0.00000238
20	savoureth	0.00000238
20	smellc	0.00000238
20	sraetl	0.00000238
20	perfec	0.00000238
20	suffrance	0.00000238
20	aromatischen	0.00000238
20	advertise	0.00000238
20	stink - ing	0.00000238
20	neuroma	0.00000238
20	fragrtlnce	0.00000238
20	aromatherapy	0.00000238
20	j	0.00000238
20	hoek	0.00000238
20	water	0.00000238
20	seething	0.00000238
20	tdour	0.00000238
20	equahnlroma	0.00000238
20	cdoure	0.00000238
20	appetizing flavor	0.00000238
20	smell fece	0.00000238
20	sniffle	0.00000238
20	vitriolic	0.00000238
20	occlu	0.00000238
20	offensive ejection	0.00000238
20	ejection	0.00000238
20	sour odour	0.00000238
20	stink nuisance	0.00000238
20	inhieradous	0.00000238
20	perfamery	0.00000238
20	odouiâ	0.00000238
20	smeâ	0.00000238
20	tliem	0.00000238
20	bromate	0.00000238
20	odorous poison	0.00000238
20	oâ	0.00000238
20	smelling -	0.00000238
20	perfu -	0.00000238
20	passage	0.00000238
20	exuding	0.00000238
20	smell odoriferous	0.00000238
20	linir	0.00000238
20	odoriferous perfume	0.00000238
20	sluff	0.00000238
20	ulcerate	0.00000238
20	nicofume	0.00000238
20	vapiour	0.00000238
20	adenofibroma	0.00000238
20	myofibroma	0.00000238
20	fekd	0.00000238
20	sp e c l e	0.00000238
20	deodorize fluid	0.00000238
20	b l f r	0.00000238
20	naxperfume	0.00000238
20	threeperfume	0.00000238
20	chromatin	0.00000238
20	olfactomotor	0.00000238
20	scent trail	0.00000238
20	oerfume	0.00000238
20	foule	0.00000238
20	olfactum	0.00000238
20	vapour odour	0.00000238
20	efamol	0.00000238
20	obnoxious nuisance	0.00000238
20	odoar	0.00000238
20	ffavour	0.00000238
20	vor	0.00000238
20	elixir	0.00000238
20	alkaline fetid	0.00000238
20	difierence	0.00000238
20	inhib	0.00000238
20	glycyrrhizin	0.00000238
20	odcur	0.00000238
20	unburne	0.00000238
20	nauseating vapor	0.00000238
20	stink turbid	0.00000238
20	eftiuvia	0.00000238
20	delight	0.00000238
20	olfactory foraman	0.00000238
20	mud	0.00000238
20	defecate	0.00000238
20	methylate	0.00000238
20	intoxicate essence	0.00000238
20	fetid odour	0.00000238
20	perfume - spray	0.00000238
20	scented essence	0.00000238
20	r n e b r r n e b r	0.00000238
20	r n e b r c r n e b r c r n e b r c r n e b r c r n e b r c r n e b r	0.00000238
20	perfu - mery	0.00000238
20	riavour	0.00000238
20	fecula	0.00000238
20	dize	0.00000238
20	fetid odorous	0.00000238
20	b l e	0.00000238
20	foul one	0.00000238
20	suppuration	0.00000238
20	aromatic ageusia	0.00000238
20	infuse odoriferous	0.00000238
20	bromid	0.00000238
20	offensive lochia	0.00000238
20	fumigat	0.00000238
20	nosy	0.00000238
20	orunpleasantodour	0.00000238
20	aromatic fragrance	0.00000238
20	r v e l	0.00000238
20	perfume spirituous	0.00000238
20	comb	0.00000238
20	fragr	0.00000238
20	e e e e e e e e e e e e e e e e e e e e e e e e e e e e e e e e e e e e e e e e e e e e e e e e e e e e e e e e e e e e e e e e e e e e c e e e e e e	0.00000238
20	citrus essence	0.00000238
20	affafetita	0.00000238
20	fragrance foam	0.00000238
20	tlavor	0.00000238
20	scent - make	0.00000238
20	oedema	0.00000238
20	efhuvia	0.00000238
20	deodorize foetid	0.00000238
20	deodorize smoking	0.00000238
20	odorif	0.00000238
20	odoriferous mat	0.00000238
20	rolour	0.00000238
20	breath stink	0.00000238
20	scented humour	0.00000238
20	wastinf	0.00000238
20	j f	0.00000238
20	aroma - tic	0.00000238
20	trate	0.00000238
20	deodorant aerosol	0.00000238
20	odor odor	0.00000238
20	odovr	0.00000238
20	stink oily	0.00000238
20	perfume pomatum	0.00000238
20	scented garland	0.00000238
20	fragrant greeting	0.00000238
20	greeting	0.00000238
20	nauseous fume	0.00000238
20	aromatic tar	0.00000238
20	fumesâ	0.00000238
20	mercurome	0.00000238
20	quisites	0.00000238
20	stinking mucus	0.00000238
20	toap	0.00000238
20	odoursâ	0.00000238
20	indour	0.00000238
20	wmdow	0.00000238
20	fetid sanious	0.00000238
20	phlogisticate	0.00000238
20	tablet perfume	0.00000238
20	oxidize deodorant	0.00000238
20	effeft	0.00000238
20	fragrant smoking	0.00000238
20	curl	0.00000238
20	fetid ichorous	0.00000238
20	scent tantalus	0.00000238
20	tantalus	0.00000238
20	j j n j f	0.00000238
20	perfume perukes	0.00000238
20	excitaâ	0.00000238
20	lalodour	0.00000238
20	fragrant vapour	0.00000238
20	ilafleur	0.00000238
20	w w w	0.00000238
20	cholonome	0.00000238
20	l u gh b r u	0.00000238
20	jjerfumer	0.00000238
20	eodorant	0.00000238
20	manufacture	0.00000238
20	manufacturing perfumer	0.00000238
20	vinegar	0.00000238
20	stead	0.00000238
20	freshener	0.00000238
20	iroma perfume	0.00000238
20	smell emit	0.00000238
20	es	0.00000238
20	citrus	0.00000238
20	arseniurette	0.00000238
20	smell anytlie	0.00000238
20	l b e r r e	0.00000238
20	c e n w	0.00000238
20	aromatic scrie	0.00000238
20	offensive vapor	0.00000238
20	pungent aldehyd	0.00000238
20	jf960perfume	0.00000238
20	e e e e e e e 13 e h e e e h	0.00000238
20	e e e h h h	0.00000238
20	v e r n g p r n e r	0.00000238
20	iris	0.00000238
20	odor fume	0.00000238
20	scent tint	0.00000238
20	fetid semifluid	0.00000238
20	semifluid	0.00000238
20	g g q q g	0.00000238
20	olfacton	0.00000238
20	spell perfume	0.00000238
20	filjre	0.00000238
20	oodvork	0.00000238
20	intoxi - cat	0.00000238
20	odoof	0.00000238
20	perfumeo	0.00000238
20	perfume concentrate	0.00000238
20	l	0.00000238
20	g h e n g n e e r	0.00000238
20	accelerator	0.00000238
20	smell message	0.00000238
20	aromatic toxic	0.00000238
20	otto soap	0.00000238
20	sraoake	0.00000238
20	hadroma	0.00000238
20	fragrant oionic	0.00000238
20	oionic	0.00000238
20	flu	0.00000238
20	fetid secretiom	0.00000238
20	secretiom	0.00000238
20	fissur	0.00000238
20	puffing	0.00000238
20	anointing	0.00000238
20	timiour	0.00000238
20	obnoxious miasma	0.00000238
20	crave	0.00000238
20	suk	0.00000238
20	aromata	0.00000238
20	ftetor	0.00000238
20	e e n e	0.00000238
20	foul adours	0.00000238
20	ume	0.00000238
20	otlour	0.00000238
20	gimmick	0.00000238
20	refilt	0.00000238
20	smell kiss	0.00000238
20	smeltof	0.00000238
20	perfume unperfumed	0.00000238
20	olfactory element	0.00000238
20	odoux	0.00000238
20	oxidi	0.00000238
20	ttiparfum	0.00000238
20	scented spray	0.00000238
20	scentstrips	0.00000238
20	deparfum	0.00000238
20	dote	0.00000238
20	smeff	0.00000238
20	alkaline aqueous	0.00000238
20	essence scent	0.00000238
20	ime	0.00000238
20	exhaul	0.00000238
20	exhaul fume	0.00000238
20	ving	0.00000238
20	nauseating chemical	0.00000238
20	whiff smell	0.00000238
20	aromatic carpel	0.00000238
20	sniil	0.00000238
20	intoxiâ	0.00000238
20	dichromatic	0.00000238
20	pandour	0.00000238
20	confute	0.00000238
20	immellowe	0.00000238
20	smell impression	0.00000238
20	tip	0.00000238
20	product	0.00000238
20	b r u k k e n e u k x l l u r l r	0.00000238
20	perfumes dertol	0.00000238
20	dertol	0.00000238
20	e r c	0.00000238
20	n b u r	0.00000238
20	alluring perfume	0.00000238
20	perfumery trifle	0.00000238
20	sell	0.00000238
20	condition	0.00000238
20	cantharide	0.00000238
20	izer	0.00000238
20	sauce	0.00000238
20	5mell	0.00000238
20	l e e v	0.00000238
20	perfume toilet	0.00000238
20	cedour	0.00000238
20	smell anse	0.00000238
20	scent strip	0.00000238
20	aorid	0.00000238
20	fections	0.00000238
20	noisome vapour	0.00000238
20	smell efliuvia	0.00000238
20	e e e e e e e	0.00000238
20	sterilize	0.00000238
20	scented spirituous	0.00000238
20	terpene	0.00000238
20	xtink	0.00000238
20	catchpit	0.00000238
20	disturbance	0.00000238
20	frothy mucus	0.00000238
20	e r u p p l	0.00000238
20	tiding	0.00000238
20	iridescent sheen	0.00000238
20	drank	0.00000238
20	olfactory emanation	0.00000238
20	perfume pleasure	0.00000238
20	offensive air	0.00000238
20	b u r r u g	0.00000238
20	smell indol	0.00000238
20	intoxicat ing	0.00000238
20	aim	0.00000238
20	cess	0.00000238
20	pit	0.00000238
20	acne	0.00000238
20	troma	0.00000238
20	n c	0.00000238
20	odour fluid	0.00000238
20	sninke	0.00000238
20	confusum	0.00000238
20	ovfume	0.00000238
20	offensive weed	0.00000238
20	weed	0.00000238
20	perfumj	0.00000238
20	smell spray	0.00000238
20	fragrant germicidal	0.00000238
20	germicidal	0.00000238
20	offensive liquid	0.00000238
20	ofttime	0.00000238
20	effiuvium	0.00000238
20	nitrolime	0.00000238
20	fetid sludge	0.00000238
20	sycomorus	0.00000238
20	sycomoru	0.00000238
20	oline	0.00000238
20	reek splendour	0.00000238
20	outbreak	0.00000238
20	ijerfume	0.00000238
20	5erfume	0.00000238
20	perfume extract	0.00000238
20	putrefactive	0.00000238
20	fasculent	0.00000238
20	foul accumulation	0.00000238
20	chiasm	0.00000238
20	olfactory chiasm	0.00000238
20	rifake	0.00000238
20	bodyspray	0.00000238
20	stink phlegm	0.00000238
20	bismuth	0.00000238
20	fragrancing	0.00000238
20	odoriferous aromatic	0.00000238
20	stuek	0.00000238
20	scent - ed	0.00000238
20	utdoor	0.00000238
20	pharmaceutical	0.00000238
20	permeate vapour	0.00000238
20	om	0.00000238
20	ase	0.00000238
20	fragrancer	0.00000238
20	smell anise	0.00000238
20	erfumery	0.00000238
20	smelung	0.00000238
20	e r p l	0.00000238
20	stink wattar	0.00000238
20	effec	0.00000238
20	obnoxious exhaust	0.00000238
20	noxious exhaust	0.00000238
20	tricolor	0.00000238
20	olfactory disturbance	0.00000238
20	olfactory perception	0.00000238
20	odorous mucous	0.00000238
20	olfactory monomania	0.00000238
20	perfume liquid	0.00000238
20	odorafus	0.00000238
20	odorafu	0.00000238
20	offensive gas	0.00000238
20	stinkest	0.00000238
20	scent sneeze	0.00000238
20	scented perfume	0.00000238
20	nnscente	0.00000238
20	photophobia	0.00000238
20	bake	0.00000238
20	smell ichorous	0.00000238
20	scent hue	0.00000238
20	fetid ichor	0.00000238
20	sidizing	0.00000238
20	requisites	0.00000238
20	idesk	0.00000238
20	perfume hint	0.00000238
20	fetime	0.00000238
20	impregnated deodorant	0.00000238
20	mould	0.00000238
20	aimant	0.00000238
20	troaes	0.00000238
20	odnur	0.00000238
20	bellow	0.00000238
20	aqueous vapour	0.00000238
20	allergic	0.00000238
20	aromatic amine	0.00000238
20	snuff taker	0.00000238
20	odoriferous smell	0.00000238
20	f j	0.00000238
20	smelie	0.00000238
20	emanate	0.00000238
20	fog	0.00000238
20	langour	0.00000238
20	iodorant	0.00000238
20	liqueur essence	0.00000238
20	ance	0.00000238
20	scent compound	0.00000238
20	scents perfume	0.00000238
20	herbaceous aromatic	0.00000238
20	foul foetor	0.00000238
20	aromatic sulfuric	0.00000238
20	smell smelt	0.00000238
20	phonochroma	0.00000238
20	odor fem	0.00000238
20	fcetid vapour	0.00000238
20	deodori	0.00000238
20	smell discharge	0.00000238
20	smell smut	0.00000238
20	feme	0.00000238
20	l e n l	0.00000238
20	smelllug	0.00000238
20	odorous oily	0.00000238
20	tize	0.00000238
20	scent scent	0.00000238
20	aromatic blend	0.00000238
20	odor fetid	0.00000238
20	noxious emission	0.00000238
20	fetid morbific	0.00000238
20	morbific	0.00000238
20	noisome fume	0.00000238
20	perfumette	0.00000238
20	perfume line	0.00000238
20	l v e r e r	0.00000238
20	ducer	0.00000238
20	reeked	0.00000238
20	perfumr	0.00000238
20	mell	0.00000238
20	bdour	0.00000238
20	tange	0.00000238
20	ether	0.00000238
20	scent - give	0.00000238
20	give	0.00000238
20	ffour	0.00000238
20	asthma	0.00000238
20	galenical	0.00000238
20	hudnut	0.00000238
20	diffus	0.00000238
20	stiniuh	0.00000238
20	snuâ	0.00000238
20	other	0.00000238
20	olfactory influence	0.00000238
20	fcmell	0.00000238
20	escape	0.00000238
20	scent - produce	0.00000238
20	haddenham	0.00000238
20	- mery	0.00000238
20	nostrum	0.00000238
20	contagious	0.00000238
20	contagious air	0.00000238
20	oqdour	0.00000238
20	sdour	0.00000238
20	gleam	0.00000238
20	pdour	0.00000238
20	aromather	0.00000238
20	spiee	0.00000238
20	perfume seepage	0.00000238
20	intoxicate aromatic	0.00000238
20	osteochondroma	0.00000238
20	charac	0.00000238
20	ter	0.00000238
20	whine	0.00000238
20	fetors	0.00000238
20	tiqueur	0.00000238
20	scent pirate	0.00000238
20	fermentation	0.00000238
20	whifi	0.00000238
20	ikiperfume	0.00000238
20	sniffed	0.00000238
20	diagran	0.00000238
20	odoriferous essence	0.00000238
20	fractured	0.00000238
20	sion	0.00000238
20	adours	0.00000238
20	q b q	0.00000238
20	perfume floral	0.00000238
20	eolor	0.00000238
20	fungous	0.00000238
21	fragrance	0.28821752
21	smell	0.13232628
21	odour	0.10211480
21	perfume	0.09546828
21	aromatic	0.05981873
21	fragrant	0.05075529
21	scent	0.05015106
21	stink	0.01993958
21	aroma	0.01631420
21	scented	0.01450151
21	odourless	0.01087613
21	olfactory	0.00966767
21	antiperspirant	0.00906344
21	head	0.00845921
21	odor	0.00725076
21	fume	0.00604230
21	smelly	0.00604230
21	perfumes	0.00543807
21	essential	0.00543807
21	reek	0.00483384
21	breath	0.00483384
21	parfum	0.00422961
21	snuff	0.00362538
21	stench	0.00362538
21	aromatize	0.00362538
21	sniff	0.00302115
21	fetid	0.00241692
21	incense	0.00241692
21	repellent	0.00241692
21	odorous	0.00241692
21	aerosol	0.00241692
21	perfume essence	0.00181269
21	aromas	0.00181269
21	deodorant	0.00181269
21	malodour	0.00181269
21	aromatick	0.00120846
21	frowzy	0.00120846
21	stanch	0.00120846
21	whore	0.00120846
21	spicy	0.00120846
21	essence	0.00120846
21	odour scent	0.00120846
21	odoriferous	0.00120846
21	perfum '	0.00120846
21	virid	0.00120846
21	fervent	0.00120846
21	offensive	0.00120846
21	malodorous	0.00120846
21	noxious	0.00120846
21	aromatise	0.00120846
21	imagery	0.00120846
21	stunk	0.00120846
21	inhale	0.00120846
21	aromatized	0.00120846
21	whiff	0.00120846
21	tangy	0.00120846
21	shimmer	0.00120846
21	festive	0.00120846
21	paraben	0.00120846
21	foul	0.00120846
21	aftershave	0.00120846
21	offend	0.00060423
21	exhale	0.00060423
21	sniffsniff	0.00060423
21	vapour	0.00060423
21	fragrancie	0.00060423
21	fragrancy	0.00060423
21	sweet	0.00060423
21	frankincense	0.00060423
21	nostril	0.00060423
21	scent mark	0.00060423
21	illicit	0.00060423
21	l p r	0.00060423
21	u r	0.00060423
21	smelt	0.00060423
21	texture	0.00060423
21	perfume -	0.00060423
21	toxin	0.00060423
21	chloasma	0.00060423
21	photosensitize	0.00060423
21	unperfume	0.00060423
21	aek	0.00060423
21	scald	0.00060423
21	hydrate	0.00060423
21	eek	0.00060423
21	perfume deodorant	0.00060423
21	fizz	0.00060423
21	fere	0.00060423
21	fragran	0.00060423
21	smell breath	0.00060423
21	inhaler	0.00060423
21	smoke	0.00060423
21	smoking	0.00060423
21	stinking fume	0.00060423
21	fragrance perfume	0.00060423
21	week	0.00060423
21	effew	0.00060423
21	note	0.00060423
21	smog	0.00060423
21	fragrance -	0.00060423