century	word	freq_normal
16	smell	0.30096634
16	stink	0.18420526
16	perfume	0.07257581
16	odour	0.06244585
16	odoriferous	0.06157947
16	fragrant	0.04405198
16	smel	0.02319227
16	odor	0.02139287
16	sauour	0.02052649
16	fmell	0.01446185
16	stench	0.01386205
16	stinke	0.00999667
16	breath	0.00886371
16	fume	0.00826391
16	stincke	0.00753082
16	smelleth	0.0065978
16	send	0.0053982
16	odoure	0.0047984
16	scent	0.00433189
16	fmelle	0.0041986
16	perfumes	0.00399867
16	smelle	0.002999
16	aroma	0.00293236
16	stinch	0.00266578
16	stenche	0.00259913
16	smelles	0.00253249
16	parfume	0.00246584
16	licour	0.0023992
16	noisome	0.00219927
16	fetor	0.00219927
16	odore	0.00213262
16	reek	0.00199933
16	snuff	0.0017994
16	stin	0.00173276
16	stinketh	0.00159947
16	vapour	0.00146618
16	fetid	0.00133289
16	stincking	0.00133289
16	stinkyng	0.00126624
16	foule	0.00106631
16	noysome	0.00106631
16	pestiferous	0.00099967
16	lycour	0.00099967
16	smellinge	0.00093302
16	aromatic	0.00093302
16	ocour	0.00086638
16	odorem	0.00079973
16	snuffe	0.00079973
16	ooour	0.00079973
16	aromatike	0.00073309
16	stinche	0.00073309
16	smels	0.00073309
16	oximell	0.00066644
16	savour	0.0005998
16	breathe	0.0005998
16	stank	0.0005998
16	aromatise	0.0005998
16	aromaticus	0.0005998
16	sapour	0.00053316
16	foul	0.00053316
16	aromaticall	0.00053316
16	oyle	0.00053316
16	smelly	0.00053316
16	stunk	0.00046651
16	ferous	0.00046651
16	odorife	0.00046651
16	aromatick	0.00046651
16	nose	0.00039987
16	smeller	0.00039987
16	odouris	0.00039987
16	fauour	0.00039987
16	smokie	0.00039987
16	olfactus	0.00039987
16	filthy	0.00039987
16	putrid	0.00039987
16	effeminate	0.00039987
16	vile	0.00039987
16	odorous	0.00039987
16	fmelleth	0.00039987
16	stincketh	0.00033322
16	aromatize	0.00033322
16	odori	0.00033322
16	sauor	0.00033322
16	spice	0.00033322
16	venemous	0.00033322
16	smeld	0.00026658
16	fragra	0.00026658
16	oyntment	0.00026658
16	confume	0.00026658
16	odo	0.00026658
16	odoriferus	0.00026658
16	contagious	0.00026658
16	perfum	0.00026658
16	odoror	0.00026658
16	perfumer	0.00026658
16	suffumigation	0.00026658
16	stinckyng	0.00026658
16	scente	0.00026658
16	odorifferous	0.00026658
16	stencheth	0.00026658
16	fmel	0.00026658
16	ordour	0.00019993
16	smelling	0.00019993
16	flagrant	0.00019993
16	olfacto	0.00019993
16	perfumde	0.00019993
16	sweete	0.00019993
16	spel	0.00019993
16	odoryferous	0.00019993
16	musick	0.00019993
16	incense	0.00019993
16	fumes	0.00019993
16	whiff	0.00019993
16	puff	0.00019993
16	famish	0.00019993
16	odeur	0.00019993
16	hoate	0.00019993
16	aromaticke	0.00019993
16	stanke	0.00019993
16	vnholsome	0.00019993
16	smele	0.00019993
16	odorate	0.00019993
16	nostril	0.00019993
16	vncleane	0.00019993
16	ing	0.00019993
16	odoratiora	0.00019993
16	medow	0.00019993
16	shittim	0.00013329
16	virule	0.00013329
16	cammell	0.00013329
16	aperfume	0.00013329
16	ncense	0.00013329
16	stenchinge	0.00013329
16	fection	0.00013329
16	garland	0.00013329
16	perfec	0.00013329
16	andsweetsmelle	0.00013329
16	wellsmelle	0.00013329
16	offend	0.00013329
16	encense	0.00013329
16	oderiferous	0.00013329
16	stinkin	0.00013329
16	smok	0.00013329
16	tast	0.00013329
16	welsmelle	0.00013329
16	vapours	0.00013329
16	aromata	0.00013329
16	sauoure	0.00013329
16	withodoriferous	0.00013329
16	perfumyng	0.00013329
16	ful	0.00013329
16	ordoure	0.00013329
16	ydolatrous	0.00013329
16	camomell	0.00013329
16	hearb	0.00013329
16	corrupt	0.00013329
16	suffitus	0.00013329
16	aromatico	0.00013329
16	odorato	0.00013329
16	sente	0.00013329
16	perfumo	0.00013329
16	reeke	0.00013329
16	mistie	0.00013329
16	parfums	0.00013329
16	perfumé	0.00013329
16	perfumement	0.00013329
16	stinck	0.00013329
16	thefume	0.00013329
16	stincho	0.00013329
16	odourous	0.00013329
16	detestable	0.00013329
16	iferous	0.00013329
16	aromatyzate	0.00013329
16	goatish	0.00013329
16	daungerous	0.00013329
16	séeke	0.00013329
16	pestilent	0.00013329
16	stynke	0.00013329
16	socour	0.00013329
16	caue	0.00013329
16	rauenous	0.00013329
16	odorouse	0.00013329
16	pleasant	0.00013329
16	forsayd	0.00013329
16	fragrancie	0.00013329
16	fulsome	0.00013329
16	slauish	0.00013329
16	asstinke	0.00013329
16	oysome	0.00013329
16	dour	0.00013329
16	peractus	0.00013329
16	coulour	0.00013329
16	camamell	0.00013329
16	horrour	0.00013329
16	flud	0.00013329
16	resplendour	0.00013329
16	hellish	0.00013329
16	abominable	0.00013329
16	fylthy	0.00013329
16	stinkinge	0.00013329
16	ieperdous	0.00013329
16	lothsome	0.00013329
16	hainous	0.00013329
16	riferous	0.00013329
16	aromati	0.00013329
16	fauore	0.00013329
16	odyous	0.00013329
16	perfu	0.00013329
16	sauere	0.00013329
16	snuf	0.00013329
16	stinc	0.00013329
16	poysone	0.00013329
16	brutish	0.00013329
16	filthie	0.00013329
16	ointmente	0.00013329
16	appetid	0.00013329
16	contemptible	0.00013329
16	scented	0.00013329
16	noxious	0.00013329
16	infectious	0.00013329
16	obaur	0.00013329
16	virofum	0.00013329
16	fomentacion	0.00013329
16	fent	0.00013329
16	fuffume	0.00013329
16	odoziferous	0.00013329
16	sufuf	0.00013329
16	fetide	0.00013329
16	dianifum	0.00013329
16	belfome	0.00013329
16	fooulb	0.00013329
16	fufo	0.00013329
16	fectious	0.00013329
16	effetiuall	0.00013329
16	feolfome	0.00013329
16	obtferous	0.00013329
16	fweet	0.00013329
16	lauour	0.00013329
16	cheke	6.664e-05
16	exhale	6.664e-05
16	thedoctrine	6.664e-05
16	feine	6.664e-05
16	diademes	6.664e-05
16	vapur	6.664e-05
16	feruour	6.664e-05
16	indow	6.664e-05
16	corruption	6.664e-05
16	feedingamong	6.664e-05
16	odora	6.664e-05
16	lyperfume	6.664e-05
16	sweetesmell	6.664e-05
16	miste	6.664e-05
16	apud	6.664e-05
16	splendour	6.664e-05
16	oderous	6.664e-05
16	puffing	6.664e-05
16	séemely	6.664e-05
16	smoake	6.664e-05
16	feel	6.664e-05
16	swelt	6.664e-05
16	trammelle	6.664e-05
16	sweetene	6.664e-05
16	chase	6.664e-05
16	parfumer	6.664e-05
16	aromate	6.664e-05
16	superiours	6.664e-05
16	souldiour	6.664e-05
16	fetour	6.664e-05
16	schupe	6.664e-05
16	waffing	6.664e-05
16	smellis	6.664e-05
16	brodmell	6.664e-05
16	breathing	6.664e-05
16	kiss	6.664e-05
16	trifle	6.664e-05
16	candoure	6.664e-05
16	finesmell	6.664e-05
16	rupt	6.664e-05
16	stifle	6.664e-05
16	medowe	6.664e-05
16	faggot	6.664e-05
16	alluring	6.664e-05
16	sauore	6.664e-05
16	smuke	6.664e-05
16	buzz	6.664e-05
16	goo	6.664e-05
16	gnash	6.664e-05
16	heretike	6.664e-05
16	odorare	6.664e-05
16	sauoured	6.664e-05
16	smackt	6.664e-05
16	delectable	6.664e-05
16	tasteth	6.664e-05
16	sent	6.664e-05
16	perfuming	6.664e-05
16	cullour	6.664e-05
16	goume	6.664e-05
16	felte	6.664e-05
16	sweetesmel	6.664e-05
16	inammell	6.664e-05
16	whiffing	6.664e-05
16	andfume	6.664e-05
16	sucour	6.664e-05
16	haue	6.664e-05
16	filthiecolour	6.664e-05
16	somesink	6.664e-05
16	ismelte	6.664e-05
16	wouldparfume	6.664e-05
16	toparfume	6.664e-05
16	sweeteodour	6.664e-05
16	sweeteodours	6.664e-05
16	essence	6.664e-05
16	gouernour	6.664e-05
16	lineament	6.664e-05
16	balme	6.664e-05
16	hydromell	6.664e-05
16	nosethrille	6.664e-05
16	sauours	6.664e-05
16	sweteperfume	6.664e-05
16	smal	6.664e-05
16	incenseth	6.664e-05
16	semely	6.664e-05
16	smellys	6.664e-05
16	behauour	6.664e-05
16	perfumd	6.664e-05
16	parfumes	6.664e-05
16	doth	6.664e-05
16	oratour	6.664e-05
16	smelie	6.664e-05
16	smellingfume	6.664e-05
16	conueyodour	6.664e-05
16	prefumed	6.664e-05
16	prefume	6.664e-05
16	indeuour	6.664e-05
16	oyntmente	6.664e-05
16	myrrour	6.664e-05
16	stynkyng	6.664e-05
16	noyfull	6.664e-05
16	tryuiall	6.664e-05
16	odord	6.664e-05
16	stanch	6.664e-05
16	odout	6.664e-05
16	cense	6.664e-05
16	spicery	6.664e-05
16	stunke	6.664e-05
16	membrance	6.664e-05
16	smellyng	6.664e-05
16	skum	6.664e-05
16	yourstinke	6.664e-05
16	yourstinking	6.664e-05
16	vagrant	6.664e-05
16	befumde	6.664e-05
16	vapor	6.664e-05
16	synomom	6.664e-05
16	réeke	6.664e-05
16	smelte	6.664e-05
16	liueline	6.664e-05
16	nosthrill	6.664e-05
16	swéete	6.664e-05
16	postume	6.664e-05
16	filth	6.664e-05
16	thefilth	6.664e-05
16	els	6.664e-05
16	counterfete	6.664e-05
16	mud	6.664e-05
16	valour	6.664e-05
16	frind	6.664e-05
16	herbe	6.664e-05
16	saluiour	6.664e-05
16	offendour	6.664e-05
16	fragrance	6.664e-05
16	sweetesmelle	6.664e-05
16	snuffing	6.664e-05
16	smelde	6.664e-05
16	odoriferant	6.664e-05
16	floud	6.664e-05
16	carkas	6.664e-05
16	taste	6.664e-05
16	snort	6.664e-05
16	quour	6.664e-05
16	befume	6.664e-05
16	stifeled	6.664e-05
16	fauiour	6.664e-05
16	amorour	6.664e-05
16	perfumeth	6.664e-05
16	noynte	6.664e-05
16	pyle	6.664e-05
16	gumme	6.664e-05
16	sweetne	6.664e-05
16	polluted	6.664e-05
16	pollute	6.664e-05
16	hearbes	6.664e-05
16	fmelleo	6.664e-05
16	luff	6.664e-05
16	polfumc	6.664e-05
16	polfume	6.664e-05
16	fetit	6.664e-05
16	nodhrill	6.664e-05
16	feapour	6.664e-05
16	fele	6.664e-05
16	tmell	6.664e-05
16	gmafmell	6.664e-05
16	gajofmell	6.664e-05
16	ooours	6.664e-05
16	fmelltng	6.664e-05
16	ttinke	6.664e-05
16	perfumcs	6.664e-05
16	tinge	6.664e-05
16	pleafure	6.664e-05
16	diuerfum	6.664e-05
16	fapor	6.664e-05
16	odoratir	6.664e-05
16	vfum	6.664e-05
16	perfumar	6.664e-05
16	perfutne	6.664e-05
16	mmell	6.664e-05
16	efume	6.664e-05
16	frocbifccs	6.664e-05
16	tbefmell	6.664e-05
16	offtneetefmell	6.664e-05
16	befmell	6.664e-05
16	thefame	6.664e-05
16	cmell	6.664e-05
16	pecfume	6.664e-05
16	fpume	6.664e-05
16	faucur	6.664e-05
16	ganfofmell	6.664e-05
16	fimell	6.664e-05
16	rume	6.664e-05
16	tonfume	6.664e-05
16	ojeame	6.664e-05
16	foulcs	6.664e-05
16	ponour	6.664e-05
16	sfe	6.664e-05
16	fetors	6.664e-05
16	fetij	6.664e-05
16	aromaticum	6.664e-05
16	stem	6.664e-05
16	dofume	6.664e-05
16	tbeperfume	6.664e-05
16	fmellr	6.664e-05
16	fiflfonte	6.664e-05
17	smell	0.25674578
17	stink	0.16774614
17	perfume	0.07598012
17	odour	0.06451943
17	fragrant	0.05384914
17	scent	0.04322275
17	odoriferous	0.03731676
17	fmell	0.01997936
17	putrid	0.01708858
17	odor	0.01548584
17	stench	0.01473204
17	savour	0.01386114
17	fume	0.01020923
17	fetid	0.00994577
17	smel	0.00903828
17	breath	0.00886996
17	aromatick	0.00816007
17	fmelle	0.00637437
17	odorous	0.00624995
17	reek	0.00623532
17	aromatic	0.00576694
17	foul	0.00464721
17	send	0.00414224
17	scented	0.00392269
17	stinke	0.00360068
17	snuff	0.00289811
17	sauour	0.00288347
17	vapour	0.00283956
17	fragrancy	0.00279565
17	perfumes	0.0027371
17	effluvia	0.00251023
17	aroma	0.00245168
17	olfactory	0.00231995
17	noysome	0.00220285
17	stunk	0.0021809
17	smelleth	0.00215162
17	noisome	0.00210039
17	noxious	0.00205648
17	aromatize	0.00195403
17	aromatical	0.00184425
17	aromaticall	0.00174911
17	odorate	0.0017052
17	stank	0.00151492
17	confume	0.00133928
17	stincke	0.00132464
17	fweet	0.00124414
17	odore	0.00118559
17	effluvium	0.00105386
17	sapour	0.00103922
17	fmel	0.00093676
17	nauseous	0.00092212
17	infufe	0.00090749
17	whiff	0.00086358
17	smels	0.00085626
17	offensive	0.00082698
17	nose	0.00081235
17	stinketh	0.00076844
17	savor	0.00076112
17	stinck	0.00069525
17	stinch	0.00068793
17	ferous	0.00065866
17	sweet	0.0006367
17	ing	0.00060743
17	odorem	0.00057816
17	perfumer	0.00057084
17	snuffe	0.00057084
17	odorife	0.00056352
17	sulphur	0.00054888
17	nostril	0.00054157
17	fragrance	0.00050497
17	vapours	0.00049034
17	spice	0.0004757
17	exhalation	0.0004757
17	infufion	0.0004757
17	obnoxious	0.00045374
17	odo	0.00043911
17	stin	0.00042447
17	florid	0.00042447
17	fmelt	0.00040983
17	viscous	0.00040251
17	taste	0.00037324
17	aromata	0.00037324
17	strew	0.00036592
17	fetor	0.0003586
17	odori	0.0003586
17	pestiferous	0.00035129
17	stenche	0.00033665
17	faetid	0.00032933
17	fetids	0.00032933
17	emanation	0.00032201
17	aromatise	0.00031469
17	confufe	0.00031469
17	aromaticus	0.00030737
17	incense	0.00030006
17	garlick	0.00030006
17	stanch	0.00029274
17	stincking	0.00028542
17	vapor	0.00028542
17	riferous	0.00028542
17	smoak	0.0002781
17	sent	0.0002781
17	odorable	0.00026346
17	candour	0.00024883
17	nerve	0.00024883
17	feculent	0.00024883
17	drink	0.00024151
17	dour	0.00024151
17	whiffing	0.00023419
17	fent	0.00023419
17	pungent	0.00023419
17	foetid	0.00023419
17	inodorous	0.00022687
17	effeminate	0.00021223
17	olfactus	0.00021223
17	aromatique	0.00020492
17	loathsome	0.00020492
17	fuliginous	0.0001976
17	breathe	0.00019028
17	spicy	0.00019028
17	perfum	0.00019028
17	oderiferous	0.00019028
17	frigid	0.00019028
17	pretious	0.00018296
17	fragran	0.00018296
17	aromaticke	0.00017564
17	odoratory	0.00016832
17	odourable	0.00016832
17	odoriserous	0.00016101
17	ness	0.00016101
17	foule	0.00016101
17	fece	0.00016101
17	prefume	0.00015369
17	ftinke	0.00015369
17	splendour	0.00014637
17	faetor	0.00014637
17	fectious	0.00014637
17	exhale	0.00014637
17	intoxicate	0.00014637
17	olfactive	0.00014637
17	odorament	0.00013905
17	vour	0.00013905
17	oyntment	0.00013905
17	musick	0.00013905
17	noysom	0.00013905
17	corrupt	0.00013905
17	vigour	0.00013173
17	meek	0.00013173
17	aromatics	0.00013173
17	odeur	0.00013173
17	odorant	0.00013173
17	liquour	0.00013173
17	vifcous	0.00013173
17	smelles	0.00012441
17	sente	0.00012441
17	superfluous	0.00012441
17	stunke	0.00012441
17	putrifye	0.00012441
17	fragrancie	0.0001171
17	filthy	0.0001171
17	putrifie	0.0001171
17	fetide	0.0001171
17	perfe	0.0001171
17	fauour	0.00010978
17	parfume	0.00010978
17	embalm	0.00010978
17	unsavory	0.00010978
17	poysonous	0.00010978
17	savours	0.00010978
17	smelly	0.00010978
17	imell	0.00010978
17	fetidness	0.00010246
17	stinche	0.00010246
17	inferiour	0.00010246
17	odoure	0.00010246
17	odorifferous	0.00010246
17	theperfume	0.00010246
17	horrour	0.00010246
17	acrid	0.00010246
17	smokie	0.00010246
17	stanke	0.00010246
17	lour	0.00010246
17	fmelleth	0.00010246
17	intolerable	9.514e-05
17	virulent	9.514e-05
17	caustick	9.514e-05
17	tast	8.782e-05
17	perfumeth	8.782e-05
17	touch	8.782e-05
17	smeld	8.782e-05
17	vile	8.782e-05
17	smelling	8.782e-05
17	suaveolent	8.782e-05
17	fetida	8.782e-05
17	fuccour	8.782e-05
17	treafure	8.05e-05
17	refufe	8.05e-05
17	infus	8.05e-05
17	membrance	8.05e-05
17	smelle	8.05e-05
17	fevor	8.05e-05
17	doth	8.05e-05
17	loathsom	8.05e-05
17	tafle	8.05e-05
17	fetin	8.05e-05
17	breathing	7.318e-05
17	fpice	7.318e-05
17	ftink	7.318e-05
17	puff	7.318e-05
17	suffumigation	7.318e-05
17	smeller	7.318e-05
17	essence	7.318e-05
17	famish	7.318e-05
17	flegmatick	7.318e-05
17	aqueous	7.318e-05
17	offend	7.318e-05
17	filth	7.318e-05
17	pleasant	7.318e-05
17	odorus	6.587e-05
17	fimell	6.587e-05
17	antidot	6.587e-05
17	medow	6.587e-05
17	nasty	6.587e-05
17	odora	6.587e-05
17	stunck	6.587e-05
17	blush	6.587e-05
17	terrour	6.587e-05
17	licour	6.587e-05
17	lmell	6.587e-05
17	perfumd	5.855e-05
17	fpicy	5.855e-05
17	aromatization	5.855e-05
17	odorif	5.855e-05
17	fouler	5.855e-05
17	effluvi	5.855e-05
17	thefume	5.855e-05
17	powder	5.855e-05
17	vagrant	5.855e-05
17	stinction	5.855e-05
17	balsam	5.855e-05
17	aromatico	5.855e-05
17	astinke	5.855e-05
17	odorat	5.855e-05
17	soporiferous	5.855e-05
17	frondous	5.855e-05
17	frothy	5.855e-05
17	stinkard	5.855e-05
17	contagious	5.855e-05
17	confufion	5.855e-05
17	wholfome	5.855e-05
17	fweete	5.123e-05
17	steam	5.123e-05
17	sauor	5.123e-05
17	efflu	5.123e-05
17	impure	5.123e-05
17	feed	5.123e-05
17	ill	5.123e-05
17	parfum	5.123e-05
17	venomous	5.123e-05
17	oleous	5.123e-05
17	choak	5.123e-05
17	exteriour	5.123e-05
17	sudour	5.123e-05
17	greasy	5.123e-05
17	fragra	5.123e-05
17	vinous	5.123e-05
17	thefmell	5.123e-05
17	fmells	5.123e-05
17	confufed	5.123e-05
17	tallow	4.391e-05
17	whore	4.391e-05
17	gore	4.391e-05
17	sneeze	4.391e-05
17	garlicke	4.391e-05
17	putredinous	4.391e-05
17	aromat	4.391e-05
17	foetor	4.391e-05
17	odou	4.391e-05
17	liquor	4.391e-05
17	flegm	4.391e-05
17	humid	4.391e-05
17	pernicious	4.391e-05
17	smelt	4.391e-05
17	fetulent	4.391e-05
17	ofsmelle	4.391e-05
17	reeke	4.391e-05
17	parfumer	4.391e-05
17	rorid	4.391e-05
17	mellifluous	4.391e-05
17	sordid	4.391e-05
17	nidour	4.391e-05
17	herb	4.391e-05
17	fecte	4.391e-05
17	unsavoury	4.391e-05
17	mud	4.391e-05
17	odoriterous	4.391e-05
17	sulphureous	4.391e-05
17	pestilential	4.391e-05
17	sweetperfume	4.391e-05
17	noisom	4.391e-05
17	fragor	4.391e-05
17	fapour	4.391e-05
17	sapor	4.391e-05
17	ambient	4.391e-05
17	morbifick	4.391e-05
17	perfluous	4.391e-05
17	puffing	4.391e-05
17	fmoke	4.391e-05
17	nofe	4.391e-05
17	vifeous	4.391e-05
17	jmell	3.659e-05
17	feruour	3.659e-05
17	pungency	3.659e-05
17	odoriferus	3.659e-05
17	flagrant	3.659e-05
17	vertue	3.659e-05
17	refreshing	3.659e-05
17	spirituous	3.659e-05
17	olfacto	3.659e-05
17	odout	3.659e-05
17	aromaticum	3.659e-05
17	aromati	3.659e-05
17	fervour	3.659e-05
17	theodour	3.659e-05
17	exhala	3.659e-05
17	turd	3.659e-05
17	grance	3.659e-05
17	leek	3.659e-05
17	fungous	3.659e-05
17	hearb	3.659e-05
17	oily	3.659e-05
17	hum	3.659e-05
17	olfact	3.659e-05
17	perfu	3.659e-05
17	stinct	3.659e-05
17	aer	3.659e-05
17	scour	3.659e-05
17	superstitious	3.659e-05
17	pernitious	3.659e-05
17	ferment	3.659e-05
17	fervor	3.659e-05
17	rous	3.659e-05
17	frag	3.659e-05
17	fetit	3.659e-05
17	arife	3.659e-05
17	fimelle	3.659e-05
17	aromatife	3.659e-05
17	fome	3.659e-05
17	profufe	3.659e-05
17	nervofum	3.659e-05
17	oleofum	3.659e-05
17	pccky	2.927e-05
17	imelle	2.927e-05
17	whifpere	2.927e-05
17	smother	2.927e-05
17	pestilent	2.927e-05
17	perfec	2.927e-05
17	lust	2.927e-05
17	mucilaginous	2.927e-05
17	andsmell	2.927e-05
17	riour	2.927e-05
17	persume	2.927e-05
17	sweetne	2.927e-05
17	delicious	2.927e-05
17	avour	2.927e-05
17	pommell	2.927e-05
17	spick	2.927e-05
17	impregnate	2.927e-05
17	smoake	2.927e-05
17	theirsmell	2.927e-05
17	urinous	2.927e-05
17	phlegmatick	2.927e-05
17	olfactum	2.927e-05
17	parfums	2.927e-05
17	contagion	2.927e-05
17	ordour	2.927e-05
17	snuf	2.927e-05
17	ointment	2.927e-05
17	emparfumé	2.927e-05
17	enammelle	2.927e-05
17	balsamick	2.927e-05
17	valour	2.927e-05
17	scentless	2.927e-05
17	fucus	2.927e-05
17	odorise	2.927e-05
17	fection	2.927e-05
17	aliment	2.927e-05
17	ferid	2.927e-05
17	vaporous	2.927e-05
17	unclean	2.927e-05
17	odorious	2.927e-05
17	greasie	2.927e-05
17	odoratum	2.927e-05
17	flavorous	2.927e-05
17	sordidous	2.927e-05
17	frightful	2.927e-05
17	whiffe	2.927e-05
17	contemptible	2.927e-05
17	oyls	2.927e-05
17	aromas	2.927e-05
17	oximell	2.927e-05
17	scald	2.927e-05
17	stenchfull	2.927e-05
17	smoke	2.927e-05
17	eruginous	2.927e-05
17	lukewarm	2.927e-05
17	fusty	2.927e-05
17	snivel	2.927e-05
17	daub	2.927e-05
17	odoratus	2.927e-05
17	poifonous	2.927e-05
17	ttinke	2.927e-05
17	ttinking	2.927e-05
17	taft	2.927e-05
17	fele	2.927e-05
17	refume	2.927e-05
17	earomatick	2.927e-05
17	fwcecfmelle	2.927e-05
17	julepum	2.927e-05
17	acetofum	2.927e-05
17	fetidnef	2.927e-05
17	folid	2.927e-05
17	puttid	2.927e-05
17	peftilent	2.927e-05
17	aromate	2.196e-05
17	fragour	2.196e-05
17	whifper	2.196e-05
17	odoriferious	2.196e-05
17	faggot	2.196e-05
17	pallid	2.196e-05
17	garland	2.196e-05
17	hydromell	2.196e-05
17	bawd	2.196e-05
17	impostume	2.196e-05
17	feast	2.196e-05
17	snort	2.196e-05
17	pollute	2.196e-05
17	feel	2.196e-05
17	hearbe	2.196e-05
17	stinc	2.196e-05
17	tang	2.196e-05
17	poisonous	2.196e-05
17	ofperfume	2.196e-05
17	unhealthy	2.196e-05
17	acour	2.196e-05
17	sanious	2.196e-05
17	santsmell	2.196e-05
17	smelst	2.196e-05
17	fer	2.196e-05
17	fel	2.196e-05
17	stinkest	2.196e-05
17	infuse	2.196e-05
17	odorum	2.196e-05
17	fluvia	2.196e-05
17	andperfume	2.196e-05
17	vnsauorie	2.196e-05
17	effluviate	2.196e-05
17	stencher	2.196e-05
17	stenching	2.196e-05
17	thatperfume	2.196e-05
17	asmell	2.196e-05
17	theodoriferous	2.196e-05
17	gleet	2.196e-05
17	errour	2.196e-05
17	venom	2.196e-05
17	wholsome	2.196e-05
17	stinking	2.196e-05
17	foulde	2.196e-05
17	scenta	2.196e-05
17	screeking	2.196e-05
17	perfor	2.196e-05
17	odotiferous	2.196e-05
17	sweetesmelle	2.196e-05
17	smele	2.196e-05
17	festre	2.196e-05
17	sweeten	2.196e-05
17	hue	2.196e-05
17	mostodoriferous	2.196e-05
17	persum	2.196e-05
17	perfuming	2.196e-05
17	filthiness	2.196e-05
17	stencheth	2.196e-05
17	fetour	2.196e-05
17	grace	2.196e-05
17	nointe	2.196e-05
17	brackish	2.196e-05
17	sweetsavour	2.196e-05
17	black	2.196e-05
17	putrefy	2.196e-05
17	sonorifick	2.196e-05
17	aloe	2.196e-05
17	petfume	2.196e-05
17	lycour	2.196e-05
17	odorato	2.196e-05
17	pomatum	2.196e-05
17	corruption	2.196e-05
17	putrefied	2.196e-05
17	odouris	2.196e-05
17	eek	2.196e-05
17	sweete	2.196e-05
17	lineall	2.196e-05
17	smocke	2.196e-05
17	appetit	2.196e-05
17	venimous	2.196e-05
17	ufually	2.196e-05
17	fnuffe	2.196e-05
17	feetor	2.196e-05
17	infuper	2.196e-05
17	oman	2.196e-05
17	dtink	2.196e-05
17	odoiir	2.196e-05
17	odorare	2.196e-05
17	odoriferant	2.196e-05
17	wholefome	2.196e-05
17	diflufe	2.196e-05
17	fwcet	2.196e-05
17	offmell	2.196e-05
17	odoriforous	2.196e-05
17	favour	2.196e-05
17	univerfum	2.196e-05
17	ferve	2.196e-05
17	alfume	2.196e-05
17	ufe	2.196e-05
17	tize	2.196e-05
17	bituminofum	2.196e-05
17	balfamick	2.196e-05
17	cafhifie	1.464e-05
17	vapoury	1.464e-05
17	dofmell	1.464e-05
17	ardour	1.464e-05
17	fumptuous	1.464e-05
17	infufferabk	1.464e-05
17	stice	1.464e-05
17	fcalde	1.464e-05
17	prcfume	1.464e-05
17	snufs	1.464e-05
17	olfactorium	1.464e-05
17	stincketh	1.464e-05
17	odiferous	1.464e-05
17	mist	1.464e-05
17	dissolue	1.464e-05
17	ful	1.464e-05
17	theirodour	1.464e-05
17	lethmost	1.464e-05
17	durance	1.464e-05
17	turbid	1.464e-05
17	stenchy	1.464e-05
17	stinie	1.464e-05
17	stiny	1.464e-05
17	acid	1.464e-05
17	grateful	1.464e-05
17	nauseously	1.464e-05
17	doriferous	1.464e-05
17	havock	1.464e-05
17	odious	1.464e-05
17	darkesome	1.464e-05
17	polluted	1.464e-05
17	smoky	1.464e-05
17	libatio	1.464e-05
17	soperfume	1.464e-05
17	sauours	1.464e-05
17	odoriferousne	1.464e-05
17	stenchie	1.464e-05
17	venemous	1.464e-05
17	delitious	1.464e-05
17	nosegay	1.464e-05
17	stincus	1.464e-05
17	reeking	1.464e-05
17	lier	1.464e-05
17	poysone	1.464e-05
17	sulphurious	1.464e-05
17	strewd	1.464e-05
17	fulsom	1.464e-05
17	phlegmy	1.464e-05
17	sweetsmelle	1.464e-05
17	apour	1.464e-05
17	smok	1.464e-05
17	sweetodour	1.464e-05
17	perfumy	1.464e-05
17	nostrill	1.464e-05
17	infestant	1.464e-05
17	hisstinke	1.464e-05
17	fouly	1.464e-05
17	calamus	1.464e-05
17	sweetestsmelle	1.464e-05
17	trine	1.464e-05
17	erousfame	1.464e-05
17	odourof	1.464e-05
17	tiferous	1.464e-05
17	noysomness	1.464e-05
17	garish	1.464e-05
17	oxymell	1.464e-05
17	odourous	1.464e-05
17	teem	1.464e-05
17	odotous	1.464e-05
17	odoro	1.464e-05
17	fluous	1.464e-05
17	feer	1.464e-05
17	tardy	1.464e-05
17	louzey	1.464e-05
17	parfumé	1.464e-05
17	week	1.464e-05
17	smellnot	1.464e-05
17	withfoetid	1.464e-05
17	theeffluvium	1.464e-05
17	scentof	1.464e-05
17	excelleth	1.464e-05
17	factitious	1.464e-05
17	appetitious	1.464e-05
17	perfet	1.464e-05
17	unmeasur	1.464e-05
17	breathd	1.464e-05
17	corrosive	1.464e-05
17	ornament	1.464e-05
17	cansmell	1.464e-05
17	putrefaction	1.464e-05
17	nosed	1.464e-05
17	emparfumer	1.464e-05
17	odoration	1.464e-05
17	odoré	1.464e-05
17	odoriferousliquour	1.464e-05
17	officious	1.464e-05
17	bilious	1.464e-05
17	pleasantsmell	1.464e-05
17	astrong	1.464e-05
17	acrimonius	1.464e-05
17	dittie	1.464e-05
17	ofodour	1.464e-05
17	splendor	1.464e-05
17	sneez	1.464e-05
17	scorch	1.464e-05
17	kiss	1.464e-05
17	loth	1.464e-05
17	phlegm	1.464e-05
17	insipid	1.464e-05
17	exatick	1.464e-05
17	sleek	1.464e-05
17	odoriferent	1.464e-05
17	puffe	1.464e-05
17	suffrance	1.464e-05
17	fern	1.464e-05
17	odorific	1.464e-05
17	spiritful	1.464e-05
17	spiritous	1.464e-05
17	inflamable	1.464e-05
17	potion	1.464e-05
17	stinka	1.464e-05
17	erous	1.464e-05
17	smellsweet	1.464e-05
17	torture	1.464e-05
17	sanour	1.464e-05
17	papillous	1.464e-05
17	poisononus	1.464e-05
17	raceous	1.464e-05
17	luciferous	1.464e-05
17	odorables	1.464e-05
17	aromataes	1.464e-05
17	odoar	1.464e-05
17	stillatitious	1.464e-05
17	lentour	1.464e-05
17	praise	1.464e-05
17	spit	1.464e-05
17	erfume	1.464e-05
17	abhominable	1.464e-05
17	perriwig	1.464e-05
17	dunghill	1.464e-05
17	rammishness	1.464e-05
17	stack	1.464e-05
17	smellinge	1.464e-05
17	venome	1.464e-05
17	poy	1.464e-05
17	rancid	1.464e-05
17	sick	1.464e-05
17	redolant	1.464e-05
17	holdstinke	1.464e-05
17	brutish	1.464e-05
17	horrid	1.464e-05
17	smut	1.464e-05
17	exotick	1.464e-05
17	faecid	1.464e-05
17	rotten	1.464e-05
17	filthie	1.464e-05
17	dreggy	1.464e-05
17	deform	1.464e-05
17	goodsmell	1.464e-05
17	vapoure	1.464e-05
17	effuvia	1.464e-05
17	lumphish	1.464e-05
17	mischief	1.464e-05
17	livid	1.464e-05
17	unsmelle	1.464e-05
17	odoriferrous	1.464e-05
17	balsamical	1.464e-05
17	errhine	1.464e-05
17	stammell	1.464e-05
17	ordure	1.464e-05
17	odorible	1.464e-05
17	perfumde	1.464e-05
17	sweeter	1.464e-05
17	abominable	1.464e-05
17	stinkof	1.464e-05
17	surfet	1.464e-05
17	ammell	1.464e-05
17	sniff	1.464e-05
17	andodoriferous	1.464e-05
17	fauoured	1.464e-05
17	der	1.464e-05
17	gum	1.464e-05
17	roguish	1.464e-05
17	allsweet	1.464e-05
17	hissmell	1.464e-05
17	aetid	1.464e-05
17	belliferous	1.464e-05
17	ocoriferous	1.464e-05
17	apothegm	1.464e-05
17	getherstinke	1.464e-05
17	vultur	1.464e-05
17	shitten	1.464e-05
17	anincense	1.464e-05
17	ppetite	1.464e-05
17	drinke	1.464e-05
17	stinker	1.464e-05
17	anatick	1.464e-05
17	salinous	1.464e-05
17	toggy	1.464e-05
17	sprink	1.464e-05
17	overfragrant	1.464e-05
17	medicin	1.464e-05
17	aromatiz	1.464e-05
17	indolent	1.464e-05
17	expel	1.464e-05
17	ncence	1.464e-05
17	strangesmelle	1.464e-05
17	sonorous	1.464e-05
17	sweeteodour	1.464e-05
17	abominate	1.464e-05
17	fffluvia	1.464e-05
17	stenchful	1.464e-05
17	gumme	1.464e-05
17	foete	1.464e-05
17	morphewous	1.464e-05
17	scenteth	1.464e-05
17	smellwell	1.464e-05
17	ticksmell	1.464e-05
17	stifne	1.464e-05
17	purulentous	1.464e-05
17	saetid	1.464e-05
17	sweetsmell	1.464e-05
17	nastiness	1.464e-05
17	oldstinke	1.464e-05
17	smellstrong	1.464e-05
17	scenting	1.464e-05
17	delightful	1.464e-05
17	putifye	1.464e-05
17	perfurme	1.464e-05
17	stanche	1.464e-05
17	fret	1.464e-05
17	efluvia	1.464e-05
17	thisperfume	1.464e-05
17	smeak	1.464e-05
17	odorifrous	1.464e-05
17	scention	1.464e-05
17	withodoriferous	1.464e-05
17	muske	1.464e-05
17	sweetness	1.464e-05
17	fricti	1.464e-05
17	putrify	1.464e-05
17	antidotal	1.464e-05
17	saporiferous	1.464e-05
17	olfactile	1.464e-05
17	medowe	1.464e-05
17	excre	1.464e-05
17	soetid	1.464e-05
17	musty	1.464e-05
17	odiriferous	1.464e-05
17	abhominablestinke	1.464e-05
17	grow	1.464e-05
17	frankincense	1.464e-05
17	sulferous	1.464e-05
17	impudent	1.464e-05
17	stryke	1.464e-05
17	aromada	1.464e-05
17	stygian	1.464e-05
17	vnctuous	1.464e-05
17	odorifierous	1.464e-05
17	fum	1.464e-05
17	whifle	1.464e-05
17	turbulous	1.464e-05
17	indurance	1.464e-05
17	nefandous	1.464e-05
17	slur	1.464e-05
17	withsweet	1.464e-05
17	breeze	1.464e-05
17	resinous	1.464e-05
17	sowrish	1.464e-05
17	seluesodoriferous	1.464e-05
17	smutty	1.464e-05
17	goryvapour	1.464e-05
17	dilucide	1.464e-05
17	heady	1.464e-05
17	huffsand	1.464e-05
17	stinkards	1.464e-05
17	foredoor	1.464e-05
17	spikenard	1.464e-05
17	perfumatorie	1.464e-05
17	deprave	1.464e-05
17	fantasticall	1.464e-05
17	otherpoysonous	1.464e-05
17	stork	1.464e-05
17	barbarous	1.464e-05
17	rymy	1.464e-05
17	requirance	1.464e-05
17	sudoriferous	1.464e-05
17	oderate	1.464e-05
17	nautious	1.464e-05
17	suffre	1.464e-05
17	thereof	1.464e-05
17	foulely	1.464e-05
17	theraromatick	1.464e-05
17	shameful	1.464e-05
17	holine	1.464e-05
17	perfumier	1.464e-05
17	lodoriferous	1.464e-05
17	mixture	1.464e-05
17	odorifeorous	1.464e-05
17	frank	1.464e-05
17	parfumes	1.464e-05
17	somniferous	1.464e-05
17	melancholie	1.464e-05
17	unslak	1.464e-05
17	rume	1.464e-05
17	pathetique	1.464e-05
17	odoratius	1.464e-05
17	odoriferousness	1.464e-05
17	detestable	1.464e-05
17	offragrant	1.464e-05
17	sauore	1.464e-05
17	sottish	1.464e-05
17	acrimonious	1.464e-05
17	odoris	1.464e-05
17	dedolent	1.464e-05
17	oint	1.464e-05
17	fragge	1.464e-05
17	prefum	1.464e-05
17	fapor	1.464e-05
17	noifom	1.464e-05
17	fmellethfweet	1.464e-05
17	effedfuall	1.464e-05
17	graffy	1.464e-05
17	effedual	1.464e-05
17	fcetid	1.464e-05
17	fmellirig	1.464e-05
17	infufid	1.464e-05
17	nofuieetcfmelle	1.464e-05
17	melancholickfume	1.464e-05
17	andconfume	1.464e-05
17	fuppofe	1.464e-05
17	fuccours	1.464e-05
17	fonorous	1.464e-05
17	tenuious	1.464e-05
17	luminous	1.464e-05
17	tmell	1.464e-05
17	garlicky	1.464e-05
17	plendour	1.464e-05
17	fnuffing	1.464e-05
17	refreflie	1.464e-05
17	transfufe	1.464e-05
17	tragrant	1.464e-05
17	fectere	1.464e-05
17	fullfome	1.464e-05
17	fperm	1.464e-05
17	cribrofum	1.464e-05
17	noyfom	1.464e-05
17	odorite	1.464e-05
17	ftinking	1.464e-05
17	odoriierous	1.464e-05
17	fhale	1.464e-05
17	greafe	1.464e-05
17	peftiferous	1.464e-05
17	fneeze	1.464e-05
17	waft	1.464e-05
17	prefumed	1.464e-05
17	qdour	1.464e-05
17	feto	1.464e-05
17	peftifcrous	1.464e-05
17	ufuall	1.464e-05
17	fpirit	1.464e-05
17	tafte	1.464e-05
17	defcenfum	1.464e-05
17	aromatickc	1.464e-05
17	infufc	1.464e-05
17	eonfume	1.464e-05
17	mtiny	1.464e-05
17	confum	1.464e-05
17	fetily	1.464e-05
17	fhivere	1.464e-05
17	lefsconfume	1.464e-05
17	urinofum	1.464e-05
17	odorifcrous	1.464e-05
17	perfuraedand	1.464e-05
17	fmellmg	1.464e-05
17	taffe	1.464e-05
17	imel	1.464e-05
17	defeenfum	1.464e-05
17	inodoriferous	1.464e-05
17	fcent	1.464e-05
17	aromatieall	1.464e-05
17	fmelof	1.464e-05
17	fordid	1.464e-05
17	obfufeate	1.464e-05
17	fpecifick	1.464e-05
17	fek	1.464e-05
17	inclofure	1.464e-05
17	fbaddow	1.464e-05
17	fplendid	1.464e-05
17	balfomic	1.464e-05
17	excrefcence	1.464e-05
17	immoderate	1.464e-05
17	effedfual	1.464e-05
17	perfuafion	1.464e-05
17	lpice	1.464e-05
17	vfuall	1.464e-05
17	ticall	1.464e-05
17	infufedin	1.464e-05
17	vtinc	1.464e-05
17	fmelltothenofe	1.464e-05
17	fmellsand	1.464e-05
17	fagacious	1.464e-05
17	faporid	1.464e-05
17	odorata	1.464e-05
17	petrify	1.464e-05
17	afuoder	1.464e-05
17	rnoky	1.464e-05
17	vrine	1.464e-05
17	tafie	1.464e-05
17	rmell	1.464e-05
17	odotament	1.464e-05
17	cderiferous	1.464e-05
17	aromatict	1.464e-05
17	profufion	1.464e-05
17	fetibe	1.464e-05
17	afweetodour	1.464e-05
17	foporiferous	1.464e-05
17	fonietime	1.464e-05
17	sonorinck	1.464e-05
17	inconfufe	1.464e-05
17	gloffy	1.464e-05
17	cdoriferous	1.464e-05
17	putre	1.464e-05
17	rufous	1.464e-05
17	aromaticl	1.464e-05
17	olferve	1.464e-05
17	infflffate	1.464e-05
17	mufick	1.464e-05
17	olfatory	1.464e-05
17	ricofum	1.464e-05
17	fubftance	1.464e-05
17	fweetfmell	1.464e-05
17	fetous	1.464e-05
17	isftrongfmelle	1.464e-05
17	perfett	1.464e-05
17	olous	1.464e-05
17	fetie	1.464e-05
17	felid	1.464e-05
17	aflurance	1.464e-05
17	odorabl	1.464e-05
17	eflential	1.464e-05
17	finefugar	1.464e-05
17	fujoctefmelle	1.464e-05
17	obour	1.464e-05
17	epileptick	1.464e-05
17	pleafure	1.464e-05
17	odoraman	1.464e-05
17	afmell	1.464e-05
17	ftperfluous	1.464e-05
17	ltinke	1.464e-05
17	itpfragrant	1.464e-05
17	iromaticm	1.464e-05
17	fplendor	1.464e-05
17	liqueur	1.464e-05
17	smelb	1.464e-05
17	perfedfe	1.464e-05
17	perfon	1.464e-05
17	fuffumigation	1.464e-05
17	pertilent	1.464e-05
17	peftilential	1.464e-05
17	butconfufe	1.464e-05
17	venemousfub	1.464e-05
17	bitaminofum	1.464e-05
17	odoriferon	1.464e-05
17	pleafane	1.464e-05
17	glaffy	1.464e-05
17	fetib	1.464e-05
17	bitternef	1.464e-05
17	bulbofum	1.464e-05
17	ferofe	1.464e-05
17	thatfuperfluous	1.464e-05
17	odorikrous	1.464e-05
17	bad	1.464e-05
17	olfatium	1.464e-05
17	noifome	1.464e-05
17	fpacious	1.464e-05
17	fleih	1.464e-05
17	simell	1.464e-05
17	confubitantiall	1.464e-05
17	whiffre	1.464e-05
17	infufetiic	1.464e-05
17	anodoriferous	1.464e-05
17	perfumea	1.464e-05
17	fietid	1.464e-05
17	fleke	1.464e-05
17	fente	7.32e-06
17	fmock	7.32e-06
17	flasoe	7.32e-06
17	fcoffe	7.32e-06
17	perjfume	7.32e-06
17	arviolal	7.32e-06
17	dificlofe	7.32e-06
17	itfmell	7.32e-06
17	fufte	7.32e-06
17	fmeller	7.32e-06
17	perfbm	7.32e-06
17	fneaking	7.32e-06
17	perfumid	7.32e-06
17	ifmell	7.32e-06
17	lustre	7.32e-06
17	prefumc	7.32e-06
17	whiffle	7.32e-06
17	brearh	7.32e-06
17	snaccht	7.32e-06
17	tonfume	7.32e-06
17	fetition	7.32e-06
17	twhiff	7.32e-06
17	sneak	7.32e-06
17	comfic	7.32e-06
17	fhamm	7.32e-06
17	rascal	7.32e-06
17	feftival	7.32e-06
17	libation	7.32e-06
17	salutiferous	7.32e-06
17	outsmell	7.32e-06
17	foulded	7.32e-06
17	ned	7.32e-06
17	withal	7.32e-06
17	odorefirous	7.32e-06
17	stif	7.32e-06
17	apporrhoea	7.32e-06
17	assertion	7.32e-06
17	siblesmell	7.32e-06
17	sudorifick	7.32e-06
17	cosmetick	7.32e-06
17	vomit	7.32e-06
17	infusi	7.32e-06
17	magick	7.32e-06
17	sweetodor	7.32e-06
17	sweetfume	7.32e-06
17	mustmelt	7.32e-06
17	torment	7.32e-06
17	perfumest	7.32e-06
17	beingperfume	7.32e-06
17	bitterness	7.32e-06
17	effluviums	7.32e-06
17	noctilucas	7.32e-06
17	flesh	7.32e-06
17	breather	7.32e-06
17	comfort	7.32e-06
17	spew	7.32e-06
17	effluction	7.32e-06
17	arbour	7.32e-06
17	scrible	7.32e-06
17	senteth	7.32e-06
17	ous	7.32e-06
17	idolatrous	7.32e-06
17	mean	7.32e-06
17	belch	7.32e-06
17	dishonour	7.32e-06
17	speke	7.32e-06
17	dostink	7.32e-06
17	medicine	7.32e-06
17	beleeue	7.32e-06
17	allure	7.32e-06
17	alluring	7.32e-06
17	whiz	7.32e-06
17	whizing	7.32e-06
17	turalcolour	7.32e-06
17	oussmell	7.32e-06
17	puresmell	7.32e-06
17	evilsmell	7.32e-06
17	sentfume	7.32e-06
17	nauseate	7.32e-06
17	kercherperfum	7.32e-06
17	frind	7.32e-06
17	smerk	7.32e-06
17	lixivium	7.32e-06
17	fester	7.32e-06
17	receiue	7.32e-06
17	bodye	7.32e-06
17	snore	7.32e-06
17	foremostperfume	7.32e-06
17	iewell	7.32e-06
17	insmel	7.32e-06
17	odoriferousstarre	7.32e-06
17	sweeterfauour	7.32e-06
17	sweetestodour	7.32e-06
17	balsamic	7.32e-06
17	odoratur	7.32e-06
17	heareth	7.32e-06
17	fetis	7.32e-06
17	contrary	7.32e-06
17	pouder	7.32e-06
17	mendour	7.32e-06
17	cularsmell	7.32e-06
17	thesmoak	7.32e-06
17	ofsmell	7.32e-06
17	acridsmell	7.32e-06
17	coolingsmell	7.32e-06
17	perfure	7.32e-06
17	ratingfragrancy	7.32e-06
17	trid	7.32e-06
17	item	7.32e-06
17	frolick	7.32e-06
17	becense	7.32e-06
17	spicie	7.32e-06
17	onlyperfume	7.32e-06
17	whereofodour	7.32e-06
17	odoroussteams	7.32e-06
17	odoroussteam	7.32e-06
17	knownodour	7.32e-06
17	smellas	7.32e-06
17	whitefumes	7.32e-06
17	thesefume	7.32e-06
17	inducedcolour	7.32e-06
17	theireffluvium	7.32e-06
17	balm	7.32e-06
17	mour	7.32e-06
17	acidity	7.32e-06
17	smilde	7.32e-06
17	dperfume	7.32e-06
17	bnoxious	7.32e-06
17	otherpersume	7.32e-06
17	aromatizer	7.32e-06
17	scenter	7.32e-06
17	odorement	7.32e-06
17	gue	7.32e-06
17	whitefume	7.32e-06
17	certainliquour	7.32e-06
17	almostinodorous	7.32e-06
17	theirfume	7.32e-06
17	unpleasantsmell	7.32e-06
17	aperfume	7.32e-06
17	veralperfume	7.32e-06
17	embalmed	7.32e-06
17	carryeperfume	7.32e-06
17	heretik	7.32e-06
17	mowzack	7.32e-06
17	lysmell	7.32e-06
17	saline	7.32e-06
17	faece	7.32e-06
17	object	7.32e-06
17	holy	7.32e-06
17	fluor	7.32e-06
17	expell	7.32e-06
17	fumes	7.32e-06
17	consum	7.32e-06
17	snorteth	7.32e-06
17	svvarm	7.32e-06
17	morbifical	7.32e-06
17	crye	7.32e-06
17	seniour	7.32e-06
17	viol	7.32e-06
17	quour	7.32e-06
17	carpet	7.32e-06
17	stinkless	7.32e-06
17	effiuvia	7.32e-06
17	unsavouriness	7.32e-06
17	respiration	7.32e-06
17	soule	7.32e-06
17	suffitus	7.32e-06
17	snip	7.32e-06
17	withall	7.32e-06
17	bellowing	7.32e-06
17	svffiment	7.32e-06
17	strawnake	7.32e-06
17	shaddow	7.32e-06
17	beenmelte	7.32e-06
17	edsmell	7.32e-06
17	cllour	7.32e-06
17	flout	7.32e-06
17	moneth	7.32e-06
17	spel	7.32e-06
17	areperfume	7.32e-06
17	doe	7.32e-06
17	annointe	7.32e-06
17	flavour	7.32e-06
17	bathing	7.32e-06
17	tedour	7.32e-06
17	flewer	7.32e-06
17	whistle	7.32e-06
17	screek	7.32e-06
17	soureness	7.32e-06
17	namesmell	7.32e-06
17	sputter	7.32e-06
17	befume	7.32e-06
17	hurt	7.32e-06
17	balsom	7.32e-06
17	hersmelt	7.32e-06
17	fogge	7.32e-06
17	uoured	7.32e-06
17	aire	7.32e-06
17	odorantur	7.32e-06
17	ver	7.32e-06
17	smock	7.32e-06
17	yoursmell	7.32e-06
17	succour	7.32e-06
17	pallat	7.32e-06
17	sperm	7.32e-06
17	ismelt	7.32e-06
17	spicedwine	7.32e-06
17	moussmell	7.32e-06
17	fulodour	7.32e-06
17	silthiness	7.32e-06
17	oudour	7.32e-06
17	otherperfume	7.32e-06
17	foulding	7.32e-06
17	ciuet	7.32e-06
17	teriour	7.32e-06
17	emanating	7.32e-06
17	unmelted	7.32e-06
17	unmelte	7.32e-06
17	spirit	7.32e-06
17	ssmell	7.32e-06
17	shesstink	7.32e-06
17	assmell	7.32e-06
17	sulphurs	7.32e-06
17	vapcurs	7.32e-06
17	vapcur	7.32e-06
17	fouled	7.32e-06
17	féeleth	7.32e-06
17	aromatike	7.32e-06
17	dulcify	7.32e-06
17	beingsmelt	7.32e-06
17	gelliedness	7.32e-06
17	odoran	7.32e-06
17	ingfavour	7.32e-06
17	savorysmell	7.32e-06
17	rag	7.32e-06
17	mirrour	7.32e-06
17	effiuvium	7.32e-06
17	steame	7.32e-06
17	tangour	7.32e-06
17	musky	7.32e-06
17	oyle	7.32e-06
17	porife	7.32e-06
17	slalk	7.32e-06
17	prefumes	7.32e-06
17	otherstinke	7.32e-06
17	otherstinking	7.32e-06
17	dedour	7.32e-06
17	inammell	7.32e-06
17	smellerh	7.32e-06
17	baddesmell	7.32e-06
17	villanous	7.32e-06
17	butperfume	7.32e-06
17	somesweet	7.32e-06
17	halitus	7.32e-06
17	perfumethem	7.32e-06
17	trammell	7.32e-06
17	ish	7.32e-06
17	puzzo	7.32e-06
17	stagnate	7.32e-06
17	graffe	7.32e-06
17	lewd	7.32e-06
17	olfac	7.32e-06
17	thisodour	7.32e-06
17	faeted	7.32e-06
17	devour	7.32e-06
17	drance	7.32e-06
17	sivesmell	7.32e-06
17	stinkand	7.32e-06
17	andaromaticall	7.32e-06
17	aromatine	7.32e-06
17	succours	7.32e-06
17	coulour	7.32e-06
17	delightfull	7.32e-06
17	rank	7.32e-06
17	flowre	7.32e-06
17	anddiscour	7.32e-06
17	perfam	7.32e-06
17	ownecolour	7.32e-06
17	mysmelle	7.32e-06
17	curre	7.32e-06
17	chekred	7.32e-06
17	simelt	7.32e-06
17	spic	7.32e-06
17	fluid	7.32e-06
17	imbalm	7.32e-06
17	squeeke	7.32e-06
17	appetition	7.32e-06
17	yeodour	7.32e-06
17	andsulphurious	7.32e-06
17	dothstinke	7.32e-06
17	thingsmelleth	7.32e-06
17	oratour	7.32e-06
17	flux	7.32e-06
17	slurr	7.32e-06
17	blurr	7.32e-06
17	feild	7.32e-06
17	nard	7.32e-06
17	lute	7.32e-06
17	regale	7.32e-06
17	fancy	7.32e-06
17	lthiness	7.32e-06
17	difflatur	7.32e-06
17	fulsomefumes	7.32e-06
17	fulsomefume	7.32e-06
17	stafe	7.32e-06
17	gerperfume	7.32e-06
17	theyperfume	7.32e-06
17	anxiety	7.32e-06
17	appetise	7.32e-06
17	baddesent	7.32e-06
17	toperfume	7.32e-06
17	fould	7.32e-06
17	rellish	7.32e-06
17	putrefie	7.32e-06
17	redolentperfume	7.32e-06
17	thatmelt	7.32e-06
17	sordidness	7.32e-06
17	stine	7.32e-06
17	indole	7.32e-06
17	steirar	7.32e-06
17	rast	7.32e-06
17	fresh	7.32e-06
17	venomousfume	7.32e-06
17	theirsmel	7.32e-06
17	sweetgums	7.32e-06
17	sweetgum	7.32e-06
17	covering	7.32e-06
17	inodour	7.32e-06
17	rareperfume	7.32e-06
17	gratefullsmell	7.32e-06
17	chamomell	7.32e-06
17	dolesome	7.32e-06
17	astalk	7.32e-06
17	fragrantsmell	7.32e-06
17	itsmell	7.32e-06
17	vvorde	7.32e-06
17	schol	7.32e-06
17	soar	7.32e-06
17	indevour	7.32e-06
17	cammell	7.32e-06
17	harmoniack	7.32e-06
17	sulphurous	7.32e-06
17	steams	7.32e-06
17	sink	7.32e-06
17	dense	7.32e-06
17	deceit	7.32e-06
17	sweetfavour	7.32e-06
17	dioussmell	7.32e-06
17	imitatesmell	7.32e-06
17	spue	7.32e-06
17	spuing	7.32e-06
17	bitternesse	7.32e-06
17	vivingodour	7.32e-06
17	gustfull	7.32e-06
17	tade	7.32e-06
17	slimy	7.32e-06
17	shiv	7.32e-06
17	exubrance	7.32e-06
17	wash	7.32e-06
17	nish	7.32e-06
17	looke	7.32e-06
17	vent	7.32e-06
17	tion	7.32e-06
17	illtaste	7.32e-06
17	ofsweet	7.32e-06
17	afflu	7.32e-06
17	odoer	7.32e-06
17	palefume	7.32e-06
17	nostinke	7.32e-06
17	itch	7.32e-06
17	stanching	7.32e-06
17	anddoor	7.32e-06
17	sweetoyntmen	7.32e-06
17	affection	7.32e-06
17	odorn	7.32e-06
17	vnfauouriestink	7.32e-06
17	perfumie	7.32e-06
17	scar	7.32e-06
17	singodour	7.32e-06
17	savingsmell	7.32e-06
17	figure	7.32e-06
17	glistere	7.32e-06
17	sweetincense	7.32e-06
17	sorance	7.32e-06
17	esmelleth	7.32e-06
17	trifie	7.32e-06
17	voice	7.32e-06
17	drank	7.32e-06
17	enamour	7.32e-06
17	insmell	7.32e-06
17	odoriferoussauour	7.32e-06
17	fragrantodour	7.32e-06
17	pipe	7.32e-06
17	wasperfumed	7.32e-06
17	thesauour	7.32e-06
17	rancour	7.32e-06
17	smellingodour	7.32e-06
17	reekon	7.32e-06
17	firstperfume	7.32e-06
17	therance	7.32e-06
17	sowr	7.32e-06
17	thenidour	7.32e-06
17	perfumethereof	7.32e-06
17	stinkamong	7.32e-06
17	thestink	7.32e-06
17	infamy	7.32e-06
17	murmur	7.32e-06
17	anoynte	7.32e-06
17	efficatious	7.32e-06
17	cellentsmell	7.32e-06
17	samesmell	7.32e-06
17	bitingtaste	7.32e-06
17	ckeek	7.32e-06
17	unwholesome	7.32e-06
17	trance	7.32e-06
17	ignorance	7.32e-06
17	nour	7.32e-06
17	mask	7.32e-06
17	stan	7.32e-06
17	infect	7.32e-06
17	ink	7.32e-06
17	gust	7.32e-06
17	damp	7.32e-06
17	ratle	7.32e-06
17	feeder	7.32e-06
17	vnholesome	7.32e-06
17	snack	7.32e-06
17	darcke	7.32e-06
17	gormondize	7.32e-06
17	guzle	7.32e-06
17	drinking	7.32e-06
17	bleperfume	7.32e-06
17	carkasse	7.32e-06
17	ravenous	7.32e-06
17	ousodour	7.32e-06
17	snuffing	7.32e-06
17	stanck	7.32e-06
17	offensivefume	7.32e-06
17	fumid	7.32e-06
17	sulfur	7.32e-06
17	versessmelle	7.32e-06
17	smellinganointe	7.32e-06
17	skink	7.32e-06
17	sublime	7.32e-06
17	skum	7.32e-06
17	succession	7.32e-06
17	feind	7.32e-06
17	cateperfume	7.32e-06
17	stifeled	7.32e-06
17	stifele	7.32e-06
17	sour	7.32e-06
17	souring	7.32e-06
17	character	7.32e-06
17	mimik	7.32e-06
17	ketting	7.32e-06
17	tyranny	7.32e-06
17	partsmelle	7.32e-06
17	excellentsplendour	7.32e-06
17	gaye	7.32e-06
17	tink	7.32e-06
17	swel	7.32e-06
17	fracedine	7.32e-06
17	nours	7.32e-06
17	ichor	7.32e-06
17	smelof	7.32e-06
17	slyminess	7.32e-06
17	thrid	7.32e-06
17	somentation	7.32e-06
17	fig	7.32e-06
17	fart	7.32e-06
17	renowm	7.32e-06
17	ofdoore	7.32e-06
17	gulph	7.32e-06
17	shamm	7.32e-06
17	fustiness	7.32e-06
17	cammomell	7.32e-06
17	perfumin	7.32e-06
17	taint	7.32e-06
17	rentrose	7.32e-06
17	maundre	7.32e-06
17	measur	7.32e-06
17	mack	7.32e-06
17	rosary	7.32e-06
17	ayre	7.32e-06
17	itsmelt	7.32e-06
17	awhiff	7.32e-06
17	choler	7.32e-06
17	smoaky	7.32e-06
17	metaphor	7.32e-06
17	fogg	7.32e-06
17	qualitie	7.32e-06
17	sweat	7.32e-06
17	vleer	7.32e-06
17	burn	7.32e-06
17	riferousfume	7.32e-06
17	toil	7.32e-06
17	tainesmell	7.32e-06
17	smellariseth	7.32e-06
17	tude	7.32e-06
17	stinkamongst	7.32e-06
17	choake	7.32e-06
17	putridsavour	7.32e-06
17	phisition	7.32e-06
17	cloaks	7.32e-06
17	cloak	7.32e-06
17	fragrantodor	7.32e-06
17	noysomesavour	7.32e-06
17	noisomvapour	7.32e-06
17	betterodor	7.32e-06
17	obiect	7.32e-06
17	itstink	7.32e-06
17	odorotus	7.32e-06
17	dromac	7.32e-06
17	tragus	7.32e-06
17	fuse	7.32e-06
17	counterfet	7.32e-06
17	thenperfume	7.32e-06
17	thusperfume	7.32e-06
17	odoriferoussmell	7.32e-06
17	misdemeanour	7.32e-06
17	sauoure	7.32e-06
17	vnpleasantsmell	7.32e-06
17	nyexhalation	7.32e-06
17	befoul	7.32e-06
17	mentionsmells	7.32e-06
17	rmel	7.32e-06
17	waue	7.32e-06
17	unsavourysmell	7.32e-06
17	vvalk	7.32e-06
17	posterior	7.32e-06
17	itstinke	7.32e-06
17	cense	7.32e-06
17	insulphure	7.32e-06
17	nupeall	7.32e-06
17	sermell	7.32e-06
17	befmelt	7.32e-06
17	lmelle	7.32e-06
17	evillfmell	7.32e-06
17	infmell	7.32e-06
17	fes	7.32e-06
17	ferofum	7.32e-06
17	ooour	7.32e-06
17	iffue	7.32e-06
17	confufam	7.32e-06
17	feetid	7.32e-06
17	confumlng	7.32e-06
17	ddour	7.32e-06
17	feyour	7.32e-06
17	efume	7.32e-06
17	diffufe	7.32e-06
17	olfadory	7.32e-06
17	tape	7.32e-06
17	adfum	7.32e-06
17	rheume	7.32e-06
17	foperfume	7.32e-06
17	effeft	7.32e-06
17	badfmell	7.32e-06
17	rofesfmell	7.32e-06
17	extravafate	7.32e-06
17	compos	7.32e-06
17	plenticof	7.32e-06
17	ofthestink	7.32e-06
17	toprefervethefume	7.32e-06
17	vnmell	7.32e-06
17	bther	7.32e-06
17	fmobe	7.32e-06
17	aromatis	7.32e-06
17	copiofum	7.32e-06
17	affe	7.32e-06
17	perfumte	7.32e-06
17	fenfum	7.32e-06
17	folic	7.32e-06
17	olofe	7.32e-06
17	tafteandfmell	7.32e-06
17	troublefbmefmell	7.32e-06
17	perfuade	7.32e-06
17	icink	7.32e-06
17	fnuff	7.32e-06
17	anwholefome	7.32e-06
17	filuvia	7.32e-06
17	fmeltito	7.32e-06
17	illation	7.32e-06
17	fmellech	7.32e-06
17	fcenc	7.32e-06
17	tomelt	7.32e-06
17	nofes	7.32e-06
17	notfmell	7.32e-06
17	afiluy	7.32e-06
17	fcald	7.32e-06
17	fenfe	7.32e-06
17	fecde	7.32e-06
17	fpek	7.32e-06
17	bysmelle	7.32e-06
17	ffluvium	7.32e-06
17	luflful	7.32e-06
17	utalmell	7.32e-06
17	faffe	7.32e-06
17	faffing	7.32e-06
17	afe	7.32e-06
17	omen	7.32e-06
17	theforance	7.32e-06
17	rfmell	7.32e-06
17	odoury	7.32e-06
17	deverousorftinke	7.32e-06
17	deverousorftinking	7.32e-06
17	chetidie	7.32e-06
17	low	7.32e-06
17	confumin	7.32e-06
17	confumc	7.32e-06
17	pdour	7.32e-06
17	fetore	7.32e-06
17	perfme	7.32e-06
17	feme	7.32e-06
17	weathertperfume	7.32e-06
17	confefe	7.32e-06
17	underdood	7.32e-06
17	feemtofmell	7.32e-06
17	afcenfum	7.32e-06
17	fmeis	7.32e-06
17	maybeeconfume	7.32e-06
17	agreatfum	7.32e-06
17	dreffe	7.32e-06
17	ofclenfing	7.32e-06
17	tafb	7.32e-06
17	fweetfmelle	7.32e-06
17	fweetfmelling	7.32e-06
17	afifle	7.32e-06
17	fpicerie	7.32e-06
17	fragraucy	7.32e-06
17	ftrongfmell	7.32e-06
17	carcafle	7.32e-06
17	ofaperfume	7.32e-06
17	fmellof	7.32e-06
17	goodfmell	7.32e-06
17	pearefmelle	7.32e-06
17	afeenfum	7.32e-06
17	fweecefmelle	7.32e-06
17	fweecefmelling	7.32e-06
17	fullicfmell	7.32e-06
17	butagree	7.32e-06
17	abufe	7.32e-06
17	reverence	7.32e-06
17	ppenfum	7.32e-06
17	amulet	7.32e-06
17	apoftume	7.32e-06
17	perfuine	7.32e-06
17	perfuy	7.32e-06
17	anbfmell	7.32e-06
17	wefmell	7.32e-06
17	binfume	7.32e-06
17	fwum	7.32e-06
17	fpicd	7.32e-06
17	dofe	7.32e-06
17	caromaticus	7.32e-06
17	aflure	7.32e-06
17	mfufe	7.32e-06
17	thefour	7.32e-06
17	fmellt	7.32e-06
17	efurine	7.32e-06
17	refrigerate	7.32e-06
17	dtunk	7.32e-06
17	isconfume	7.32e-06
17	fuch	7.32e-06
17	obfeur	7.32e-06
17	aromatice	7.32e-06
17	tife	7.32e-06
17	fetus	7.32e-06
17	ttefame	7.32e-06
17	tftdour	7.32e-06
17	ambafiadour	7.32e-06
17	baffadour	7.32e-06
17	balfadour	7.32e-06
17	imelt	7.32e-06
17	fiuour	7.32e-06
17	togiucfuchfmell	7.32e-06
17	hefame	7.32e-06
17	fetier	7.32e-06
17	euidfattouredfmell	7.32e-06
17	rcent	7.32e-06
17	fetimme	7.32e-06
17	tefiamur	7.32e-06
17	exorickjverficolour	7.32e-06
17	fttffumigation	7.32e-06
17	fhift	7.32e-06
17	tofmell	7.32e-06
17	aromaticm	7.32e-06
17	effour	7.32e-06
17	poyfonous	7.32e-06
17	confumer	7.32e-06
17	altrong	7.32e-06
17	fmellingbal	7.32e-06
17	rmelle	7.32e-06
17	fmelling	7.32e-06
17	peefume	7.32e-06
17	tyochisk	7.32e-06
17	perfetion	7.32e-06
17	imelleth	7.32e-06
17	orfweerfmell	7.32e-06
17	foulnow	7.32e-06
17	ptinkle	7.32e-06
17	wafhed	7.32e-06
17	olficc	7.32e-06
17	perfualion	7.32e-06
17	ejfluvia	7.32e-06
17	defetibe	7.32e-06
17	whattheodour	7.32e-06
17	ipcak	7.32e-06
17	fee	7.32e-06
17	odouf	7.32e-06
17	gdour	7.32e-06
17	spongiofum	7.32e-06
17	fluek	7.32e-06
17	dpbfume	7.32e-06
17	confumpt	7.32e-06
17	effluvias	7.32e-06
17	falfum	7.32e-06
17	mucus	7.32e-06
17	perfufe	7.32e-06
17	fomentation	7.32e-06
17	rifie	7.32e-06
17	senfe	7.32e-06
17	oetor	7.32e-06
17	fhifte	7.32e-06
17	plealure	7.32e-06
17	olf	7.32e-06
17	eff	7.32e-06
17	bythefmell	7.32e-06
17	confumcd	7.32e-06
17	pleafam	7.32e-06
17	menftrmm	7.32e-06
17	tmel	7.32e-06
17	fhivering	7.32e-06
17	oftink	7.32e-06
17	mlusfmell	7.32e-06
17	delufion	7.32e-06
17	lmel	7.32e-06
17	lavour	7.32e-06
17	flrance	7.32e-06
17	oap	7.32e-06
17	ffluvia	7.32e-06
17	efuvin	7.32e-06
17	exfufflate	7.32e-06
17	effinvia	7.32e-06
17	tannotmell	7.32e-06
17	spufk	7.32e-06
17	pimpemell	7.32e-06
17	aromaticusy	7.32e-06
17	oate	7.32e-06
17	purencffeoffmelle	7.32e-06
17	diflipate	7.32e-06
17	odoror	7.32e-06
17	odorator	7.32e-06
17	favor	7.32e-06
17	feente	7.32e-06
17	fmoake	7.32e-06
17	hocfufum	7.32e-06
17	fugar	7.32e-06
17	olfactu	7.32e-06
17	olfacus	7.32e-06
17	ingrateful	7.32e-06
17	infufionof	7.32e-06
17	nallinef	7.32e-06
17	efuming	7.32e-06
17	beconfume	7.32e-06
17	mllmell	7.32e-06
17	fuff	7.32e-06
17	andfmell	7.32e-06
17	difpofure	7.32e-06
17	tofume	7.32e-06
17	foulifie	7.32e-06
17	aiftniffe	7.32e-06
17	odom	7.32e-06
17	odoyr	7.32e-06
17	fmellin	7.32e-06
17	fmoak	7.32e-06
17	fak	7.32e-06
17	rtank	7.32e-06
17	fekd	7.32e-06
17	burntifhodour	7.32e-06
17	jmelling	7.32e-06
17	therinaperfume	7.32e-06
17	perfame	7.32e-06
17	fwim	7.32e-06
17	fecure	7.32e-06
17	infubfiance	7.32e-06
17	gutts	7.32e-06
17	olfa	7.32e-06
17	fantafie	7.32e-06
17	afulphurous	7.32e-06
17	purify	7.32e-06
17	paffe	7.32e-06
17	difpofition	7.32e-06
17	grape	7.32e-06
17	tranfuda	7.32e-06
17	excellinfmell	7.32e-06
17	salk	7.32e-06
17	lignofum	7.32e-06
17	aromaticksmelh	7.32e-06
17	cleanfe	7.32e-06
17	fruticofum	7.32e-06
17	odoratura	7.32e-06
17	aromatich	7.32e-06
17	fufffumigation	7.32e-06
17	infunon	7.32e-06
17	eafe	7.32e-06
17	nofmell	7.32e-06
17	eflence	7.32e-06
17	ftek	7.32e-06
17	confefs	7.32e-06
17	fecret	7.32e-06
17	efure	7.32e-06
17	effuvium	7.32e-06
17	thefmel	7.32e-06
17	prefump	7.32e-06
17	otince	7.32e-06
17	fudorifick	7.32e-06
17	orfmell	7.32e-06
17	fmolf	7.32e-06
17	feaft	7.32e-06
17	averfumer	7.32e-06
17	offmelle	7.32e-06
17	wholefom	7.32e-06
17	jperfume	7.32e-06
17	apozem	7.32e-06
17	ronfume	7.32e-06
17	patfume	7.32e-06
17	thisfeetor	7.32e-06
17	windy	7.32e-06
17	fiorid	7.32e-06
17	flatulent	7.32e-06
17	nutritious	7.32e-06
17	odow	7.32e-06
17	purefmell	7.32e-06
17	andfuchasareofafweetandplcafatitfmell	7.32e-06
17	sweetfmell	7.32e-06
18	fmell	0.16520815
18	aromatic	0.10914132
18	putrid	0.07395375
18	smell	0.07359344
18	fragrant	0.06061032
18	fetid	0.05792331
18	odor	0.04174631
18	odour	0.0405799
18	perfume	0.02903799
18	odoriferous	0.02647923
18	fmelle	0.02227773
18	scent	0.01909607
18	odorous	0.01515716
18	effluvia	0.01328236
18	foul	0.01245183
18	infufion	0.01231138
18	fragrance	0.01179229
18	noxious	0.01003963
18	odore	0.00990528
18	aroma	0.00943506
18	fume	0.00764575
18	aromatick	0.00747476
18	vapour	0.00665034
18	stink	0.00589309
18	reek	0.00586256
18	infufe	0.00548394
18	fweet	0.00489768
18	breath	0.00431142
18	odorem	0.00340761
18	profufe	0.00281525
18	fetor	0.00277861
18	confume	0.00273586
18	olfactory	0.00261983
18	florid	0.00240609
18	acrid	0.00191755
18	fmelt	0.00191144
18	aromatics	0.00182594
18	ferous	0.00181984
18	aqueous	0.00177098
18	foetid	0.00155114
18	scented	0.00144732
18	aromaticus	0.00141068
18	exhalation	0.00140457
18	eflential	0.00140457
18	fragrancy	0.00138625
18	snuff	0.00124579
18	indolent	0.00120915
18	inodorous	0.00113587
18	prefume	0.00111755
18	effluvium	0.00110534
18	infufum	0.00106259
18	fmoke	0.00105038
18	mucus	0.00100152
18	fapid	0.0009832
18	perfumes	0.00095267
18	effential	0.00087938
18	stench	0.00087328
18	whiff	0.00081221
18	fpicy	0.00078778
18	refufe	0.0007145
18	fnuff	0.0007145
18	perfe	0.00069007
18	ufe	0.00064122
18	pungent	0.00063511
18	confufe	0.00060458
18	infipid	0.00060458
18	aromas	0.00056183
18	fcetid	0.00054961
18	infuper	0.00054351
18	balfamic	0.00050687
18	fpice	0.00050076
18	perfuade	0.00049465
18	perfumer	0.00047633
18	smelly	0.00047633
18	confufion	0.00047023
18	lmell	0.00045191
18	oleofum	0.0004458
18	garlick	0.00043359
18	aromatical	0.00042137
18	ing	0.00040916
18	vagrant	0.00040305
18	intoxicate	0.00040305
18	balfam	0.00040305
18	nauseous	0.00039694
18	fungous	0.00039694
18	effeft	0.00037252
18	oily	0.00036641
18	pleafure	0.0003603
18	vapours	0.0003603
18	riferous	0.0003603
18	odorate	0.0003542
18	aromatize	0.00034809
18	exhale	0.00033588
18	whifk	0.00033588
18	obnoxious	0.00032977
18	imell	0.00031756
18	inflammable	0.00031756
18	candour	0.00031145
18	ufum	0.00031145
18	refume	0.00030534
18	savour	0.00030534
18	offend	0.00029313
18	fapor	0.00029313
18	frothy	0.00029313
18	fenfation	0.00028702
18	impregnate	0.00028702
18	grance	0.00028091
18	nofe	0.00027481
18	drink	0.00027481
18	stunk	0.0002687
18	bilious	0.0002687
18	vifcous	0.00026259
18	feculent	0.00026259
18	aromata	0.00026259
18	fcaly	0.00025649
18	treafure	0.00024427
18	aquofum	0.00024427
18	odo	0.00023817
18	sulphur	0.00023817
18	odorant	0.00023817
18	hue	0.00023206
18	confump	0.00023206
18	fome	0.00021985
18	fmel	0.00020763
18	frefh	0.00020763
18	perfon	0.00020763
18	fuppofe	0.00020763
18	flammable	0.00020763
18	odeur	0.00020153
18	intolerable	0.00019542
18	fluvia	0.00019542
18	urinofum	0.00019542
18	vigour	0.00018931
18	inhale	0.00018931
18	fcent	0.00018931
18	difufe	0.00018931
18	prefumed	0.00018931
18	fnuffe	0.0001832
18	emanation	0.0001832
18	antifeptic	0.0001832
18	carnofum	0.0001832
18	taint	0.0001771
18	dofe	0.0001771
18	acrimonious	0.0001771
18	tic	0.0001771
18	noisome	0.00017099
18	iffue	0.00017099
18	febrifuge	0.00017099
18	odorato	0.00017099
18	profufion	0.00017099
18	parfum	0.00017099
18	fubtile	0.00017099
18	offensive	0.00016488
18	whifper	0.00016488
18	alkaline	0.00016488
18	wholfome	0.00015878
18	fetids	0.00015878
18	odorat	0.00015878
18	breathing	0.00015267
18	tranfude	0.00015267
18	vinous	0.00015267
18	abufe	0.00015267
18	breathe	0.00014046
18	gloffy	0.00014046
18	urinous	0.00014046
18	falfum	0.00014046
18	noifome	0.00013435
18	efflu	0.00013435
18	fenfum	0.00013435
18	corrupt	0.00013435
18	vinofum	0.00013435
18	fetide	0.00013435
18	balfamick	0.00013435
18	infuf	0.00013435
18	expofure	0.00012824
18	exfudation	0.00012824
18	tafle	0.00012824
18	aromate	0.00012824
18	ferve	0.00012824
18	arofe	0.00012824
18	vour	0.00012214
18	essential	0.00012214
18	fcour	0.00012214
18	fmelleth	0.00012214
18	fimell	0.00012214
18	mufk	0.00012214
18	odorife	0.00012214
18	vifeid	0.00012214
18	lour	0.00012214
18	ichorous	0.00012214
18	perfuafion	0.00011603
18	aromatica	0.00011603
18	ufeful	0.00011603
18	fetido	0.00011603
18	turbid	0.00011603
18	ftinke	0.00011603
18	refinous	0.00011603
18	copiofum	0.00011603
18	arife	0.00011603
18	rous	0.00011603
18	affume	0.00010992
18	fcene	0.00010992
18	fmeli	0.00010992
18	alfume	0.00010992
18	tranfudation	0.00010992
18	nitrous	0.00010992
18	dour	0.00010382
18	contagious	0.00010382
18	odoris	0.00010382
18	jmell	0.00010382
18	effedlual	0.00010382
18	fluff	0.00010382
18	vitiate	0.00010382
18	aromat	0.00010382
18	fetis	0.00010382
18	nose	9.771e-05
18	contaminate	9.771e-05
18	medicinal	9.771e-05
18	exfude	9.771e-05
18	fanguiferous	9.771e-05
18	fectious	9.771e-05
18	fragran	9.771e-05
18	ufually	9.771e-05
18	fhifte	9.16e-05
18	fucus	9.16e-05
18	faetor	9.16e-05
18	olfadtory	9.16e-05
18	fetidnef	9.16e-05
18	febaceous	9.16e-05
18	alcohol	9.16e-05
18	cactus	9.16e-05
18	fpirit	9.16e-05
18	ferment	9.16e-05
18	fplendour	8.55e-05
18	fcente	8.55e-05
18	scentless	8.55e-05
18	leek	8.55e-05
18	mufky	8.55e-05
18	infup	8.55e-05
18	odorum	8.55e-05
18	cribrofum	8.55e-05
18	ftrong	8.55e-05
18	glaucous	8.55e-05
18	foporific	8.55e-05
18	whiffing	7.939e-05
18	ardour	7.939e-05
18	oman	7.939e-05
18	vapid	7.939e-05
18	faetid	7.939e-05
18	phlegm	7.939e-05
18	infudon	7.939e-05
18	pungency	7.939e-05
18	aphorifm	7.939e-05
18	fmells	7.939e-05
18	bruife	7.939e-05
18	ftagnant	7.939e-05
18	ponderofum	7.939e-05
18	odora	7.939e-05
18	vifeous	7.939e-05
18	oleous	7.939e-05
18	cadaverous	7.939e-05
18	fpirituous	7.939e-05
18	fpirituofum	7.939e-05
18	odorante	7.939e-05
18	stank	7.328e-05
18	effeminate	7.328e-05
18	sniff	7.328e-05
18	odorose	7.328e-05
18	herbaceous	7.328e-05
18	odoratis	7.328e-05
18	infufing	7.328e-05
18	effedual	7.328e-05
18	fmelly	7.328e-05
18	afafoetida	7.328e-05
18	oleraceous	7.328e-05
18	offenfive	7.328e-05
18	aromaticum	7.328e-05
18	afafetida	7.328e-05
18	whifpere	6.718e-05
18	thoufand	6.718e-05
18	frigid	6.718e-05
18	feme	6.718e-05
18	olfadory	6.718e-05
18	poifonous	6.718e-05
18	effiuvia	6.718e-05
18	parfums	6.718e-05
18	odorata	6.718e-05
18	putrefeent	6.718e-05
18	ferruginous	6.718e-05
18	nerve	6.718e-05
18	nitrofum	6.718e-05
18	sweet	6.107e-05
18	perfue	6.107e-05
18	stanch	6.107e-05
18	fecret	6.107e-05
18	fpongiofum	6.107e-05
18	aromatiek	6.107e-05
18	diverfum	6.107e-05
18	fperm	6.107e-05
18	fugar	6.107e-05
18	liquor	6.107e-05
18	inferiour	6.107e-05
18	confum	6.107e-05
18	tindfure	6.107e-05
18	ichor	6.107e-05
18	parfumer	6.107e-05
18	variolous	6.107e-05
18	bad	6.107e-05
18	effed	6.107e-05
18	grumous	6.107e-05
18	foporiferous	6.107e-05
18	tion	6.107e-05
18	antifcorbutic	6.107e-05
18	fetida	6.107e-05
18	valour	5.496e-05
18	essence	5.496e-05
18	prefumes	5.496e-05
18	rancid	5.496e-05
18	glaffy	5.496e-05
18	jmelle	5.496e-05
18	impregnated	5.496e-05
18	smelt	5.496e-05
18	olfactus	5.496e-05
18	petrofum	5.496e-05
18	villofum	5.496e-05
18	naufeous	5.496e-05
18	efum	5.496e-05
18	fmoak	5.496e-05
18	effete	5.496e-05
18	falubrious	5.496e-05
18	confufed	5.496e-05
18	vfum	5.496e-05
18	olea	5.496e-05
18	flavour	5.496e-05
18	faponaceous	5.496e-05
18	virofum	5.496e-05
18	occult	5.496e-05
18	fenfe	5.496e-05
18	livid	5.496e-05
18	sapour	5.496e-05
18	perfufion	5.496e-05
18	naufeofum	5.496e-05
18	perfuafive	4.885e-05
18	spicy	4.885e-05
18	langour	4.885e-05
18	whiffy	4.885e-05
18	nostril	4.885e-05
18	fnow	4.885e-05
18	scour	4.885e-05
18	graffy	4.885e-05
18	tafte	4.885e-05
18	spice	4.885e-05
18	feotid	4.885e-05
18	greafe	4.885e-05
18	refiduum	4.885e-05
18	fuliginous	4.885e-05
18	effence	4.885e-05
18	apour	4.885e-05
18	exhala	4.885e-05
18	aluminofum	4.885e-05
18	fectid	4.885e-05
18	lweet	4.885e-05
18	wholefome	4.885e-05
18	trid	4.885e-05
18	profuma	4.885e-05
18	arifen	4.885e-05
18	odorifer	4.885e-05
18	aloe	4.885e-05
18	steams	4.885e-05
18	univerfum	4.885e-05
18	ous	4.885e-05
18	fuffocate	4.885e-05
18	fent	4.885e-05
18	fcetor	4.885e-05
18	perfluous	4.885e-05
18	farinaceous	4.885e-05
18	vifcid	4.885e-05
18	effervefcence	4.885e-05
18	glutinofum	4.885e-05
18	ltinke	4.885e-05
18	odoratius	4.885e-05
18	excrementitious	4.885e-05
18	effcntial	4.885e-05
18	splendour	4.275e-05
18	garland	4.275e-05
18	inclofure	4.275e-05
18	taste	4.275e-05
18	smel	4.275e-05
18	acid	4.275e-05
18	odorus	4.275e-05
18	aromatife	4.275e-05
18	alkali	4.275e-05
18	denfum	4.275e-05
18	gleet	4.275e-05
18	nervofum	4.275e-05
18	jmelling	4.275e-05
18	quaquaverfum	4.275e-05
18	nofum	4.275e-05
18	ftink	4.275e-05
18	odorati	4.275e-05
18	femetime	4.275e-05
18	apud	4.275e-05
18	fpre	4.275e-05
18	whifpering	3.664e-05
18	flavorous	3.664e-05
18	strew	3.664e-05
18	anodinous	3.664e-05
18	whifky	3.664e-05
18	viscous	3.664e-05
18	putrefy	3.664e-05
18	potent	3.664e-05
18	thefmell	3.664e-05
18	eflence	3.664e-05
18	morbofum	3.664e-05
18	fpafm	3.664e-05
18	fmelte	3.664e-05
18	inclufum	3.664e-05
18	odoro	3.664e-05
18	antifeor	3.664e-05
18	infed	3.664e-05
18	feel	3.664e-05
18	transfufion	3.664e-05
18	lmelle	3.664e-05
18	spongiofum	3.664e-05
18	fecorid	3.664e-05
18	tranfparent	3.664e-05
18	odorar	3.664e-05
18	ferious	3.664e-05
18	fnuffing	3.664e-05
18	fetit	3.664e-05
18	tmell	3.664e-05
18	clayey	3.664e-05
18	ftetid	3.664e-05
18	pifum	3.664e-05
18	fuccofum	3.664e-05
18	fmelf	3.664e-05
18	defcenfum	3.664e-05
18	acetofum	3.664e-05
18	amarum	3.664e-05
18	scorodoprafum	3.664e-05
18	expreffe	3.664e-05
18	fpirant	3.664e-05
18	tafe	3.664e-05
18	perfedl	3.664e-05
18	ftagnate	3.664e-05
18	smoke	3.664e-05
18	perfumar	3.664e-05
18	infalubrious	3.664e-05
18	omen	3.053e-05
18	libation	3.053e-05
18	refum	3.053e-05
18	feed	3.053e-05
18	smutty	3.053e-05
18	famish	3.053e-05
18	thyme	3.053e-05
18	infure	3.053e-05
18	blush	3.053e-05
18	air	3.053e-05
18	promife	3.053e-05
18	aflurance	3.053e-05
18	odoriferious	3.053e-05
18	fneeze	3.053e-05
18	miafma	3.053e-05
18	tuberofum	3.053e-05
18	flrong	3.053e-05
18	fumigate	3.053e-05
18	efflorefcence	3.053e-05
18	aromatis	3.053e-05
18	liqueur	3.053e-05
18	dreffe	3.053e-05
18	cancrofum	3.053e-05
18	fouler	3.053e-05
18	fmelh	3.053e-05
18	fluor	3.053e-05
18	fecure	3.053e-05
18	expofe	3.053e-05
18	tuofum	3.053e-05
18	lmelling	3.053e-05
18	acorus	3.053e-05
18	efhuvia	3.053e-05
18	virulent	3.053e-05
18	effuvia	3.053e-05
18	fluid	3.053e-05
18	eruption	3.053e-05
18	ftem	3.053e-05
18	fuch	3.053e-05
18	transfufe	3.053e-05
18	tail	3.053e-05
18	infufionof	3.053e-05
18	folid	3.053e-05
18	fulphureous	3.053e-05
18	limpid	3.053e-05
18	putredinofum	3.053e-05
18	ufual	3.053e-05
18	fmellin	3.053e-05
18	efiluvia	3.053e-05
18	refem	3.053e-05
18	aloes	3.053e-05
18	fubftance	3.053e-05
18	fpint	3.053e-05
18	efluvia	3.053e-05
18	efurine	3.053e-05
18	effeff	3.053e-05
18	effcd	3.053e-05
18	infus	2.443e-05
18	gore	2.443e-05
18	fhift	2.443e-05
18	refumes	2.443e-05
18	fervor	2.443e-05
18	mellifluous	2.443e-05
18	enchant	2.443e-05
18	stinkard	2.443e-05
18	clofe	2.443e-05
18	fense	2.443e-05
18	garish	2.443e-05
18	lukewarm	2.443e-05
18	savor	2.443e-05
18	whifp	2.443e-05
18	fnack	2.443e-05
18	nofes	2.443e-05
18	fhade	2.443e-05
18	murky	2.443e-05
18	puff	2.443e-05
18	exuberance	2.443e-05
18	lmelt	2.443e-05
18	pernicious	2.443e-05
18	odori	2.443e-05
18	pestiferous	2.443e-05
18	noysome	2.443e-05
18	fpiced	2.443e-05
18	peftiferous	2.443e-05
18	incifum	2.443e-05
18	perfpirative	2.443e-05
18	odure	2.443e-05
18	cariofum	2.443e-05
18	accenfum	2.443e-05
18	perfidious	2.443e-05
18	contufe	2.443e-05
18	exfudate	2.443e-05
18	relinous	2.443e-05
18	bitternef	2.443e-05
18	ftimulant	2.443e-05
18	fonietime	2.443e-05
18	ftagnating	2.443e-05
18	iragrant	2.443e-05
18	luminous	2.443e-05
18	foetor	2.443e-05
18	fection	2.443e-05
18	infpiflate	2.443e-05
18	fhop	2.443e-05
18	lufeious	2.443e-05
18	odorifere	2.443e-05
18	afeende	2.443e-05
18	phyfick	2.443e-05
18	finous	2.443e-05
18	imelle	2.443e-05
18	firong	2.443e-05
18	febrifugous	2.443e-05
18	erfume	2.443e-05
18	inflammatory	2.443e-05
18	unfluous	2.443e-05
18	infume	2.443e-05
18	odorac	2.443e-05
18	tofmell	2.443e-05
18	ambergreafe	2.443e-05
18	anxiety	2.443e-05
18	fcctid	2.443e-05
18	coenofum	2.443e-05
18	gum	2.443e-05
18	mucous	2.443e-05
18	lation	2.443e-05
18	leave	2.443e-05
18	loathfome	2.443e-05
18	bark	2.443e-05
18	cafum	2.443e-05
18	odoratiora	2.443e-05
18	ordoriferous	2.443e-05
18	frelli	2.443e-05
18	fpume	2.443e-05
18	mortiferous	2.443e-05
18	belliferous	2.443e-05
18	mephitic	2.443e-05
18	bifidous	2.443e-05
18	abfurd	2.443e-05
18	fmellsa	2.443e-05
18	pinguious	2.443e-05
18	lapfum	2.443e-05
18	unfafe	2.443e-05
18	infeclious	2.443e-05
18	infetious	2.443e-05
18	seruginous	2.443e-05
18	putrefaction	2.443e-05
18	confuma	2.443e-05
18	odoroua	2.443e-05
18	uous	2.443e-05
18	profumate	2.443e-05
18	fhale	2.443e-05
18	fubfarinofum	2.443e-05
18	acromatic	2.443e-05
18	fhiver	2.443e-05
18	bituminofum	2.443e-05
18	fiorid	2.443e-05
18	herb	2.443e-05
18	grateful	2.443e-05
18	fukry	2.443e-05
18	fubtle	2.443e-05
18	perfufa	2.443e-05
18	globofum	2.443e-05
18	perfuad	2.443e-05
18	ambergrife	2.443e-05
18	fcorbutic	2.443e-05
18	bretie	2.443e-05
18	fubfide	2.443e-05
18	odoratum	2.443e-05
18	aromatous	2.443e-05
18	malign	2.443e-05
18	infufon	2.443e-05
18	confumer	2.443e-05
18	petrofus	2.443e-05
18	fmelllng	2.443e-05
18	ffagnant	2.443e-05
18	contagiofum	2.443e-05
18	bergamot	2.443e-05
18	odorc	2.443e-05
18	repellent	2.443e-05
18	rufous	2.443e-05
18	tcetid	2.443e-05
18	adfum	2.443e-05
18	triturate	2.443e-05
18	fek	2.443e-05
18	incenfe	2.443e-05
18	incense	1.832e-05
18	vapor	1.832e-05
18	poisonous	1.832e-05
18	fmok	1.832e-05
18	meek	1.832e-05
18	itfmell	1.832e-05
18	difmiffe	1.832e-05
18	fweete	1.832e-05
18	fragrancie	1.832e-05
18	smellum	1.832e-05
18	frank	1.832e-05
18	fumigation	1.832e-05
18	mixture	1.832e-05
18	ipicy	1.832e-05
18	superfluous	1.832e-05
18	fetore	1.832e-05
18	pulfe	1.832e-05
18	rurfum	1.832e-05
18	fragrantia	1.832e-05
18	fpmetime	1.832e-05
18	flool	1.832e-05
18	vifeus	1.832e-05
18	olfadlory	1.832e-05
18	intoxication	1.832e-05
18	fum	1.832e-05
18	adverfum	1.832e-05
18	fmelie	1.832e-05
18	dtink	1.832e-05
18	confe	1.832e-05
18	fweetfmelling	1.832e-05
18	aromaticis	1.832e-05
18	infuffon	1.832e-05
18	incenfum	1.832e-05
18	steam	1.832e-05
18	fkin	1.832e-05
18	ftream	1.832e-05
18	olf	1.832e-05
18	fweeten	1.832e-05
18	fmelk	1.832e-05
18	circumfufum	1.832e-05
18	difeafe	1.832e-05
18	head	1.832e-05
18	gloriofum	1.832e-05
18	perfedion	1.832e-05
18	cuflom	1.832e-05
18	fuiphur	1.832e-05
18	diffufe	1.832e-05
18	eflluvia	1.832e-05
18	symptom	1.832e-05
18	adringent	1.832e-05
18	ffume	1.832e-05
18	fait	1.832e-05
18	farinofum	1.832e-05
18	grancy	1.832e-05
18	putrefied	1.832e-05
18	difftife	1.832e-05
18	spatofum	1.832e-05
18	decocfum	1.832e-05
18	aliment	1.832e-05
18	ffinke	1.832e-05
18	feetor	1.832e-05
18	fetofum	1.832e-05
18	lnfufum	1.832e-05
18	tofum	1.832e-05
18	sanious	1.832e-05
18	foulncf	1.832e-05
18	gummofum	1.832e-05
18	frag	1.832e-05
18	reflore	1.832e-05
18	pellucid	1.832e-05
18	fect	1.832e-05
18	ful	1.832e-05
18	expreffed	1.832e-05
18	triglobofum	1.832e-05
18	apozem	1.832e-05
18	fuperfluous	1.832e-05
18	fmellj	1.832e-05
18	fecus	1.832e-05
18	pluvia	1.832e-05
18	aphorifms	1.832e-05
18	nidorous	1.832e-05
18	difperfe	1.832e-05
18	deficcative	1.832e-05
18	odoret	1.832e-05
18	underdood	1.832e-05
18	aromatico	1.832e-05
18	cufum	1.832e-05
18	fubacid	1.832e-05
18	perniciofum	1.832e-05
18	ooze	1.832e-05
18	ltink	1.832e-05
18	dink	1.832e-05
18	gryfeus	1.832e-05
18	furfum	1.832e-05
18	ffinking	1.832e-05
18	difagreeable	1.832e-05
18	rurfus	1.832e-05
18	mentitious	1.832e-05
18	cralfum	1.832e-05
18	ferum	1.832e-05
18	exquifite	1.832e-05
18	tricoccous	1.832e-05
18	taffe	1.832e-05
18	foulnef	1.832e-05
18	arance	1.832e-05
18	foake	1.832e-05
18	confumpt	1.832e-05
18	effedt	1.832e-05
18	odorare	1.832e-05
18	antidot	1.832e-05
18	flek	1.832e-05
18	halefum	1.221e-05
18	perfuadon	1.221e-05
18	ravenous	1.221e-05
18	asfume	1.221e-05
18	liberal	1.221e-05
18	prefump	1.221e-05
18	drear	1.221e-05
18	baulme	1.221e-05
18	ornament	1.221e-05
18	emperour	1.221e-05
18	anecdotic	1.221e-05
18	inspire	1.221e-05
18	fceneunfade	1.221e-05
18	prefum	1.221e-05
18	chill	1.221e-05
18	pleasure	1.221e-05
18	tranfient	1.221e-05
18	breeze	1.221e-05
18	meed	1.221e-05
18	ambrofial	1.221e-05
18	refressie	1.221e-05
18	ftmelle	1.221e-05
18	stifle	1.221e-05
18	sickly	1.221e-05
18	fplendor	1.221e-05
18	fressi	1.221e-05
18	smok	1.221e-05
18	lip	1.221e-05
18	airy	1.221e-05
18	refrefhe	1.221e-05
18	salubrious	1.221e-05
18	unwholfome	1.221e-05
18	treafur	1.221e-05
18	fweeted	1.221e-05
18	blithfome	1.221e-05
18	affumes	1.221e-05
18	olfid	1.221e-05
18	frankincense	1.221e-05
18	lascivious	1.221e-05
18	whiffler	1.221e-05
18	virid	1.221e-05
18	fervent	1.221e-05
18	meteor	1.221e-05
18	profuf	1.221e-05
18	tamely	1.221e-05
18	fky	1.221e-05
18	thick	1.221e-05
18	apodolic	1.221e-05
18	profufely	1.221e-05
18	zephyr	1.221e-05
18	wholcfome	1.221e-05
18	lousy	1.221e-05
18	diftillation	1.221e-05
18	fecne	1.221e-05
18	fhine	1.221e-05
18	fprightly	1.221e-05
18	garlicl	1.221e-05
18	crackle	1.221e-05
18	kiffe	1.221e-05
18	embalmed	1.221e-05
18	disgusting	1.221e-05
18	effluvias	1.221e-05
18	fromaromatick	1.221e-05
18	thefume	1.221e-05
18	fensivesmell	1.221e-05
18	melodious	1.221e-05
18	noisom	1.221e-05
18	smoky	1.221e-05
18	smoaky	1.221e-05
18	sordid	1.221e-05
18	shinke	1.221e-05
18	perfum	1.221e-05
18	fpiritual	1.221e-05
18	drong	1.221e-05
18	worit	1.221e-05
18	femur	1.221e-05
18	inconfumable	1.221e-05
18	giofum	1.221e-05
18	extravafate	1.221e-05
18	fetorem	1.221e-05
18	devour	1.221e-05
18	exfanguinous	1.221e-05
18	expofur	1.221e-05
18	rufus	1.221e-05
18	faporem	1.221e-05
18	felid	1.221e-05
18	floughe	1.221e-05
18	fonorous	1.221e-05
18	ferife	1.221e-05
18	difcoloure	1.221e-05
18	fettle	1.221e-05
18	aftringent	1.221e-05
18	whiffle	1.221e-05
18	pomatum	1.221e-05
18	chromatic	1.221e-05
18	delicious	1.221e-05
18	porofum	1.221e-05
18	exuvia	1.221e-05
18	pernicioussmellsand	1.221e-05
18	oifenfive	1.221e-05
18	exprefifed	1.221e-05
18	vomit	1.221e-05
18	fublime	1.221e-05
18	delapfum	1.221e-05
18	infufms	1.221e-05
18	fujfitus	1.221e-05
18	mulk	1.221e-05
18	odorable	1.221e-05
18	effcdtual	1.221e-05
18	ffate	1.221e-05
18	exfudates	1.221e-05
18	fragrancey	1.221e-05
18	illfmelle	1.221e-05
18	impure	1.221e-05
18	alfumat	1.221e-05
18	infurance	1.221e-05
18	ipintuous	1.221e-05
18	bloody	1.221e-05
18	aromacick	1.221e-05
18	femelle	1.221e-05
18	perfumers	1.221e-05
18	agglutinate	1.221e-05
18	vaporous	1.221e-05
18	ffance	1.221e-05
18	lic	1.221e-05
18	alfum	1.221e-05
18	ffim	1.221e-05
18	fenteur	1.221e-05
18	fmellox	1.221e-05
18	ticis	1.221e-05
18	exuberant	1.221e-05
18	putridity	1.221e-05
18	midfummer	1.221e-05
18	pilofum	1.221e-05
18	notfuffer	1.221e-05
18	fweeter	1.221e-05
18	meliorate	1.221e-05
18	ufefuf	1.221e-05
18	purulent	1.221e-05
18	perfufum	1.221e-05
18	putredinous	1.221e-05
18	fhivering	1.221e-05
18	cufiofum	1.221e-05
18	stinction	1.221e-05
18	muft	1.221e-05
18	thefffluviasofaromatick	1.221e-05
18	throfe	1.221e-05
18	infame	1.221e-05
18	refreflie	1.221e-05
18	fife	1.221e-05
18	folidum	1.221e-05
18	luffocate	1.221e-05
18	fecretion	1.221e-05
18	fubflrance	1.221e-05
18	tetid	1.221e-05
18	savours	1.221e-05
18	pluffy	1.221e-05
18	membrance	1.221e-05
18	fetifible	1.221e-05
18	inflrance	1.221e-05
18	fecur	1.221e-05
18	phofphoric	1.221e-05
18	fufe	1.221e-05
18	snot	1.221e-05
18	butyraceous	1.221e-05
18	confutuent	1.221e-05
18	effedfual	1.221e-05
18	afum	1.221e-05
18	cauffic	1.221e-05
18	zfetid	1.221e-05
18	infufiqn	1.221e-05
18	fufpenfum	1.221e-05
18	perfuforum	1.221e-05
18	extravafe	1.221e-05
18	fuceulent	1.221e-05
18	eruginous	1.221e-05
18	itch	1.221e-05
18	perfedly	1.221e-05
18	corticofum	1.221e-05
18	tortuofum	1.221e-05
18	ftinking	1.221e-05
18	irifufion	1.221e-05
18	ptifan	1.221e-05
18	mifery	1.221e-05
18	thebalfamick	1.221e-05
18	nious	1.221e-05
18	indifpofe	1.221e-05
18	eflu	1.221e-05
18	famomiky	1.221e-05
18	fpihtucus	1.221e-05
18	fiflure	1.221e-05
18	antidotal	1.221e-05
18	ptive	1.221e-05
18	effecls	1.221e-05
18	fultry	1.221e-05
18	afafaetida	1.221e-05
18	fenfibly	1.221e-05
18	vrithfetid	1.221e-05
18	refmous	1.221e-05
18	penetiate	1.221e-05
18	undtuous	1.221e-05
18	ferrugineous	1.221e-05
18	allume	1.221e-05
18	fungofum	1.221e-05
18	fweetnef	1.221e-05
18	odorifque	1.221e-05
18	uvia	1.221e-05
18	pvofufe	1.221e-05
18	granulofum	1.221e-05
18	aromaticas	1.221e-05
18	ftain	1.221e-05
18	halfamical	1.221e-05
18	fcous	1.221e-05
18	eonfume	1.221e-05
18	deliccative	1.221e-05
18	afmell	1.221e-05
18	aetite	1.221e-05
18	perfuafum	1.221e-05
18	aromatifation	1.221e-05
18	efiential	1.221e-05
18	spiritnofum	1.221e-05
18	fir	1.221e-05
18	defolate	1.221e-05
18	fqetid	1.221e-05
18	juice	1.221e-05
18	thedool	1.221e-05
18	infufioii	1.221e-05
18	hoary	1.221e-05
18	fadidous	1.221e-05
18	factitious	1.221e-05
18	aromaticy	1.221e-05
18	muifum	1.221e-05
18	fainter	1.221e-05
18	antifpfamodic	1.221e-05
18	ffirub	1.221e-05
18	fpeak	1.221e-05
18	aromaiic	1.221e-05
18	effeblual	1.221e-05
18	infummer	1.221e-05
18	pus	1.221e-05
18	fwallowe	1.221e-05
18	effcdls	1.221e-05
18	odorifefous	1.221e-05
18	antifpafmodicfetid	1.221e-05
18	dephlogifticate	1.221e-05
18	offtinke	1.221e-05
18	frejh	1.221e-05
18	fpirkuous	1.221e-05
18	cortlcofum	1.221e-05
18	lafte	1.221e-05
18	fuccour	1.221e-05
18	eonfufe	1.221e-05
18	oderiferous	1.221e-05
18	efflux	1.221e-05
18	infede	1.221e-05
18	adfperfum	1.221e-05
18	injufum	1.221e-05
18	arenulofum	1.221e-05
18	poignant	1.221e-05
18	aromatique	1.221e-05
18	feetid	1.221e-05
18	spit	1.221e-05
18	gelatinofum	1.221e-05
18	fetius	1.221e-05
18	pltafure	1.221e-05
18	mofuma	1.221e-05
18	profluvia	1.221e-05
18	poursy	1.221e-05
18	itrid	1.221e-05
18	infufiort	1.221e-05
18	confufign	1.221e-05
18	caliginous	1.221e-05
18	ffeam	1.221e-05
18	orfeptic	1.221e-05
18	aromaic	1.221e-05
18	fcptic	1.221e-05
18	rdinous	1.221e-05
18	infution	1.221e-05
18	fragyant	1.221e-05
18	candy	1.221e-05
18	effentlal	1.221e-05
18	olfabtory	1.221e-05
18	profumo	1.221e-05
18	horrid	1.221e-05
18	tang	1.221e-05
18	fometiine	1.221e-05
18	foulnefie	1.221e-05
18	almod	1.221e-05
18	affual	1.221e-05
18	feline	1.221e-05
18	infe	1.221e-05
18	vilcous	1.221e-05
18	fiagrance	1.221e-05
18	difcous	1.221e-05
18	fupenour	1.221e-05
18	fmelli	1.221e-05
18	ation	1.221e-05
18	ferene	1.221e-05
18	odorifera	1.221e-05
18	refjreffie	1.221e-05
18	effcror	1.221e-05
18	foultry	1.221e-05
18	infperfum	1.221e-05
18	offmelle	1.221e-05
18	tfugar	1.221e-05
18	ferofum	1.221e-05
18	infufrcient	1.221e-05
18	aduofum	1.221e-05
18	tranflucid	1.221e-05
18	vifcofum	1.221e-05
18	oftenfum	1.221e-05
18	infufron	1.221e-05
18	nntluous	1.221e-05
18	faece	1.221e-05
18	odoriterous	1.221e-05
18	infuperable	1.221e-05
18	pallid	1.221e-05
18	vifcidity	1.221e-05
18	infum	1.221e-05
18	ffudy	1.221e-05
18	parfument	1.221e-05
18	olurflcinbfuman	1.221e-05
18	rofinous	1.221e-05
18	glutinous	1.221e-05
18	dorous	1.221e-05
18	ymelt	1.221e-05
18	snuffy	1.221e-05
18	confumotion	1.221e-05
18	infufeb	1.221e-05
18	tranfmute	1.221e-05
18	confeflu	1.221e-05
18	dulcour	1.221e-05
18	proflet	1.221e-05
18	feefoetid	1.221e-05
18	ginofum	1.221e-05
18	fnucilaginofum	1.221e-05
18	infafum	1.221e-05
18	convulflve	1.221e-05
18	fordid	1.221e-05
18	stick	1.221e-05
18	splendor	1.221e-05
18	fuftitious	1.221e-05
18	ftrongly	1.221e-05
18	overpower	1.221e-05
18	difpofe	1.221e-05
18	nuciferous	1.221e-05
18	indifcriminate	1.221e-05
18	fubfaline	1.221e-05
18	refiniferous	1.221e-05
18	aflual	1.221e-05
18	ftridlure	1.221e-05
18	fuperior	1.221e-05
18	tagnate	1.221e-05
18	infeflion	1.221e-05
18	frigorific	1.221e-05
18	nfufion	1.221e-05
18	odoratur	1.221e-05
18	pfudo	1.221e-05
18	senfe	1.221e-05
18	infeff	1.221e-05
18	tlufe	1.221e-05
18	fifuper	1.221e-05
18	ticofum	1.221e-05
18	drofly	1.221e-05
18	infamis	1.221e-05
18	ietid	1.221e-05
18	periculofum	1.221e-05
18	effeflual	1.221e-05
18	fetidum	1.221e-05
18	smelh	1.221e-05
18	infedious	1.221e-05
18	rcfinous	1.221e-05
18	annofum	1.221e-05
18	odoribus	1.221e-05
18	france	1.221e-05
18	alkalefcent	1.221e-05
18	antifebiile	1.221e-05
18	feminal	1.221e-05
18	peftiferious	1.221e-05
18	ffime	1.221e-05
18	brackifll	1.221e-05
18	perfufu	1.221e-05
18	fucha	1.221e-05
18	fcromatick	1.221e-05
18	aforefaid	1.221e-05
18	thesmell	1.221e-05
18	itious	1.221e-05
18	drofify	1.221e-05
18	fodorifick	1.221e-05
18	ftyptick	1.221e-05
18	charge	1.221e-05
18	parfumi	1.221e-05
18	iiltmelle	1.221e-05
18	cetid	1.221e-05
18	iromatic	1.221e-05
18	odorz	1.221e-05
18	alkalious	1.221e-05
18	eyacuation	1.221e-05
18	gous	1.221e-05
18	albuminous	1.221e-05
18	odoratd	1.221e-05
18	cufromary	1.221e-05
18	odorent	1.221e-05
18	efience	1.221e-05
18	ver	1.221e-05
18	prcfumable	1.221e-05
18	lading	1.221e-05
18	perfudit	1.221e-05
18	tlmfame	1.221e-05
18	infedion	1.221e-05
18	biliofum	1.221e-05
18	diffurbance	1.221e-05
18	umbelliferous	1.221e-05
18	rurfumin	1.221e-05
18	ffink	1.221e-05
18	rfume	1.221e-05
18	fuafum	1.221e-05
18	agreeable	1.221e-05
18	flmell	1.221e-05
18	effetual	1.221e-05
18	afeful	1.221e-05
18	fmellirig	1.221e-05
18	thefulphur	1.221e-05
18	styptick	1.221e-05
18	unfeetid	1.221e-05
18	infect	1.221e-05
18	ufefuj	1.221e-05
18	emollient	1.221e-05
18	compofition	1.221e-05
18	fublunary	1.221e-05
18	infufi	1.221e-05
18	humid	1.221e-05
18	fmelting	1.221e-05
18	unconfumed	1.221e-05
18	lloughy	1.221e-05
18	droffy	1.221e-05
18	perforate	1.221e-05
18	fpiiituous	1.221e-05
18	rciinous	1.221e-05
18	diflenfum	1.221e-05
18	fetif	1.221e-05
18	transfufum	1.221e-05
18	confumcd	1.221e-05
18	nitrofus	1.221e-05
18	dofum	1.221e-05
18	aphis	1.221e-05
18	fluous	1.221e-05
18	odoriferus	1.221e-05
18	nate	1.221e-05
18	fecms	1.221e-05
18	obfufeate	1.221e-05
18	fetim	1.221e-05
18	ferofitie	1.221e-05
18	verrninous	1.221e-05
18	infufuin	1.221e-05
18	enclofure	1.221e-05
18	exhalent	1.221e-05
18	dlftind	1.221e-05
18	antifep	1.221e-05
18	odorifero	1.221e-05
18	fpiritous	1.221e-05
18	circumambient	1.221e-05
18	deprave	1.221e-05
18	fugacious	1.221e-05
18	foporifick	1.221e-05
18	calamus	1.221e-05
18	effmid	1.221e-05
18	infufible	1.221e-05
18	ffupendous	1.221e-05
18	antidota	1.221e-05
18	pollute	1.221e-05
18	balfamical	1.221e-05
18	rorid	1.221e-05
18	confumi	1.221e-05
18	infufmg	1.221e-05
18	produdls	1.221e-05
18	muiky	1.221e-05
18	ffem	1.221e-05
18	alafetid	1.221e-05
18	elichryfum	1.221e-05
18	refreshing	1.221e-05
18	odorath	1.221e-05
18	fabid	1.221e-05
18	cajfuma	1.221e-05
18	aromar	1.221e-05
18	indole	1.221e-05
18	fhrub	1.221e-05
18	aqrid	1.221e-05
18	rable	1.221e-05
18	ruginous	1.221e-05
18	antiputrefeent	1.221e-05
18	infufiori	1.221e-05
18	withfulphur	1.221e-05
18	jtinking	1.221e-05
18	nauleous	1.221e-05
18	nolfome	1.221e-05
18	eafy	1.221e-05
18	dejection	1.221e-05
18	reverfe	1.221e-05
18	cryftallife	1.221e-05
18	fcitamineous	1.221e-05
18	difperfum	1.221e-05
18	fudorific	1.221e-05
18	putrefactive	1.221e-05
18	fctid	1.221e-05
18	lufhious	1.221e-05
18	dilfecence	1.221e-05
18	faffum	1.221e-05
18	fpring	1.221e-05
18	faline	1.221e-05
18	floriferous	1.221e-05
18	raviffie	1.221e-05
18	flagrant	1.221e-05
18	vitriolic	1.221e-05
18	exercife	1.221e-05
18	impetiginous	1.221e-05
18	odorirerous	1.221e-05
18	fcoure	1.221e-05
18	perfediffimum	1.221e-05
18	palfum	1.221e-05
18	pekilential	1.221e-05
18	cofum	1.221e-05
18	treatife	1.221e-05
18	religiofum	1.221e-05
18	perfumarla	1.221e-05
18	inodorus	1.221e-05
18	garlicky	1.221e-05
18	pappy	1.221e-05
18	fmothering	1.221e-05
18	greafy	1.221e-05
18	ffande	1.221e-05
18	perfeft	1.221e-05
18	effcdoal	1.221e-05
18	excretion	1.221e-05
18	frefii	1.221e-05
18	effehi	1.221e-05
18	odotiferous	1.221e-05
18	didilie	1.221e-05
18	fulible	1.221e-05
18	fpicc	1.221e-05
18	confumptive	1.221e-05
18	flupendous	1.221e-05
18	infufa	1.221e-05
18	perfedb	1.221e-05
18	caufe	1.221e-05
18	lleam	1.221e-05
18	ocorous	1.221e-05
18	flance	1.221e-05
18	lifufum	1.221e-05
18	odorg	1.221e-05
18	tagious	1.221e-05
18	fungy	1.221e-05
18	fubaromaticus	1.221e-05
18	loetid	1.221e-05
18	fagrant	1.221e-05
18	fetidae	1.221e-05
18	brifker	1.221e-05
18	contufum	1.221e-05
18	arcnofum	1.221e-05
18	offweet	1.221e-05
18	aromaric	1.221e-05
18	odoc	1.221e-05
18	prefumere	1.221e-05
18	fudorifick	1.221e-05
18	schaenophrafum	1.221e-05
18	filiquofum	1.221e-05
18	infufb	1.221e-05
18	tredinous	1.221e-05
18	falutiferous	1.221e-05
18	infetifible	1.221e-05
18	odoriffirous	1.221e-05
18	thefearefuc	1.221e-05
18	ffurp	1.221e-05
18	fweettmelle	1.221e-05
18	giutinous	1.221e-05
18	infettious	1.221e-05
18	infumo	1.221e-05
18	fylphur	1.221e-05
18	fetidus	1.221e-05
18	pweet	1.221e-05
18	infufid	1.221e-05
18	fubfequent	1.221e-05
18	faditious	1.221e-05
18	noifeme	1.221e-05
18	fpiniferous	1.221e-05
18	trill	6.11e-06
18	charm	6.11e-06
18	difclofure	6.11e-06
18	afimelle	6.11e-06
18	afimelling	6.11e-06
18	anxious	6.11e-06
18	sauour	6.11e-06
18	mustek	6.11e-06
18	mack	6.11e-06
18	fweetne	6.11e-06
18	revive	6.11e-06
18	reviving	6.11e-06
18	perfurrie	6.11e-06
18	persum	6.11e-06
18	whift	6.11e-06
18	perch	6.11e-06
18	purfume	6.11e-06
18	fliriek	6.11e-06
18	lmoake	6.11e-06
18	fervour	6.11e-06
18	sweeten	6.11e-06
18	snore	6.11e-06
18	embofom	6.11e-06
18	pleafe	6.11e-06
18	dish	6.11e-06
18	fragraney	6.11e-06
18	smeek	6.11e-06
18	fete	6.11e-06
18	hum	6.11e-06
18	cdour	6.11e-06
18	ftreek	6.11e-06
18	olio	6.11e-06
18	mufic	6.11e-06
18	shriek	6.11e-06
18	sound	6.11e-06
18	odorif	6.11e-06
18	scuff	6.11e-06
18	contagion	6.11e-06
18	refresh	6.11e-06
18	dew	6.11e-06
18	frifke	6.11e-06
18	fmutty	6.11e-06
18	drefle	6.11e-06
18	reaffum	6.11e-06
18	promifcuous	6.11e-06
18	allure	6.11e-06
18	alluring	6.11e-06
18	unfum	6.11e-06
18	scud	6.11e-06
18	squeek	6.11e-06
18	hamelle	6.11e-06
18	dore	6.11e-06
18	venom	6.11e-06
18	officious	6.11e-06
18	fnuffs	6.11e-06
18	toil	6.11e-06
18	footdool	6.11e-06
18	snort	6.11e-06
18	smoake	6.11e-06
18	sunk	6.11e-06
18	whisper	6.11e-06
18	fumette	6.11e-06
18	disea	6.11e-06
18	fhe	6.11e-06
18	disoonour	6.11e-06
18	bofom	6.11e-06
18	correfepondence	6.11e-06
18	wreath	6.11e-06
18	peifume	6.11e-06
18	ftiriek	6.11e-06
18	plendour	6.11e-06
18	whififler	6.11e-06
18	stinkest	6.11e-06
18	send	6.11e-06
18	viour	6.11e-06
18	acidliquor	6.11e-06
18	noxioussmell	6.11e-06
18	scentsas	6.11e-06
18	stincke	6.11e-06
18	stincking	6.11e-06
18	presum	6.11e-06
18	goodsmell	6.11e-06
18	sleek	6.11e-06
18	asmell	6.11e-06
18	offending	6.11e-06
18	lovely	6.11e-06
18	touch	6.11e-06
18	perfumeit	6.11e-06
18	toperfume	6.11e-06
18	theeffluvium	6.11e-06
18	errour	6.11e-06
18	polluted	6.11e-06
18	glistre	6.11e-06
18	spread	6.11e-06
18	diff	6.11e-06
18	errhine	6.11e-06
18	odouri	6.11e-06
18	gue	6.11e-06
18	pbjedts	6.11e-06
18	thirfly	6.11e-06
18	fiflula	6.11e-06
18	licour	6.11e-06
18	fmellan	6.11e-06
18	amines	6.11e-06
18	fubglobofum	6.11e-06
18	affede	6.11e-06
18	fuifocate	6.11e-06
18	fuifocating	6.11e-06
18	loetor	6.11e-06
18	pleafufe	6.11e-06
18	lcent	6.11e-06
18	flmelt	6.11e-06
18	mfufum	6.11e-06
18	rituofum	6.11e-06
18	obcufum	6.11e-06
18	depreffe	6.11e-06
18	imellin	6.11e-06
18	quour	6.11e-06
18	fpecifick	6.11e-06
18	infuficn	6.11e-06
18	oblfinate	6.11e-06
18	oolour	6.11e-06
18	contufed	6.11e-06
18	fkull	6.11e-06
18	fulphurous	6.11e-06
18	fniff	6.11e-06
18	tfulphurofum	6.11e-06
18	infmell	6.11e-06
18	fyflem	6.11e-06
18	felect	6.11e-06
18	dedroye	6.11e-06
18	odoyr	6.11e-06
18	sus	6.11e-06
18	redfum	6.11e-06
18	vagrancy	6.11e-06
18	fnulf	6.11e-06
18	fweetfmelle	6.11e-06
18	invifum	6.11e-06
18	fenfuality	6.11e-06
18	eflfence	6.11e-06
18	unhverfum	6.11e-06
18	confufum	6.11e-06
18	scacrefpirituofum	6.11e-06
18	infufis	6.11e-06
18	inflainmable	6.11e-06
18	hpour	6.11e-06
18	tnfufum	6.11e-06
18	odiofum	6.11e-06
18	nofus	6.11e-06
18	falfuginofu	6.11e-06
18	whiflc	6.11e-06
18	whif	6.11e-06
18	aromatlcs	6.11e-06
18	alitus	6.11e-06
18	thirll	6.11e-06
18	infufibility	6.11e-06
18	diluvia	6.11e-06
18	aflfume	6.11e-06
18	clufum	6.11e-06
18	nel	6.11e-06
18	confumtd	6.11e-06
18	digede	6.11e-06
18	ofperfume	6.11e-06
18	foulneis	6.11e-06
18	fracrancy	6.11e-06
18	blolfom	6.11e-06
18	ttink	6.11e-06
18	effitivia	6.11e-06
18	effufe	6.11e-06
18	infuffng	6.11e-06
18	aromati	6.11e-06
18	eadem	6.11e-06
18	atrabilious	6.11e-06
18	hyfleric	6.11e-06
18	vadid	6.11e-06
18	vittue	6.11e-06
18	effiuvium	6.11e-06
18	eharge	6.11e-06
18	infetfe	6.11e-06
18	ejffluvia	6.11e-06
18	fpeech	6.11e-06
18	fkuffe	6.11e-06
18	odort	6.11e-06
18	fierfume	6.11e-06
18	pod	6.11e-06
18	aromacical	6.11e-06
18	dilfipate	6.11e-06
18	fmellto	6.11e-06
18	tranf	6.11e-06
18	profufeft	6.11e-06
18	oleaginous	6.11e-06
18	vsmell	6.11e-06
18	flekens	6.11e-06
18	fleken	6.11e-06
18	fcdiment	6.11e-06
18	flrongfmell	6.11e-06
18	occlufum	6.11e-06
18	nfum	6.11e-06
18	perfuma	6.11e-06
18	diffilfum	6.11e-06
18	ifmell	6.11e-06
18	tonfume	6.11e-06
18	thefmellof	6.11e-06
18	freffl	6.11e-06
18	tragrance	6.11e-06
18	humidity	6.11e-06
18	fmut	6.11e-06
18	fucb	6.11e-06
18	diforder	6.11e-06
18	infuftng	6.11e-06
18	fluvium	6.11e-06
18	ftrongfmell	6.11e-06
18	fmellef	6.11e-06
18	calamint	6.11e-06
18	nauseate	6.11e-06
18	nauseating	6.11e-06
18	pallor	6.11e-06
18	polypufe	6.11e-06
18	putfifye	6.11e-06
18	ttiiiiour	6.11e-06
18	fhivere	6.11e-06
18	tue	6.11e-06
18	diffufus	6.11e-06
18	canker	6.11e-06
18	smelteth	6.11e-06
18	tiom	6.11e-06
18	fmile	6.11e-06
18	fweetfmell	6.11e-06
18	likefmell	6.11e-06
18	crifpum	6.11e-06
18	ownillfmell	6.11e-06
18	thefub	6.11e-06
18	oleofam	6.11e-06
18	utiiverfum	6.11e-06
18	tiok	6.11e-06
18	efflft	6.11e-06
18	offenfivefmell	6.11e-06
18	putrifie	6.11e-06
18	effecl	6.11e-06
18	odoratus	6.11e-06
18	hurtfuf	6.11e-06
18	refolu	6.11e-06
18	perfiffe	6.11e-06
18	fummitate	6.11e-06
18	fcctor	6.11e-06
18	vifciditie	6.11e-06
18	andfmell	6.11e-06
18	defedate	6.11e-06
18	yigour	6.11e-06
18	refilter	6.11e-06
18	narcotic	6.11e-06
18	smolt	6.11e-06
18	tinflure	6.11e-06
18	menftfuum	6.11e-06
18	gravia	6.11e-06
18	olfablory	6.11e-06
18	rootfmelleth	6.11e-06
18	manfum	6.11e-06
18	fubifance	6.11e-06
18	odorer	6.11e-06
18	odoy	6.11e-06
18	pluviofum	6.11e-06
18	flronglyperfume	6.11e-06
18	fale	6.11e-06
18	unwholefome	6.11e-06
18	parcel	6.11e-06
18	aifedfe	6.11e-06
18	effecis	6.11e-06
18	hypocauifum	6.11e-06
18	fubirance	6.11e-06
18	flufhing	6.11e-06
18	tade	6.11e-06
18	humour	6.11e-06
18	fetors	6.11e-06
18	aromatise	6.11e-06
18	tint	6.11e-06
18	fragtan	6.11e-06
18	thatfmell	6.11e-06
18	fifuate	6.11e-06
18	smelli	6.11e-06
18	odoratos	6.11e-06
18	lofes	6.11e-06
18	griping	6.11e-06
18	odoreth	6.11e-06
18	odorabi	6.11e-06
18	ovum	6.11e-06
18	smelkd	6.11e-06
18	odoril	6.11e-06
18	expel	6.11e-06
18	diank	6.11e-06
18	smelleth	6.11e-06
18	iieitfur	6.11e-06
18	perfevcrance	6.11e-06
18	fkink	6.11e-06
18	arink	6.11e-06
18	coftfume	6.11e-06
18	abfum	6.11e-06
18	fififure	6.11e-06
18	differingsmell	6.11e-06
18	riculofum	6.11e-06
18	decodle	6.11e-06
18	refmofum	6.11e-06
18	balfum	6.11e-06
18	fmeffe	6.11e-06
18	fmelfof	6.11e-06
18	fmellcd	6.11e-06
18	hepatife	6.11e-06
18	femellas	6.11e-06
18	femella	6.11e-06
18	afa	6.11e-06
18	confumption	6.11e-06
18	unconfume	6.11e-06
18	aromatice	6.11e-06
18	foulnefle	6.11e-06
18	exfur	6.11e-06
18	tomentofum	6.11e-06
18	hydrophobia	6.11e-06
18	outfide	6.11e-06
18	fatigue	6.11e-06
18	quality	6.11e-06
18	afifume	6.11e-06
18	nuifance	6.11e-06
18	fretor	6.11e-06
18	fnorte	6.11e-06
18	defenfum	6.11e-06
18	fmirk	6.11e-06
18	juft	6.11e-06
18	vaporbfum	6.11e-06
18	fcetidsmell	6.11e-06
18	hunnour	6.11e-06
18	diarrhea	6.11e-06
18	freih	6.11e-06
18	odoration	6.11e-06
18	nef	6.11e-06
18	infube	6.11e-06
18	afiidance	6.11e-06
18	unfuff	6.11e-06
18	nafute	6.11e-06
18	foully	6.11e-06
18	odouf	6.11e-06
18	belide	6.11e-06
18	meerstinz	6.11e-06
18	fdool	6.11e-06
18	effea	6.11e-06
18	ablefmell	6.11e-06
18	afife	6.11e-06
18	fmellr	6.11e-06
18	jfmell	6.11e-06
18	clamour	6.11e-06
18	efficitur	6.11e-06
18	tuberance	6.11e-06
18	oink	6.11e-06
18	oinking	6.11e-06
18	orfume	6.11e-06
18	lixivium	6.11e-06
18	liour	6.11e-06
18	tefufe	6.11e-06
18	cleanfe	6.11e-06
18	zteperdefcenfum	6.11e-06
18	infpififate	6.11e-06
18	thejoake	6.11e-06
18	infufedfour	6.11e-06
18	flough	6.11e-06
18	reaffume	6.11e-06
18	sulfuris	6.11e-06
18	ffmell	6.11e-06
18	agglur	6.11e-06
18	drance	6.11e-06
18	cfflu	6.11e-06
18	anyfmell	6.11e-06
18	pertxfum	6.11e-06
18	rant	6.11e-06
18	fugare	6.11e-06
18	ufes	6.11e-06
18	foctor	6.11e-06
18	dlfeafe	6.11e-06
18	luccofum	6.11e-06
18	tnofum	6.11e-06
18	juofum	6.11e-06
18	ihfufe	6.11e-06
18	affedion	6.11e-06
18	cataplafm	6.11e-06
18	otince	6.11e-06
18	fagacious	6.11e-06
18	dilufe	6.11e-06
18	effeh	6.11e-06
18	difeovering	6.11e-06
18	elapfum	6.11e-06
18	prcfufe	6.11e-06
18	diftreffe	6.11e-06
18	afifure	6.11e-06
18	fulculofum	6.11e-06
18	poifon	6.11e-06
18	ter	6.11e-06
18	confiflence	6.11e-06
18	fpedfator	6.11e-06
18	percolat	6.11e-06
18	falad	6.11e-06
18	fave	6.11e-06
18	faving	6.11e-06
18	ordure	6.11e-06
18	fpiritucus	6.11e-06
18	odoriseffluvia	6.11e-06
18	fuccef	6.11e-06
18	rfmell	6.11e-06
18	halitus	6.11e-06
18	smoking	6.11e-06
18	infue	6.11e-06
18	ofthefenfe	6.11e-06
18	lurrounde	6.11e-06
18	foa	6.11e-06
18	fapore	6.11e-06
18	scorodum	6.11e-06
18	licious	6.11e-06
18	lixiviofum	6.11e-06
18	arbour	6.11e-06
18	foflula	6.11e-06
18	bloflom	6.11e-06
18	aromatiq	6.11e-06
18	fubnaudofu	6.11e-06
18	eflufe	6.11e-06
18	vicinior	6.11e-06
18	perfumaban	6.11e-06
18	ritus	6.11e-06
18	propitious	6.11e-06
18	longtmelt	6.11e-06
18	ilfue	6.11e-06
18	preffure	6.11e-06
18	olcous	6.11e-06
18	fubfirance	6.11e-06
18	infufwn	6.11e-06
18	pick	6.11e-06
18	imprifontd	6.11e-06
18	loudclamour	6.11e-06
18	oetor	6.11e-06
18	nofmell	6.11e-06
18	ericulofum	6.11e-06
18	fubflance	6.11e-06
18	fragram	6.11e-06
18	fkilful	6.11e-06
18	emana	6.11e-06
18	lmelk	6.11e-06
18	perfedlion	6.11e-06
18	fcorche	6.11e-06
18	afearide	6.11e-06
18	fomietime	6.11e-06
18	fliimulate	6.11e-06
18	rtagnate	6.11e-06
18	fublimate	6.11e-06
18	mnofum	6.11e-06
18	fmeare	6.11e-06
18	fetiion	6.11e-06
18	dilfection	6.11e-06
18	fub	6.11e-06
18	feale	6.11e-06
18	sweat	6.11e-06
18	fhould	6.11e-06
18	effeas	6.11e-06
18	infufam	6.11e-06
18	aqnofum	6.11e-06
18	herbaceus	6.11e-06
18	fotus	6.11e-06
18	diapafm	6.11e-06
18	dhon	6.11e-06
18	chroma	6.11e-06
18	solanum	6.11e-06
18	furiofum	6.11e-06
18	feente	6.11e-06
18	ffews	6.11e-06
18	baliamic	6.11e-06
18	omell	6.11e-06
18	fwim	6.11e-06
18	kffluvia	6.11e-06
18	lours	6.11e-06
18	effiavia	6.11e-06
18	afeenfum	6.11e-06
18	defeenfum	6.11e-06
18	evagrancy	6.11e-06
18	tfumor	6.11e-06
18	itlipfum	6.11e-06
18	charad	6.11e-06
18	fuperfiuous	6.11e-06
18	extradof	6.11e-06
18	fubuytmfum	6.11e-06
18	accenifum	6.11e-06
18	infufedin	6.11e-06
18	effluvi	6.11e-06
18	ltank	6.11e-06
18	emulation	6.11e-06
18	effufion	6.11e-06
18	odfiur	6.11e-06
18	fmelta	6.11e-06
18	exaftfmell	6.11e-06
18	imoak	6.11e-06
18	fime	6.11e-06
18	effluviate	6.11e-06
18	remonffrance	6.11e-06
18	seed	6.11e-06
18	fmellim	6.11e-06
18	ametime	6.11e-06
18	fmelltng	6.11e-06
18	nafum	6.11e-06
18	fmelc	6.11e-06
18	fmeltin	6.11e-06
18	eftence	6.11e-06
18	afiluvia	6.11e-06
18	effluifia	6.11e-06
18	effliuvia	6.11e-06
18	talle	6.11e-06
18	amomumracemofum	6.11e-06
18	giobofum	6.11e-06
18	fkow	6.11e-06
18	afcenfum	6.11e-06
18	ome	6.11e-06
18	fcale	6.11e-06
18	indolence	6.11e-06
18	fimple	6.11e-06
18	fouled	6.11e-06
18	didenfum	6.11e-06
18	codfum	6.11e-06
18	svmell	6.11e-06
18	fnuflf	6.11e-06
18	effccss	6.11e-06
18	perfed	6.11e-06
18	folic	6.11e-06
18	fliivour	6.11e-06
18	effefis	6.11e-06
18	expofiiig	6.11e-06
18	ffe	6.11e-06
18	jfimple	6.11e-06
18	friction	6.11e-06
18	affluvium	6.11e-06
18	confumc	6.11e-06
18	difufed	6.11e-06
18	apnearance	6.11e-06
18	fomc	6.11e-06
18	infuffer	6.11e-06
18	infulfum	6.11e-06
18	frofluvia	6.11e-06
18	hunriour	6.11e-06
18	ftench	6.11e-06
18	peftilential	6.11e-06
18	dool	6.11e-06
18	perfufus	6.11e-06
18	infufc	6.11e-06
18	fpirent	6.11e-06
18	iffibalm	6.11e-06
18	fealt	6.11e-06
18	irinke	6.11e-06
18	profafe	6.11e-06
18	fettor	6.11e-06
18	dijfufum	6.11e-06
18	racter	6.11e-06
18	andtmelt	6.11e-06
18	odorament	6.11e-06
18	interpofe	6.11e-06
18	eolour	6.11e-06
18	jnour	6.11e-06
18	didfum	6.11e-06
18	divifum	6.11e-06
18	ufue	6.11e-06
18	ftime	6.11e-06
18	dlftafe	6.11e-06
18	unfavory	6.11e-06
18	hoxious	6.11e-06
18	perfaturate	6.11e-06
18	cenfure	6.11e-06
18	appaerance	6.11e-06
18	gafeous	6.11e-06
18	jefum	6.11e-06
18	difcem	6.11e-06
18	objeq	6.11e-06
18	diflem	6.11e-06
18	eltluvia	6.11e-06
18	fmelld	6.11e-06
18	eflfletfatdum	6.11e-06
18	ipour	6.11e-06
18	flegm	6.11e-06
18	igitur	6.11e-06
18	rdot	6.11e-06
18	noftfum	6.11e-06
18	granulate	6.11e-06
18	profiuvia	6.11e-06
18	paradifum	6.11e-06
18	prodit	6.11e-06
18	aromad	6.11e-06
18	ialfum	6.11e-06
18	flrongfetor	6.11e-06
18	cfiluvia	6.11e-06
18	fador	6.11e-06
18	fffluvia	6.11e-06
18	fabfequent	6.11e-06
18	affetion	6.11e-06
18	matory	6.11e-06
18	grof	6.11e-06
18	whiffe	6.11e-06
18	fetife	6.11e-06
18	affedfe	6.11e-06
18	eff	6.11e-06
18	ftance	6.11e-06
18	feent	6.11e-06
18	infebe	6.11e-06
18	infebed	6.11e-06
18	nefte	6.11e-06
18	extafie	6.11e-06
18	ffure	6.11e-06
18	fodomite	6.11e-06
18	perfuiion	6.11e-06
18	lignofum	6.11e-06
18	aicenfum	6.11e-06
18	ness	6.11e-06
18	fomcs	6.11e-06
18	fermentation	6.11e-06
18	feafon	6.11e-06
18	evode	6.11e-06
18	infufiom	6.11e-06
18	palfie	6.11e-06
18	afeent	6.11e-06
18	olfactit	6.11e-06
18	lfavour	6.11e-06
18	unctuous	6.11e-06
18	fecte	6.11e-06
18	obfeure	6.11e-06
18	ordour	6.11e-06
18	uliginofum	6.11e-06
18	nofturnal	6.11e-06
18	omiffion	6.11e-06
18	inverfum	6.11e-06
18	difpoffeffe	6.11e-06
18	efifervefeent	6.11e-06
18	arefeent	6.11e-06
18	pommade	6.11e-06
18	remely	6.11e-06
18	fcouring	6.11e-06
18	famofum	6.11e-06
18	gaftorinofum	6.11e-06
18	ardor	6.11e-06
18	aromaticks	6.11e-06
18	elfed	6.11e-06
18	fiilphur	6.11e-06
18	efffe	6.11e-06
18	eifed	6.11e-06
18	tibus	6.11e-06
18	aquavit	6.11e-06
18	dfffuft	6.11e-06
18	glu	6.11e-06
18	tinous	6.11e-06
18	ditfum	6.11e-06
18	fantfmell	6.11e-06
18	fuf	6.11e-06
18	tincfure	6.11e-06
18	ffufe	6.11e-06
18	fette	6.11e-06
18	ampeloprafum	6.11e-06
18	angulofum	6.11e-06
18	fiftulofum	6.11e-06
18	fchcenoprafum	6.11e-06
18	paludofum	6.11e-06
18	efftuvia	6.11e-06
18	affeffe	6.11e-06
18	fubaftringent	6.11e-06
18	ammelle	6.11e-06
18	smellt	6.11e-06
18	acefum	6.11e-06
18	fcum	6.11e-06
18	daucus	6.11e-06
18	ferocious	6.11e-06
18	menfium	6.11e-06
18	llrong	6.11e-06
18	incifure	6.11e-06
18	affe	6.11e-06
18	grofis	6.11e-06
18	perfeff	6.11e-06
18	nonaequabiliterconfum	6.11e-06
18	fer	6.11e-06
18	andaffume	6.11e-06
18	sapor	6.11e-06
18	pmell	6.11e-06
18	fubtime	6.11e-06
18	efflutla	6.11e-06
18	lalcofum	6.11e-06
18	blufh	6.11e-06
18	frefhnef	6.11e-06
18	urance	6.11e-06
18	flower	6.11e-06
18	cpnfume	6.11e-06
18	fomeume	6.11e-06
18	fquamofum	6.11e-06
18	tanquam	6.11e-06
18	ferofite	6.11e-06
18	uneafmel	6.11e-06
18	fuperiour	6.11e-06
18	fecfction	6.11e-06
18	odoriieron	6.11e-06
18	odougg	6.11e-06
18	toothpick	6.11e-06
18	perfoh	6.11e-06
18	oxigene	6.11e-06
18	coiour	6.11e-06
18	feke	6.11e-06
18	fcde	6.11e-06
18	appetife	6.11e-06
18	fauce	6.11e-06
18	inhalation	6.11e-06
18	ffuff	6.11e-06
18	blojfom	6.11e-06
18	introfume	6.11e-06
18	ifprofufe	6.11e-06
18	spongjofum	6.11e-06
18	fetrofum	6.11e-06
18	effefr	6.11e-06
18	rmell	6.11e-06
18	claffe	6.11e-06
18	fmellk	6.11e-06
18	elegance	6.11e-06
18	remifum	6.11e-06
18	effental	6.11e-06
18	pdoriferous	6.11e-06
18	fcem	6.11e-06
18	diitille	6.11e-06
18	fufum	6.11e-06
18	odoran	6.11e-06
18	zolfuree	6.11e-06
18	smellinge	6.11e-06
18	infufiion	6.11e-06
18	admiffioh	6.11e-06
18	fpitte	6.11e-06
18	miafroata	6.11e-06
18	eilluvia	6.11e-06
18	pheric	6.11e-06
18	predifpofe	6.11e-06
18	vkpour	6.11e-06
18	difcharge	6.11e-06
18	flafk	6.11e-06
18	waflje	6.11e-06
18	mife	6.11e-06
18	yapour	6.11e-06
18	whifke	6.11e-06
18	effefl	6.11e-06
18	effedtof	6.11e-06
18	toul	6.11e-06
18	decoction	6.11e-06
18	effedb	6.11e-06
18	crajfum	6.11e-06
18	difeoloure	6.11e-06
18	jmelt	6.11e-06
18	ftools	6.11e-06
18	fostor	6.11e-06
18	confurr	6.11e-06
18	iffume	6.11e-06
18	nourifhment	6.11e-06
18	ferofuy	6.11e-06
18	fubffance	6.11e-06
18	ffirill	6.11e-06
18	rancour	6.11e-06
18	knack	6.11e-06
18	retfum	6.11e-06
18	taft	6.11e-06
18	ffuse	6.11e-06
18	odorcs	6.11e-06
18	animadverfum	6.11e-06
18	scentium	6.11e-06
18	fem	6.11e-06
18	obefum	6.11e-06
18	smoak	6.11e-06
18	patrrd	6.11e-06
18	infenfus	6.11e-06
18	oifmell	6.11e-06
18	fwoln	6.11e-06
18	afpiring	6.11e-06
18	heady	6.11e-06
18	squeak	6.11e-06
18	lcente	6.11e-06
18	pofition	6.11e-06
18	eflufion	6.11e-06
18	aflure	6.11e-06
18	fad	6.11e-06
18	jfum	6.11e-06
18	putrefeer	6.11e-06
18	fenfu	6.11e-06
18	ftirike	6.11e-06
18	ftiriking	6.11e-06
18	fpuff	6.11e-06
18	circumftance	6.11e-06
18	trofum	6.11e-06
18	tar	6.11e-06
18	eflfect	6.11e-06
18	fenfes	6.11e-06
18	toad	6.11e-06
18	periculofam	6.11e-06
18	fucffulent	6.11e-06
18	lymph	6.11e-06
18	quidipfum	6.11e-06
18	effcct	6.11e-06
18	fluffs	6.11e-06
18	fiagnate	6.11e-06
18	onfume	6.11e-06
18	effetfis	6.11e-06
18	foulneffe	6.11e-06
18	ftilential	6.11e-06
18	slur	6.11e-06
18	gleofum	6.11e-06
18	ilool	6.11e-06
18	tofup	6.11e-06
18	ftek	6.11e-06
18	prefiion	6.11e-06
18	fele	6.11e-06
18	diftemper	6.11e-06
18	fcald	6.11e-06
18	uddm	6.11e-06
18	horrour	6.11e-06
18	fink	6.11e-06
18	efbuvia	6.11e-06
18	tintfure	6.11e-06
18	fimelle	6.11e-06
18	efife	6.11e-06
18	condition	6.11e-06
18	pundfure	6.11e-06
18	tfum	6.11e-06
18	flekening	6.11e-06
18	fancy	6.11e-06
18	oppofe	6.11e-06
18	cleofum	6.11e-06
18	fuccefsfuk	6.11e-06
18	lilt	6.11e-06
18	condudor	6.11e-06
18	femes	6.11e-06
18	fragnate	6.11e-06
18	fcab	6.11e-06
18	feize	6.11e-06
18	fadtitious	6.11e-06
18	whific	6.11e-06
18	dreffing	6.11e-06
18	ftool	6.11e-06
18	fmellthat	6.11e-06
18	perfpire	6.11e-06
18	fnoff	6.11e-06
18	iweet	6.11e-06
18	wholefomefmell	6.11e-06
18	plure	6.11e-06
18	iinconfume	6.11e-06
18	fweetene	6.11e-06
18	emuvia	6.11e-06
18	peccant	6.11e-06
18	eoenofum	6.11e-06
18	fmelllo	6.11e-06
18	fubcarnofum	6.11e-06
18	remelte	6.11e-06
18	efflatur	6.11e-06
18	obfet	6.11e-06
18	jtink	6.11e-06
18	ffufa	6.11e-06
18	fubllrance	6.11e-06
18	effedts	6.11e-06
18	perfumery	6.11e-06
18	orinfufe	6.11e-06
18	ffiuvia	6.11e-06
18	fragrancv	6.11e-06
18	efur	6.11e-06
18	qdour	6.11e-06
18	fonous	6.11e-06
18	frnoke	6.11e-06
18	parfume	6.11e-06
18	eliclatur	6.11e-06
18	unperfume	6.11e-06
18	efflievia	6.11e-06
18	fece	6.11e-06
18	oifactus	6.11e-06
18	odoazs	6.11e-06
18	efem	6.11e-06
18	fparfum	6.11e-06
18	ffluvia	6.11e-06
18	styptic	6.11e-06
18	fan	6.11e-06
18	agreablefmell	6.11e-06
18	vermifuge	6.11e-06
18	scabious	6.11e-06
18	adfual	6.11e-06
18	alt	6.11e-06
18	flyptic	6.11e-06
18	ftnoke	6.11e-06
18	ffed	6.11e-06
18	ltinks	6.11e-06
18	jiritfum	6.11e-06
18	fpintuous	6.11e-06
18	olfaffus	6.11e-06
18	exhalant	6.11e-06
18	fdod	6.11e-06
18	ftiirmlate	6.11e-06
18	per	6.11e-06
18	fpiritoous	6.11e-06
18	taile	6.11e-06
18	fatfum	6.11e-06
18	pofleffe	6.11e-06
18	indow	6.11e-06
18	windy	6.11e-06
18	fwimme	6.11e-06
18	extinft	6.11e-06
18	trance	6.11e-06
18	immerfum	6.11e-06
18	magick	6.11e-06
19	smell	0.18389803
19	odour	0.1410261
19	aromatic	0.07921774
19	fragrant	0.07442666
19	scent	0.06257735
19	perfume	0.04909699
19	fetid	0.0386547
19	odor	0.0336595
19	olfactory	0.02840305
19	putrid	0.02574305
19	fragrance	0.02343481
19	scented	0.02278072
19	odorous	0.02074785
19	stink	0.01708201
19	snuff	0.01566536
19	odoriferous	0.01415499
19	reek	0.01148472
19	aroma	0.01147188
19	stench	0.00974519
19	foul	0.00892357
19	fume	0.00812827
19	breath	0.00595739
19	noxious	0.00541371
19	vapour	0.00518969
19	effluvia	0.00489571
19	whiff	0.00488094
19	sniff	0.00464408
19	fmell	0.00455486
19	offensive	0.00443932
19	fetor	0.00312794
19	nauseous	0.00221132
19	scentless	0.00205148
19	deodorize	0.00199885
19	essential	0.0017254
19	emanation	0.00142757
19	intoxicate	0.00119135
19	essence	0.00116311
19	noisome	0.00116182
19	inhale	0.00113872
19	perfumes	0.00113165
19	acrid	0.00109314
19	nostril	0.00108159
19	exhalation	0.00107196
19	inodorous	0.00095385
19	stank	0.00089223
19	hue	0.0008627
19	savour	0.00081007
19	effluvium	0.00080365
19	ing	0.00069902
19	indolent	0.00067206
19	aqueous	0.00066051
19	aromatics	0.00065409
19	foetid	0.00065216
19	obnoxious	0.00060338
19	odourless	0.00059888
19	splendour	0.00059375
19	nose	0.00057963
19	incense	0.0005623
19	odorless	0.00055459
19	pungent	0.00055267
19	liqueur	0.00053983
19	aromas	0.00053405
19	odore	0.00053149
19	sweet	0.00052314
19	fmelle	0.00047757
19	florid	0.00046794
19	arsenic	0.00045895
19	vapours	0.00041659
19	stunk	0.00039348
19	perfumery	0.00035111
19	deodorizer	0.00034791
19	infufion	0.0003447
19	mucus	0.00034405
19	fresh	0.00034341
19	vagrant	0.00033699
19	feculent	0.00033571
19	odorant	0.00031196
19	smelly	0.00030682
19	spicy	0.00029399
19	smelt	0.00028628
19	sulphur	0.00027537
19	breathe	0.00027152
19	pestiferous	0.0002497
19	fragrancy	0.00024713
19	whiffing	0.00024649
19	aromaticus	0.00023493
19	odorat	0.00023493
19	olfactorie	0.00022274
19	aromatise	0.00021888
19	infusible	0.0002176
19	ferous	0.00021439
19	smoke	0.00021182
19	candour	0.0002022
19	viscous	0.00020091
19	taint	0.00019963
19	olfaction	0.0001977
19	aromatize	0.00019706
19	perfumer	0.00019128
19	nuisance	0.00019
19	impregnate	0.00018679
19	puff	0.00018615
19	exhale	0.00017845
19	otto	0.00017203
19	laden	0.00016818
19	oxidize	0.00016818
19	chromate	0.00016561
19	meek	0.00016047
19	olfactive	0.00015919
19	grance	0.0001502
19	breathing	0.00014443
19	sapid	0.00014378
19	stimulant	0.00013929
19	resinous	0.00013865
19	strew	0.0001348
19	snuffy	0.0001348
19	ichorous	0.0001348
19	spice	0.00013287
19	garland	0.00012774
19	fcetid	0.00012774
19	vitiate	0.00012517
19	fetish	0.00012003
19	infufe	0.00011939
19	sultry	0.00011875
19	famish	0.0001149
19	appetise	0.00011426
19	frankincense	0.00011361
19	breeze	0.00010976
19	deodorant	0.00010655
19	alkaloid	0.00010334
19	parfum	0.00010078
19	discharge	9.821e-05
19	smel	9.5e-05
19	delicious	9.243e-05
19	infusum	9.179e-05
19	tic	9.115e-05
19	deodorization	9.051e-05
19	effeminate	8.986e-05
19	disgusting	8.922e-05
19	flavor	8.858e-05
19	turbid	8.794e-05
19	malodorous	8.666e-05
19	stagnate	8.601e-05
19	ous	8.601e-05
19	sanious	8.473e-05
19	poisonous	8.152e-05
19	stifle	8.152e-05
19	aromat	8.088e-05
19	miasm	7.895e-05
19	odo	7.703e-05
19	alcohol	7.639e-05
19	oily	7.574e-05
19	appetize	7.574e-05
19	sound	7.574e-05
19	sweetness	7.51e-05
19	appetising	7.382e-05
19	aromatical	7.382e-05
19	iferous	7.318e-05
19	fungous	7.253e-05
19	odeur	7.189e-05
19	odorus	7.061e-05
19	leek	6.997e-05
19	odorem	6.932e-05
19	fweet	6.868e-05
19	cologne	6.74e-05
19	vigour	6.676e-05
19	offend	6.547e-05
19	profufe	6.547e-05
19	impregnated	6.483e-05
19	riferous	6.419e-05
19	tint	6.419e-05
19	fetidity	6.419e-05
19	vapor	6.355e-05
19	effete	6.291e-05
19	odorate	6.098e-05
19	smut	6.098e-05
19	snort	6.034e-05
19	indol	5.97e-05
19	smelleth	5.905e-05
19	balsamic	5.905e-05
19	spray	5.841e-05
19	sweeten	5.777e-05
19	stanch	5.777e-05
19	fetide	5.777e-05
19	libation	5.713e-05
19	sweetsmelle	5.649e-05
19	taste	5.649e-05
19	umbelliferous	5.649e-05
19	savor	5.649e-05
19	fecte	5.649e-05
19	fece	5.649e-05
19	tion	5.584e-05
19	foetor	5.52e-05
19	ooze	5.392e-05
19	infuse	5.392e-05
19	bergamot	5.328e-05
19	fcetor	5.199e-05
19	intolerable	5.135e-05
19	miasma	5.135e-05
19	thyme	5.071e-05
19	ovum	5.071e-05
19	pestilential	5.007e-05
19	smoking	4.878e-05
19	febrifuge	4.878e-05
19	nauseate	4.814e-05
19	stinkard	4.75e-05
19	foulness	4.75e-05
19	olfactus	4.686e-05
19	appetizing	4.622e-05
19	bilious	4.622e-05
19	aloe	4.622e-05
19	fectious	4.622e-05
19	exhilarate	4.557e-05
19	sneeze	4.557e-05
19	atmosphere	4.493e-05
19	aromatick	4.429e-05
19	impure	4.429e-05
19	gas	4.429e-05
19	fucus	4.365e-05
19	stagnant	4.365e-05
19	odora	4.365e-05
19	theobroma	4.365e-05
19	tannin	4.365e-05
19	disinfect	4.365e-05
19	frag	4.301e-05
19	ness	4.172e-05
19	fmoke	4.172e-05
19	confume	4.108e-05
19	frothy	4.108e-05
19	odoure	3.916e-05
19	nauseating	3.916e-05
19	garlick	3.787e-05
19	fouler	3.787e-05
19	aromata	3.787e-05
19	saline	3.787e-05
19	superfluous	3.659e-05
19	ardour	3.595e-05
19	balmy	3.595e-05
19	air	3.595e-05
19	salubrious	3.53e-05
19	refreshing	3.53e-05
19	smelling	3.53e-05
19	odom	3.53e-05
19	musty	3.466e-05
19	cactus	3.466e-05
19	albuminous	3.466e-05
19	corrupt	3.402e-05
19	smoky	3.338e-05
19	inhalation	3.338e-05
19	smeller	3.274e-05
19	frigid	3.274e-05
19	balm	3.274e-05
19	chromatic	3.274e-05
19	glaucous	3.274e-05
19	monobromate	3.274e-05
19	effential	3.274e-05
19	smok	3.209e-05
19	exhala	3.209e-05
19	alkaline	3.209e-05
19	remelte	3.209e-05
19	purulent	3.209e-05
19	ichor	3.209e-05
19	rous	3.145e-05
19	savoury	3.145e-05
19	blush	3.081e-05
19	blossom	3.081e-05
19	hiss	3.081e-05
19	mucous	3.081e-05
19	oman	3.017e-05
19	murky	3.017e-05
19	fetido	3.017e-05
19	scald	2.953e-05
19	erfume	2.953e-05
19	odorante	2.953e-05
19	olfac	2.953e-05
19	sulphurous	2.889e-05
19	zephyr	2.889e-05
19	langour	2.889e-05
19	ottos	2.889e-05
19	lour	2.889e-05
19	prefume	2.889e-05
19	stinct	2.824e-05
19	downpour	2.824e-05
19	eff	2.824e-05
19	faece	2.824e-05
19	iridescent	2.696e-05
19	gum	2.696e-05
19	stimulate	2.696e-05
19	glutinous	2.696e-05
19	confufe	2.696e-05
19	efiluvia	2.696e-05
19	stinke	2.632e-05
19	antidotal	2.632e-05
19	odoiu	2.632e-05
19	fapid	2.632e-05
19	whiz	2.568e-05
19	nitrous	2.568e-05
19	brackish	2.568e-05
19	poison	2.568e-05
19	ethereal	2.568e-05
19	unwholesome	2.568e-05
19	fester	2.568e-05
19	stinkin	2.568e-05
19	sebaceous	2.568e-05
19	perspiration	2.568e-05
19	smeek	2.503e-05
19	loathsome	2.503e-05
19	stenche	2.503e-05
19	odoiir	2.503e-05
19	eflential	2.503e-05
19	pus	2.503e-05
19	medicinal	2.439e-05
19	salt	2.439e-05
19	vapid	2.375e-05
19	scour	2.375e-05
19	stupendous	2.375e-05
19	fetidness	2.375e-05
19	frigorific	2.375e-05
19	odorose	2.375e-05
19	olfact	2.375e-05
19	odorize	2.375e-05
19	stinctive	2.375e-05
19	fmelt	2.311e-05
19	grumous	2.311e-05
19	mellow	2.247e-05
19	sweetscente	2.247e-05
19	taker	2.247e-05
19	gust	2.247e-05
19	odorise	2.247e-05
19	fouled	2.247e-05
19	glairy	2.247e-05
19	imell	2.247e-05
19	noysome	2.182e-05
19	stid	2.182e-05
19	soap	2.182e-05
19	odonr	2.182e-05
19	emetine	2.182e-05
19	eflfect	2.182e-05
19	odoi	2.182e-05
19	faetor	2.182e-05
19	slur	2.118e-05
19	smelhng	2.118e-05
19	flavour	2.118e-05
19	diarrhoea	2.118e-05
19	stinken	2.054e-05
19	sickly	2.054e-05
19	odoui	2.054e-05
19	ferruginous	1.99e-05
19	fnuff	1.99e-05
19	exuberance	1.99e-05
19	odourous	1.99e-05
19	fluvia	1.99e-05
19	rancid	1.99e-05
19	ferment	1.99e-05
19	luminous	1.99e-05
19	odorato	1.99e-05
19	steamy	1.99e-05
19	omen	1.99e-05
19	frisky	1.99e-05
19	pomade	1.99e-05
19	powder	1.99e-05
19	malodour	1.99e-05
19	germ	1.99e-05
19	festive	1.926e-05
19	sulphureous	1.926e-05
19	parfums	1.926e-05
19	snuffer	1.926e-05
19	garish	1.926e-05
19	perfumy	1.926e-05
19	jasmine	1.926e-05
19	sicken	1.926e-05
19	emana	1.926e-05
19	odorife	1.926e-05
19	odoro	1.926e-05
19	fection	1.926e-05
19	feed	1.861e-05
19	reeky	1.861e-05
19	seethe	1.861e-05
19	suffocate	1.861e-05
19	faggot	1.861e-05
19	steam	1.861e-05
19	honey	1.861e-05
19	savory	1.861e-05
19	waft	1.861e-05
19	amorous	1.861e-05
19	vile	1.797e-05
19	efflu	1.797e-05
19	frond	1.797e-05
19	head	1.797e-05
19	effeft	1.797e-05
19	vour	1.797e-05
19	eflluvia	1.797e-05
19	hydatid	1.797e-05
19	anosmic	1.797e-05
19	mead	1.733e-05
19	fuliginous	1.733e-05
19	perfum	1.733e-05
19	snub	1.733e-05
19	oppressive	1.733e-05
19	greasy	1.733e-05
19	horrid	1.733e-05
19	bad	1.733e-05
19	odorament	1.733e-05
19	infufible	1.733e-05
19	inflammable	1.669e-05
19	contagious	1.669e-05
19	mist	1.669e-05
19	fete	1.669e-05
19	intoxication	1.669e-05
19	pollute	1.669e-05
19	feel	1.669e-05
19	cosmetique	1.669e-05
19	vomit	1.669e-05
19	bichromate	1.669e-05
19	refufe	1.669e-05
19	arsenical	1.669e-05
19	butyraceous	1.669e-05
19	whiffy	1.605e-05
19	oderiferous	1.605e-05
19	fumigate	1.605e-05
19	parfume	1.605e-05
19	fpice	1.605e-05
19	aromate	1.541e-05
19	fetids	1.541e-05
19	innuendo	1.541e-05
19	snore	1.541e-05
19	trill	1.541e-05
19	ill	1.541e-05
19	odori	1.541e-05
19	dour	1.541e-05
19	stinkend	1.541e-05
19	smellable	1.541e-05
19	unmelte	1.476e-05
19	kiss	1.476e-05
19	drink	1.476e-05
19	antiseptic	1.476e-05
19	smellin	1.476e-05
19	disagreeable	1.476e-05
19	aloes	1.476e-05
19	tasty	1.476e-05
19	vinous	1.476e-05
19	effiuvia	1.476e-05
19	odorifer	1.476e-05
19	olfactoiy	1.476e-05
19	peefume	1.476e-05
19	aromatica	1.476e-05
19	alkali	1.412e-05
19	effeminacy	1.412e-05
19	smelle	1.412e-05
19	fertilize	1.412e-05
19	stork	1.412e-05
19	flagrant	1.412e-05
19	dye	1.412e-05
19	abominable	1.412e-05
19	smutty	1.412e-05
19	rabid	1.412e-05
19	eolour	1.412e-05
19	discolor	1.412e-05
19	fenfation	1.412e-05
19	ufe	1.412e-05
19	stinck	1.412e-05
19	pernicious	1.412e-05
19	refresh	1.348e-05
19	mosquito	1.348e-05
19	pomatum	1.348e-05
19	fervid	1.348e-05
19	invigorate	1.348e-05
19	lmell	1.348e-05
19	sigh	1.348e-05
19	itch	1.348e-05
19	smeli	1.348e-05
19	steams	1.348e-05
19	sleet	1.348e-05
19	charge	1.348e-05
19	aromatie	1.348e-05
19	aromaticum	1.348e-05
19	repellent	1.348e-05
19	cosmetic	1.348e-05
19	stance	1.348e-05
19	stroma	1.348e-05
19	nerve	1.348e-05
19	cheesy	1.348e-05
19	olfactor	1.348e-05
19	gore	1.284e-05
19	achromatic	1.284e-05
19	avhiff	1.284e-05
19	lukewarm	1.284e-05
19	stinker	1.284e-05
19	stuffy	1.284e-05
19	omnivorous	1.284e-05
19	stale	1.284e-05
19	pallor	1.284e-05
19	impression	1.284e-05
19	halitus	1.284e-05
19	phosphoric	1.22e-05
19	olfacto	1.22e-05
19	gush	1.22e-05
19	send	1.22e-05
19	tang	1.22e-05
19	mixture	1.22e-05
19	violet	1.22e-05
19	membrance	1.22e-05
19	odorare	1.22e-05
19	sludge	1.22e-05
19	putrefactive	1.22e-05
19	viscid	1.22e-05
19	erous	1.22e-05
19	acrimonious	1.22e-05
19	oxidizer	1.22e-05
19	perfe	1.22e-05
19	anaemic	1.22e-05
19	fmel	1.155e-05
19	farinaceous	1.155e-05
19	percolation	1.155e-05
19	sauour	1.155e-05
19	frizzle	1.155e-05
19	pallid	1.155e-05
19	odou	1.155e-05
19	bmell	1.155e-05
19	stinkand	1.155e-05
19	wreath	1.155e-05
19	pungency	1.155e-05
19	intolerant	1.155e-05
19	oleaginous	1.155e-05
19	give	1.155e-05
19	nosing	1.155e-05
19	flavorous	1.155e-05
19	slush	1.155e-05
19	offensiveness	1.155e-05
19	oxidise	1.155e-05
19	fibre	1.155e-05
19	olf	1.155e-05
19	ulcer	1.155e-05
19	infipid	1.155e-05
19	secretion	1.155e-05
19	poignant	1.155e-05
19	ordoriferous	1.155e-05
19	infufum	1.155e-05
19	amorphous	1.155e-05
19	savorous	1.155e-05
19	scorch	1.091e-05
19	one	1.091e-05
19	sprinkle	1.091e-05
19	trammelle	1.091e-05
19	sapour	1.091e-05
19	herbaceous	1.091e-05
19	odorin	1.091e-05
19	pervade	1.091e-05
19	flammable	1.091e-05
19	garlicky	1.091e-05
19	pellucid	1.091e-05
19	appetizer	1.091e-05
19	rasp	1.091e-05
19	deodorizing	1.091e-05
19	perfuade	1.091e-05
19	halation	1.091e-05
19	frank	1.091e-05
19	vista	1.027e-05
19	snuffe	1.027e-05
19	fem	1.027e-05
19	efhuvia	1.027e-05
19	speck	1.027e-05
19	cdour	1.027e-05
19	skunk	1.027e-05
19	perfumeless	1.027e-05
19	deodorized	1.027e-05
19	compound	1.027e-05
19	infus	1.027e-05
19	cat	1.027e-05
19	balfam	1.027e-05
19	odorator	1.027e-05
19	fervor	9.63e-06
19	umbrageous	9.63e-06
19	effervescence	9.63e-06
19	linger	9.63e-06
19	flowery	9.63e-06
19	pleasant	9.63e-06
19	narcissus	9.63e-06
19	smelting	9.63e-06
19	abomination	9.63e-06
19	scente	9.63e-06
19	soaps	9.63e-06
19	stinketh	9.63e-06
19	gangrenous	9.63e-06
19	efiluvium	9.63e-06
19	difufe	9.63e-06
19	suffumigation	9.63e-06
19	ect	9.63e-06
19	enchondroma	9.63e-06
19	fragran	9.63e-06
19	anxiety	8.99e-06
19	trid	8.99e-06
19	rich	8.99e-06
19	odoriferant	8.99e-06
19	filthy	8.99e-06
19	unmelted	8.99e-06
19	ofdoor	8.99e-06
19	appetiser	8.99e-06
19	malarious	8.99e-06
19	fugacious	8.99e-06
19	unhealthy	8.99e-06
19	remelt	8.99e-06
19	deodorise	8.99e-06
19	toxin	8.99e-06
19	apochromatic	8.99e-06
19	styptic	8.99e-06
19	feetid	8.99e-06
19	refume	8.99e-06
19	sweat	8.99e-06
19	ter	8.99e-06
19	colour	8.99e-06
19	emetin	8.99e-06
19	antiperiodic	8.99e-06
19	odorine	8.99e-06
19	saccharine	8.99e-06
19	confufion	8.34e-06
19	sordid	8.34e-06
19	oil	8.34e-06
19	frightful	8.34e-06
19	shriek	8.34e-06
19	nastiness	8.34e-06
19	odoris	8.34e-06
19	peifume	8.34e-06
19	spelt	8.34e-06
19	tonic	8.34e-06
19	miasmatic	8.34e-06
19	leave	8.34e-06
19	aetive	8.34e-06
19	purify	8.34e-06
19	acid	8.34e-06
19	odotir	8.34e-06
19	fugar	8.34e-06
19	inhala	8.34e-06
19	fluid	8.34e-06
19	aphrodisiac	8.34e-06
19	whifk	8.34e-06
19	antifeptic	8.34e-06
19	mildew	7.7e-06
19	fumigation	7.7e-06
19	scentful	7.7e-06
19	smeue	7.7e-06
19	brummell	7.7e-06
19	grateful	7.7e-06
19	statue	7.7e-06
19	tandour	7.7e-06
19	ravenous	7.7e-06
19	wondrous	7.7e-06
19	liquid	7.7e-06
19	trammel	7.7e-06
19	sme	7.7e-06
19	carmine	7.7e-06
19	nosegay	7.7e-06
19	smudge	7.7e-06
19	stenchy	7.7e-06
19	illsmelle	7.7e-06
19	perfame	7.7e-06
19	apour	7.7e-06
19	intoxicant	7.7e-06
19	nostrum	7.7e-06
19	medicate	7.7e-06
19	injurious	7.7e-06
19	aftertaste	7.7e-06
19	intoxi	7.7e-06
19	balfamic	7.7e-06
19	femur	7.7e-06
19	odoral	7.7e-06
19	bromate	7.7e-06
19	chromat	7.7e-06
19	clayey	7.7e-06
19	carnivorous	7.06e-06
19	putrefy	7.06e-06
19	smother	7.06e-06
19	rarifie	7.06e-06
19	candy	7.06e-06
19	aromalic	7.06e-06
19	sion	7.06e-06
19	oxidate	7.06e-06
19	tepid	7.06e-06
19	dank	7.06e-06
19	luxurious	7.06e-06
19	bloom	7.06e-06
19	intolerance	7.06e-06
19	extract	7.06e-06
19	bouquet	7.06e-06
19	shampoo	7.06e-06
19	ring	7.06e-06
19	puffing	7.06e-06
19	odous	7.06e-06
19	aldour	7.06e-06
19	fye	7.06e-06
19	deodor	7.06e-06
19	alfume	7.06e-06
19	fpicy	7.06e-06
19	fcent	7.06e-06
19	occur	7.06e-06
19	geneous	7.06e-06
19	abufe	7.06e-06
19	rfume	7.06e-06
19	pleafure	7.06e-06
19	tranquil	6.42e-06
19	wanton	6.42e-06
19	splendor	6.42e-06
19	samic	6.42e-06
19	pure	6.42e-06
19	pour	6.42e-06
19	livid	6.42e-06
19	diffuse	6.42e-06
19	sprightly	6.42e-06
19	juicy	6.42e-06
19	sudatory	6.42e-06
19	perfumar	6.42e-06
19	polluted	6.42e-06
19	indolence	6.42e-06
19	efflorescent	6.42e-06
19	savours	6.42e-06
19	chilly	6.42e-06
19	sweetscented	6.42e-06
19	delightful	6.42e-06
19	look	6.42e-06
19	smels	6.42e-06
19	discolour	6.42e-06
19	malodourous	6.42e-06
19	stinky	6.42e-06
19	aromaticall	6.42e-06
19	treafure	6.42e-06
19	clamminess	6.42e-06
19	scybalous	6.42e-06
19	febrifugal	6.42e-06
19	exfude	6.42e-06
19	crust	6.42e-06
19	profluvia	6.42e-06
19	oleraceous	6.42e-06
19	rhinoscleroma	6.42e-06
19	perfon	6.42e-06
19	anaerobic	6.42e-06
19	dofe	6.42e-06
19	tricoccous	6.42e-06
19	sour	6.42e-06
19	aluminofum	6.42e-06
19	oisonous	6.42e-06
19	ietid	6.42e-06
19	profufion	6.42e-06
19	cetid	6.42e-06
19	dark	6.42e-06
19	odoue	6.42e-06
19	hum	5.78e-06
19	odorific	5.78e-06
19	odouris	5.78e-06
19	contaminate	5.78e-06
19	prance	5.78e-06
19	fervour	5.78e-06
19	fill	5.78e-06
19	potent	5.78e-06
19	ordour	5.78e-06
19	illume	5.78e-06
19	drizzle	5.78e-06
19	superstitious	5.78e-06
19	loud	5.78e-06
19	cloud	5.78e-06
19	shower	5.78e-06
19	odious	5.78e-06
19	amulet	5.78e-06
19	worid	5.78e-06
19	manytinte	5.78e-06
19	wash	5.78e-06
19	radiance	5.78e-06
19	permeate	5.78e-06
19	rosetinte	5.78e-06
19	hurtful	5.78e-06
19	emit	5.78e-06
19	monochromatic	5.78e-06
19	humid	5.78e-06
19	hydrate	5.78e-06
19	stain	5.78e-06
19	gem	5.78e-06
19	iromatic	5.78e-06
19	lurid	5.78e-06
19	flower	5.78e-06
19	narcotic	5.78e-06
19	whizz	5.78e-06
19	stuff	5.78e-06
19	disinfectant	5.78e-06
19	morbific	5.78e-06
19	insipid	5.78e-06
19	fect	5.78e-06
19	lodol	5.78e-06
19	influ	5.78e-06
19	snulf	5.78e-06
19	vifcous	5.78e-06
19	fietid	5.78e-06
19	oceur	5.78e-06
19	tize	5.78e-06
19	okactory	5.78e-06
19	afafoetida	5.78e-06
19	chromas	5.78e-06
19	fric	5.78e-06
19	ffuid	5.78e-06
19	virulent	5.78e-06
19	foporific	5.78e-06
19	chondroma	5.78e-06
19	iffue	5.78e-06
19	pebfume	5.78e-06
19	unguent	5.14e-06
19	smeu	5.14e-06
19	woodland	5.14e-06
19	plume	5.14e-06
19	mild	5.14e-06
19	embalm	5.14e-06
19	perfumerie	5.14e-06
19	infuriate	5.14e-06
19	rorid	5.14e-06
19	froth	5.14e-06
19	rascal	5.14e-06
19	verance	5.14e-06
19	thick	5.14e-06
19	perfuma	5.14e-06
19	pandour	5.14e-06
19	eek	5.14e-06
19	obscene	5.14e-06
19	crest	5.14e-06
19	croak	5.14e-06
19	sick	5.14e-06
19	languid	5.14e-06
19	charm	5.14e-06
19	shed	5.14e-06
19	calomel	5.14e-06
19	smeus	5.14e-06
19	evilsmelle	5.14e-06
19	miasmic	5.14e-06
19	shimmer	5.14e-06
19	button	5.14e-06
19	bathe	5.14e-06
19	hydrant	5.14e-06
19	vociferous	5.14e-06
19	pant	5.14e-06
19	whispering	5.14e-06
19	smuts	5.14e-06
19	mosquitoes	5.14e-06
19	valour	5.14e-06
19	whistle	5.14e-06
19	spoor	5.14e-06
19	choke	5.14e-06
19	stinkt	5.14e-06
19	spirituous	5.14e-06
19	ddour	5.14e-06
19	nasty	5.14e-06
19	aromatique	5.14e-06
19	vinegar	5.14e-06
19	ation	5.14e-06
19	ate	5.14e-06
19	sanguinolent	5.14e-06
19	smelb	5.14e-06
19	expofure	5.14e-06
19	overdose	5.14e-06
19	affume	5.14e-06
19	expectoration	5.14e-06
19	odoar	5.14e-06
19	eflect	5.14e-06
19	odorent	5.14e-06
19	frefh	5.14e-06
19	scatol	5.14e-06
19	deodoriza	5.14e-06
19	vaporize	5.14e-06
19	alkohol	5.14e-06
19	fibrous	5.14e-06
19	aromatico	5.14e-06
19	bile	5.14e-06
19	faetid	5.14e-06
19	ferve	5.14e-06
19	lochia	5.14e-06
19	snuflf	5.14e-06
19	apodous	5.14e-06
19	oetor	5.14e-06
19	belliferous	5.14e-06
19	whifper	4.49e-06
19	enamour	4.49e-06
19	aniseed	4.49e-06
19	inuendoe	4.49e-06
19	ode	4.49e-06
19	cordial	4.49e-06
19	spirit	4.49e-06
19	spume	4.49e-06
19	putrifie	4.49e-06
19	strews	4.49e-06
19	perfumeladen	4.49e-06
19	sensation	4.49e-06
19	exhalant	4.49e-06
19	drizzling	4.49e-06
19	take	4.49e-06
19	subterfuge	4.49e-06
19	sod	4.49e-06
19	perfuman	4.49e-06
19	carbonaceous	4.49e-06
19	fringe	4.49e-06
19	polish	4.49e-06
19	inhaling	4.49e-06
19	snuffed	4.49e-06
19	sniffed	4.49e-06
19	frille	4.49e-06
19	exuding	4.49e-06
19	spilt	4.49e-06
19	spongy	4.49e-06
19	blossoming	4.49e-06
19	nosed	4.49e-06
19	succulent	4.49e-06
19	snuffle	4.49e-06
19	fumet	4.49e-06
19	odorst	4.49e-06
19	fry	4.49e-06
19	vaporous	4.49e-06
19	drowsy	4.49e-06
19	fusty	4.49e-06
19	hazy	4.49e-06
19	stin	4.49e-06
19	embalmed	4.49e-06
19	rosy	4.49e-06
19	property	4.49e-06
19	hallucination	4.49e-06
19	aphis	4.49e-06
19	oxid	4.49e-06
19	nofe	4.49e-06
19	arance	4.49e-06
19	nitrogenous	4.49e-06
19	confump	4.49e-06
19	homologous	4.49e-06
19	oxido	4.49e-06
19	efiiuvia	4.49e-06
19	odoran	4.49e-06
19	ftetid	4.49e-06
19	eetid	4.49e-06
19	fpongiofum	4.49e-06
19	tiavour	4.49e-06
19	ffum	4.49e-06
19	fubftance	4.49e-06
19	toxic	4.49e-06
19	odoiiferous	4.49e-06
19	tlie	4.49e-06
19	desiccative	4.49e-06
19	ink	4.49e-06
19	faecal	4.49e-06
19	tumid	4.49e-06
19	either	4.49e-06
19	odout	4.49e-06
19	mammiferous	4.49e-06
19	petrofum	4.49e-06
19	cetor	4.49e-06
19	fetit	4.49e-06
19	musick	3.85e-06
19	whisper	3.85e-06
19	rancidity	3.85e-06
19	ornament	3.85e-06
19	miasmata	3.85e-06
19	frigoric	3.85e-06
19	allure	3.85e-06
19	alluring	3.85e-06
19	arach	3.85e-06
19	tragrant	3.85e-06
19	scenteth	3.85e-06
19	stincke	3.85e-06
19	anecdotic	3.85e-06
19	baneful	3.85e-06
19	whid	3.85e-06
19	extraneous	3.85e-06
19	cosmetize	3.85e-06
19	odoriforous	3.85e-06
19	caress	3.85e-06
19	wintry	3.85e-06
19	moan	3.85e-06
19	infernal	3.85e-06
19	romantic	3.85e-06
19	vase	3.85e-06
19	simmer	3.85e-06
19	inspire	3.85e-06
19	invite	3.85e-06
19	inodoriferous	3.85e-06
19	unperfume	3.85e-06
19	ful	3.85e-06
19	pestilent	3.85e-06
19	dead	3.85e-06
19	disdainful	3.85e-06
19	murmurous	3.85e-06
19	tinge	3.85e-06
19	array	3.85e-06
19	effusion	3.85e-06
19	herb	3.85e-06
19	effluvias	3.85e-06
19	glistening	3.85e-06
19	ivy	3.85e-06
19	tar	3.85e-06
19	smelbng	3.85e-06
19	nectar	3.85e-06
19	bosky	3.85e-06
19	growth	3.85e-06
19	wud	3.85e-06
19	briny	3.85e-06
19	daisie	3.85e-06
19	noxiousness	3.85e-06
19	bear	3.85e-06
19	trail	3.85e-06
19	snoke	3.85e-06
19	silk	3.85e-06
19	tropic	3.85e-06
19	cloy	3.85e-06
19	pomatume	3.85e-06
19	aromatous	3.85e-06
19	oozing	3.85e-06
19	contagion	3.85e-06
19	love	3.85e-06
19	torpid	3.85e-06
19	odoux	3.85e-06
19	alchohol	3.85e-06
19	liour	3.85e-06
19	perfumatorie	3.85e-06
19	sputter	3.85e-06
19	calefaceous	3.85e-06
19	cream	3.85e-06
19	stincan	3.85e-06
19	humour	3.85e-06
19	sudoriparous	3.85e-06
19	ambergris	3.85e-06
19	gland	3.85e-06
19	dry	3.85e-06
19	anhydrous	3.85e-06
19	parfumer	3.85e-06
19	emetina	3.85e-06
19	fpirit	3.85e-06
19	tor	3.85e-06
19	diffluent	3.85e-06
19	mufk	3.85e-06
19	nocuous	3.85e-06
19	effufe	3.85e-06
19	smelh	3.85e-06
19	refinous	3.85e-06
19	ufeful	3.85e-06
19	ellluvia	3.85e-06
19	effuse	3.85e-06
19	malignant	3.85e-06
19	tranflucent	3.85e-06
19	morbid	3.85e-06
19	oetid	3.85e-06
19	unscented	3.85e-06
19	deprave	3.85e-06
19	fomid	3.85e-06
19	effec	3.85e-06
19	diffus	3.85e-06
19	secrete	3.85e-06
19	fcanty	3.85e-06
19	fseculent	3.85e-06
19	purifying	3.85e-06
19	semifluid	3.85e-06
19	fetus	3.85e-06
19	tafle	3.85e-06
19	odoration	3.85e-06
19	stinkende	3.85e-06
19	terebinthinate	3.85e-06
19	infect	3.85e-06
19	smear	3.85e-06
19	tastable	3.85e-06
19	ftercoraceous	3.85e-06
19	dorous	3.85e-06
19	odoror	3.85e-06
19	tiferous	3.85e-06
19	pasty	3.85e-06
19	almond	3.85e-06
19	shreddy	3.85e-06
19	inspissate	3.85e-06
19	polyandrous	3.85e-06
19	ffetid	3.85e-06
19	stinmlate	3.85e-06
19	chroma	3.85e-06
19	terious	3.85e-06
19	lragrant	3.85e-06
19	licour	3.21e-06
19	hamely	3.21e-06
19	swarm	3.21e-06
19	papist	3.21e-06
19	udour	3.21e-06
19	paste	3.21e-06
19	bark	3.21e-06
19	affluvia	3.21e-06
19	ghastly	3.21e-06
19	pellmell	3.21e-06
19	coal	3.21e-06
19	sniffing	3.21e-06
19	cancroma	3.21e-06
19	slime	3.21e-06
19	festoon	3.21e-06
19	ferocious	3.21e-06
19	mellifluous	3.21e-06
19	schmell	3.21e-06
19	produce	3.21e-06
19	languor	3.21e-06
19	tamely	3.21e-06
19	outpour	3.21e-06
19	spick	3.21e-06
19	cool	3.21e-06
19	inflatus	3.21e-06
19	rainbowtinte	3.21e-06
19	evil	3.21e-06
19	ugly	3.21e-06
19	gleam	3.21e-06
19	smelter	3.21e-06
19	balminess	3.21e-06
19	foulsmelle	3.21e-06
19	fetter	3.21e-06
19	cankerous	3.21e-06
19	mud	3.21e-06
19	stanke	3.21e-06
19	cistus	3.21e-06
19	outsmelle	3.21e-06
19	fizz	3.21e-06
19	silence	3.21e-06
19	delight	3.21e-06
19	musky	3.21e-06
19	emission	3.21e-06
19	shank	3.21e-06
19	untainted	3.21e-06
19	delicatelytinte	3.21e-06
19	lace	3.21e-06
19	suggestive	3.21e-06
19	halldoor	3.21e-06
19	rimmell	3.21e-06
19	vagrance	3.21e-06
19	appetit	3.21e-06
19	slumbrous	3.21e-06
19	ososweet	3.21e-06
19	fiagrance	3.21e-06
19	grove	3.21e-06
19	requisite	3.21e-06
19	effluvial	3.21e-06
19	keen	3.21e-06
19	colourful	3.21e-06
19	heat	3.21e-06
19	opaque	3.21e-06
19	overpower	3.21e-06
19	perfumèd	3.21e-06
19	cesspool	3.21e-06
19	odoriser	3.21e-06
19	ointment	3.21e-06
19	effluviae	3.21e-06
19	sneez	3.21e-06
19	fent	3.21e-06
19	fanguiferous	3.21e-06
19	ize	3.21e-06
19	skatol	3.21e-06
19	ifactory	3.21e-06
19	fome	3.21e-06
19	fimell	3.21e-06
19	smelf	3.21e-06
19	afid	3.21e-06
19	fomite	3.21e-06
19	scentcd	3.21e-06
19	vium	3.21e-06
19	adoriferous	3.21e-06
19	odoim	3.21e-06
19	refem	3.21e-06
19	ftrong	3.21e-06
19	davour	3.21e-06
19	odorer	3.21e-06
19	deodoriz	3.21e-06
19	toxine	3.21e-06
19	tuberance	3.21e-06
19	jdour	3.21e-06
19	unclean	3.21e-06
19	odoiur	3.21e-06
19	ticis	3.21e-06
19	aphorifm	3.21e-06
19	late	3.21e-06
19	emetic	3.21e-06
19	genous	3.21e-06
19	racter	3.21e-06
19	leterious	3.21e-06
19	infusorium	3.21e-06
19	absorber	3.21e-06
19	efliuvia	3.21e-06
19	glaffy	3.21e-06
19	titious	3.21e-06
19	excoriate	3.21e-06
19	tmell	3.21e-06
19	fetidus	3.21e-06
19	innoxious	3.21e-06
19	arife	3.21e-06
19	perfec	3.21e-06
19	oduur	3.21e-06
19	fuppofe	3.21e-06
19	odorizer	3.21e-06
19	efflorescence	3.21e-06
19	resiniferous	3.21e-06
19	oleaceous	3.21e-06
19	arsenious	3.21e-06
19	stinh	3.21e-06
19	gfum	3.21e-06
19	aromatis	2.57e-06
19	odorif	2.57e-06
19	enchant	2.57e-06
19	hailfum	2.57e-06
19	aromatik	2.57e-06
19	oderate	2.57e-06
19	aveed	2.57e-06
19	exude	2.57e-06
19	fressi	2.57e-06
19	smoake	2.57e-06
19	rennet	2.57e-06
19	fragrauce	2.57e-06
19	apours	2.57e-06
19	unperfumed	2.57e-06
19	ambrosial	2.57e-06
19	stinkards	2.57e-06
19	odorilerous	2.57e-06
19	purple	2.57e-06
19	pilofum	2.57e-06
19	odouf	2.57e-06
19	evergreen	2.57e-06
19	sidol	2.57e-06
19	liquour	2.57e-06
19	melodious	2.57e-06
19	myrtaceous	2.57e-06
19	ravish	2.57e-06
19	chill	2.57e-06
19	chilling	2.57e-06
19	yearn	2.57e-06
19	smellome	2.57e-06
19	chirp	2.57e-06
19	glitter	2.57e-06
19	murmur	2.57e-06
19	tone	2.57e-06
19	hueless	2.57e-06
19	mery	2.57e-06
19	caressing	2.57e-06
19	stool	2.57e-06
19	ood	2.57e-06
19	salutiferous	2.57e-06
19	scink	2.57e-06
19	delectable	2.57e-06
19	smelte	2.57e-06
19	avork	2.57e-06
19	scenter	2.57e-06
19	lustre	2.57e-06
19	voluptuous	2.57e-06
19	flutter	2.57e-06
19	liquor	2.57e-06
19	muggy	2.57e-06
19	lugubrious	2.57e-06
19	dysentery	2.57e-06
19	comb	2.57e-06
19	purer	2.57e-06
19	perdous	2.57e-06
19	satanic	2.57e-06
19	odorously	2.57e-06
19	whiskyfie	2.57e-06
19	spiciness	2.57e-06
19	comfit	2.57e-06
19	stine	2.57e-06
19	brilliancy	2.57e-06
19	fauour	2.57e-06
19	diabolical	2.57e-06
19	stinkpot	2.57e-06
19	disodour	2.57e-06
19	hovel	2.57e-06
19	spud	2.57e-06
19	dingy	2.57e-06
19	hint	2.57e-06
19	occult	2.57e-06
19	percolate	2.57e-06
19	floral	2.57e-06
19	odouis	2.57e-06
19	mote	2.57e-06
19	frill	2.57e-06
19	reeked	2.57e-06
19	titillating	2.57e-06
19	disquiet	2.57e-06
19	odorious	2.57e-06
19	powdered	2.57e-06
19	ouactory	2.57e-06
19	whif	2.57e-06
19	perky	2.57e-06
19	oolour	2.57e-06
19	powerfullysmelle	2.57e-06
19	around	2.57e-06
19	famishing	2.57e-06
19	france	2.57e-06
19	bearing	2.57e-06
19	eare	2.57e-06
19	lucent	2.57e-06
19	noisomeness	2.57e-06
19	vermin	2.57e-06
19	ragrant	2.57e-06
19	savoured	2.57e-06
19	odoriferousness	2.57e-06
19	astincke	2.57e-06
19	strongsmelling	2.57e-06
19	crackle	2.57e-06
19	tlieir	2.57e-06
19	verminous	2.57e-06
19	polychromatic	2.57e-06
19	nostalgia	2.57e-06
19	dewy	2.57e-06
19	soft	2.57e-06
19	mougik	2.57e-06
19	alyssum	2.57e-06
19	ome	2.57e-06
19	canker	2.57e-06
19	fluff	2.57e-06
19	ohactory	2.57e-06
19	pastime	2.57e-06
19	fan	2.57e-06
19	varmint	2.57e-06
19	scentin	2.57e-06
19	melancholious	2.57e-06
19	pest	2.57e-06
19	sweetlysmelle	2.57e-06
19	smellaby	2.57e-06
19	petalle	2.57e-06
19	spicier	2.57e-06
19	stinc	2.57e-06
19	rill	2.57e-06
19	feline	2.57e-06
19	skinke	2.57e-06
19	patronize	2.57e-06
19	shameful	2.57e-06
19	stenchful	2.57e-06
19	fluffy	2.57e-06
19	fad	2.57e-06
19	fetizo	2.57e-06
19	chemical	2.57e-06
19	lilac	2.57e-06
19	serenade	2.57e-06
19	aura	2.57e-06
19	strongly	2.57e-06
19	stinkig	2.57e-06
19	odoriferus	2.57e-06
19	incensing	2.57e-06
19	odorifeious	2.57e-06
19	repel	2.57e-06
19	fumes	2.57e-06
19	noisom	2.57e-06
19	stinkle	2.57e-06
19	fructiferous	2.57e-06
19	orchis	2.57e-06
19	smudgy	2.57e-06
19	tauow	2.57e-06
19	dreamy	2.57e-06
19	enamel	2.57e-06
19	tume	2.57e-06
19	puddle	2.57e-06
19	smelliug	2.57e-06
19	phlegm	2.57e-06
19	rosemary	2.57e-06
19	ammoniacal	2.57e-06
19	trance	2.57e-06
19	gustatory	2.57e-06
19	madden	2.57e-06
19	palatable	2.57e-06
19	cernminous	2.57e-06
19	resin	2.57e-06
19	musk	2.57e-06
19	champak	2.57e-06
19	spikenard	2.57e-06
19	hovenia	2.57e-06
19	stonk	2.57e-06
19	touch	2.57e-06
19	smellier	2.57e-06
19	hear	2.57e-06
19	ddbris	2.57e-06
19	furfurol	2.57e-06
19	toxicate	2.57e-06
19	lick	2.57e-06
19	odouri	2.57e-06
19	fplendour	2.57e-06
19	aromatid	2.57e-06
19	perfeft	2.57e-06
19	fnuffe	2.57e-06
19	hypertrophy	2.57e-06
19	nous	2.57e-06
19	tranfude	2.57e-06
19	mahometanism	2.57e-06
19	floriferous	2.57e-06
19	infuf	2.57e-06
19	acholic	2.57e-06
19	excretion	2.57e-06
19	ish	2.57e-06
19	sense	2.57e-06
19	repulsive	2.57e-06
19	effed	2.57e-06
19	bifidous	2.57e-06
19	caloric	2.57e-06
19	fluoric	2.57e-06
19	vigorate	2.57e-06
19	nauseant	2.57e-06
19	fojtid	2.57e-06
19	fetidi	2.57e-06
19	sulphide	2.57e-06
19	olfactif	2.57e-06
19	unmellowe	2.57e-06
19	exuvia	2.57e-06
19	mesmeric	2.57e-06
19	lesion	2.57e-06
19	jierfume	2.57e-06
19	fmoak	2.57e-06
19	fmelleth	2.57e-06
19	disease	2.57e-06
19	fretid	2.57e-06
19	oleous	2.57e-06
19	hysteria	2.57e-06
19	aromafic	2.57e-06
19	oecur	2.57e-06
19	hromatic	2.57e-06
19	profumo	2.57e-06
19	profumate	2.57e-06
19	sniell	2.57e-06
19	profane	2.57e-06
19	olfactoria	2.57e-06
19	eetish	2.57e-06
19	ise	2.57e-06
19	fcybala	2.57e-06
19	eatable	2.57e-06
19	qdour	2.57e-06
19	jmell	2.57e-06
19	camphoraceous	2.57e-06
19	unpleasant	2.57e-06
19	condenfe	2.57e-06
19	fcctor	2.57e-06
19	fectid	2.57e-06
19	acetous	2.57e-06
19	ismell	2.57e-06
19	entozoa	2.57e-06
19	sorde	2.57e-06
19	carpel	2.57e-06
19	miafma	2.57e-06
19	dyschromatopsy	2.57e-06
19	oxidi	2.57e-06
19	villous	2.57e-06
19	osmazome	2.57e-06
19	acter	2.57e-06
19	odoious	2.57e-06
19	odiosum	2.57e-06
19	gafe	2.57e-06
19	pdour	2.57e-06
19	impurity	2.57e-06
19	scrofulous	2.57e-06
19	oaour	2.57e-06
19	camomile	2.57e-06
19	unctuous	2.57e-06
19	oxyd	2.57e-06
19	slimy	2.57e-06
19	profluvium	2.57e-06
19	tary	2.57e-06
19	anosmia	2.57e-06
19	efluvia	2.57e-06
19	tliey	2.57e-06
19	vesicate	2.57e-06
19	sudoriferous	2.57e-06
19	olfactary	2.57e-06
19	perfumei	2.57e-06
19	vifeous	2.57e-06
19	izer	2.57e-06
19	leaky	2.57e-06
19	vifeid	2.57e-06
19	osseous	2.57e-06
19	califacient	2.57e-06
19	erysipelas	2.57e-06
19	cal	2.57e-06
19	dis	2.57e-06
19	congeal	2.57e-06
19	infectious	2.57e-06
19	clofe	2.57e-06
19	gluey	2.57e-06
19	antibromic	2.57e-06
19	fetal	2.57e-06
19	ftool	2.57e-06
19	noilome	2.57e-06
19	scentec	2.57e-06
19	fcaly	2.57e-06
19	perceive	2.57e-06
19	paridrose	2.57e-06
19	serosity	2.57e-06
19	empyreumatic	2.57e-06
19	olfactivus	2.57e-06
19	whifpere	2.57e-06
19	falubrious	2.57e-06
19	fumer	2.57e-06
19	fietor	2.57e-06
19	nant	2.57e-06
19	oxigen	2.57e-06
19	olfensive	2.57e-06
19	fet	2.57e-06
19	effect	2.57e-06
19	fractur	2.57e-06
19	noifome	2.57e-06
19	lodour	2.57e-06
19	odoirr	2.57e-06
19	crystallisable	2.57e-06
19	indodorous	2.57e-06
19	gloffy	2.57e-06
19	coriaceous	2.57e-06
19	tisch	2.57e-06
19	woad	2.57e-06
19	odouriferous	2.57e-06
19	odoratm	2.57e-06
19	unscente	2.57e-06
19	anisic	2.57e-06
19	profumar	2.57e-06
19	mdolent	2.57e-06
19	aromatisk	2.57e-06
19	broma	2.57e-06
19	bastard	2.57e-06
19	pleasure	1.93e-06
19	nausea	1.93e-06
19	trace	1.93e-06
19	fmeli	1.93e-06
19	spoil	1.93e-06
19	sragrancy	1.93e-06
19	avood	1.93e-06
19	odoratis	1.93e-06
19	smeld	1.93e-06
19	dishonour	1.93e-06
19	fecula	1.93e-06
19	sedum	1.93e-06
19	fetishe	1.93e-06
19	disregard	1.93e-06
19	whicb	1.93e-06
19	hemipterous	1.93e-06
19	fountain	1.93e-06
19	vapoury	1.93e-06
19	myrrh	1.93e-06
19	adour	1.93e-06
19	exhilirate	1.93e-06
19	debilitate	1.93e-06
19	trifle	1.93e-06
19	incen	1.93e-06
19	breke	1.93e-06
19	glisten	1.93e-06
19	putrefie	1.93e-06
19	whig	1.93e-06
19	vitriolic	1.93e-06
19	fetrit	1.93e-06
19	lilie	1.93e-06
19	ineffectual	1.93e-06
19	smoak	1.93e-06
19	fragraut	1.93e-06
19	hubbub	1.93e-06
19	ringlete	1.93e-06
19	btink	1.93e-06
19	chillier	1.93e-06
19	olfactum	1.93e-06
19	ant	1.93e-06
19	dew	1.93e-06
19	gnat	1.93e-06
19	ordor	1.93e-06
19	glow	1.93e-06
19	whiver	1.93e-06
19	putridity	1.93e-06
19	stinkiug	1.93e-06
19	apostrophize	1.93e-06
19	wrid	1.93e-06
19	stir	1.93e-06
19	fern	1.93e-06
19	freshness	1.93e-06
19	impetigo	1.93e-06
19	perfuine	1.93e-06
19	snivel	1.93e-06
19	smelung	1.93e-06
19	ouactorie	1.93e-06
19	wafting	1.93e-06
19	jet	1.93e-06
19	flacons	1.93e-06
19	whistling	1.93e-06
19	colourenamelle	1.93e-06
19	greytinte	1.93e-06
19	softlytinte	1.93e-06
19	smokin	1.93e-06
19	seduction	1.93e-06
19	unsavoury	1.93e-06
19	draught	1.93e-06
19	snuffin	1.93e-06
19	sprak	1.93e-06
19	squalid	1.93e-06
19	titillate	1.93e-06
19	miasmas	1.93e-06
19	blast	1.93e-06
19	odorum	1.93e-06
19	perfumde	1.93e-06
19	gloame	1.93e-06
19	slobber	1.93e-06
19	tumult	1.93e-06
19	eddy	1.93e-06
19	pommel	1.93e-06
19	shod	1.93e-06
19	swish	1.93e-06
19	perk	1.93e-06
19	light	1.93e-06
19	foulsmelling	1.93e-06
19	gemmell	1.93e-06
19	pommell	1.93e-06
19	bedeke	1.93e-06
19	stall	1.93e-06
19	flare	1.93e-06
19	oleander	1.93e-06
19	whirl	1.93e-06
19	stream	1.93e-06
19	venome	1.93e-06
19	fragrancie	1.93e-06
19	strongsmelle	1.93e-06
19	seething	1.93e-06
19	filthiness	1.93e-06
19	melody	1.93e-06
19	snaff	1.93e-06
19	seductive	1.93e-06
19	blacken	1.93e-06
19	noisy	1.93e-06
19	smella	1.93e-06
19	rustle	1.93e-06
19	hodour	1.93e-06
19	distil	1.93e-06
19	fag	1.93e-06
19	annoyance	1.93e-06
19	yearning	1.93e-06
19	swelter	1.93e-06
19	reeking	1.93e-06
19	uproar	1.93e-06
19	fiue	1.93e-06
19	fevere	1.93e-06
19	pastille	1.93e-06
19	brace	1.93e-06
19	pearl	1.93e-06
19	boisterous	1.93e-06
19	burden	1.93e-06
19	enervate	1.93e-06
19	snicker	1.93e-06
19	decoration	1.93e-06
19	pall	1.93e-06
19	brocade	1.93e-06
19	goldentinte	1.93e-06
19	fustiness	1.93e-06
19	sniffin	1.93e-06
19	twang	1.93e-06
19	garlanded	1.93e-06
19	fragranoe	1.93e-06
19	tea	1.93e-06
19	languorous	1.93e-06
19	boot	1.93e-06
19	wordy	1.93e-06
19	ail	1.93e-06
19	scentit	1.93e-06
19	smoko	1.93e-06
19	remembrance	1.93e-06
19	smeb	1.93e-06
19	whisk	1.93e-06
19	hquor	1.93e-06
19	beak	1.93e-06
19	siek	1.93e-06
19	odium	1.93e-06
19	burn	1.93e-06
19	duct	1.93e-06
19	cigar	1.93e-06
19	vilify	1.93e-06
19	factious	1.93e-06
19	perfunie	1.93e-06
19	strewe	1.93e-06
19	condiment	1.93e-06
19	occurrence	1.93e-06
19	stinkiness	1.93e-06
19	caffeine	1.93e-06
19	sewer	1.93e-06
19	manual	1.93e-06
19	fomentation	1.93e-06
19	mephitic	1.93e-06
19	radient	1.93e-06
19	stang	1.93e-06
19	homely	1.93e-06
19	backdoor	1.93e-06
19	stinch	1.93e-06
19	matic	1.93e-06
19	siste	1.93e-06
19	ftagnating	1.93e-06
19	eflfluvia	1.93e-06
19	asthma	1.93e-06
19	efflo	1.93e-06
19	obstruct	1.93e-06
19	edour	1.93e-06
19	stiniulate	1.93e-06
19	paroxysm	1.93e-06
19	tardy	1.93e-06
19	odol	1.93e-06
19	prefumable	1.93e-06
19	odoius	1.93e-06
19	gmell	1.93e-06
19	misy	1.93e-06
19	inclofure	1.93e-06
19	spu	1.93e-06
19	womid	1.93e-06
19	polychroma	1.93e-06
19	inspiration	1.93e-06
19	fcctid	1.93e-06
19	rhizome	1.93e-06
19	olfa	1.93e-06
19	eczema	1.93e-06
19	cabnlline	1.93e-06
19	smelles	1.93e-06
19	inhaler	1.93e-06
19	odoitr	1.93e-06
19	eflauvia	1.93e-06
19	confumer	1.93e-06
19	rabie	1.93e-06
19	lmelle	1.93e-06
19	perme	1.93e-06
19	olfactoet	1.93e-06
19	stinhiase	1.93e-06
19	efduvium	1.93e-06
19	efffuvia	1.93e-06
19	poifonous	1.93e-06
19	confufed	1.93e-06
19	foulnef	1.93e-06
19	fetidnef	1.93e-06
19	amaurofis	1.93e-06
19	perfumeiy	1.93e-06
19	fcene	1.93e-06
19	tafte	1.93e-06
19	ffavour	1.93e-06
19	membraneous	1.93e-06
19	yapour	1.93e-06
19	fhivere	1.93e-06
19	resemblance	1.93e-06
19	hqueur	1.93e-06
19	fek	1.93e-06
19	pruritus	1.93e-06
19	odoury	1.93e-06
19	fragr	1.93e-06
19	olfactorium	1.93e-06
19	quality	1.93e-06
19	rheum	1.93e-06
19	jperfume	1.93e-06
19	neek	1.93e-06
19	effluyia	1.93e-06
19	dejection	1.93e-06
19	bichroma	1.93e-06
19	prave	1.93e-06
19	conception	1.93e-06
19	fluids	1.93e-06
19	tindfure	1.93e-06
19	rur	1.93e-06
19	ftek	1.93e-06
19	ufually	1.93e-06
19	discomfort	1.93e-06
19	smeltmg	1.93e-06
19	rousness	1.93e-06
19	timiour	1.93e-06
19	unwhoiefome	1.93e-06
19	erosive	1.93e-06
19	ipour	1.93e-06
19	granulate	1.93e-06
19	liavour	1.93e-06
19	tagious	1.93e-06
19	favus	1.93e-06
19	meat	1.93e-06
19	anxietie	1.93e-06
19	odorateur	1.93e-06
19	bismuth	1.93e-06
19	emanate	1.93e-06
19	odovir	1.93e-06
19	aromaticce	1.93e-06
19	precipitate	1.93e-06
19	rie	1.93e-06
19	odorisation	1.93e-06
19	defecate	1.93e-06
19	fuperfluous	1.93e-06
19	ammonial	1.93e-06
19	ractus	1.93e-06
19	stinkande	1.93e-06
19	olfence	1.93e-06
19	odoratum	1.93e-06
19	odow	1.93e-06
19	reekiig	1.93e-06
19	adjuvant	1.93e-06
19	colfecte	1.93e-06
19	phagedenic	1.93e-06
19	ftank	1.93e-06
19	ietor	1.93e-06
19	odorom	1.93e-06
19	putrefaction	1.93e-06
19	fapor	1.93e-06
19	neuroses	1.93e-06
19	fpirituous	1.93e-06
19	vaporizer	1.93e-06
19	adipocerous	1.93e-06
19	cumbrous	1.93e-06
19	urinous	1.93e-06
19	eerfume	1.93e-06
19	carnofum	1.93e-06
19	odottr	1.93e-06
19	ftetor	1.93e-06
19	fubtile	1.93e-06
19	teem	1.28e-06
19	halefum	1.28e-06
19	afur	1.28e-06
19	liberal	1.28e-06
19	aromatit	1.28e-06
19	braneous	1.28e-06
19	zephyrs	1.28e-06
19	fense	1.28e-06
19	ssiank	1.28e-06
19	fhdden	1.28e-06
19	spiceric	1.28e-06
19	fmelte	1.28e-06
19	snuffd	1.28e-06
19	fragrantia	1.28e-06
19	scenteel	1.28e-06
19	odoratet	1.28e-06
19	fniff	1.28e-06
19	fniffe	1.28e-06
19	nauseus	1.28e-06
19	frowzy	1.28e-06
19	fricaseed	1.28e-06
19	balsam	1.28e-06
19	perverse	1.28e-06
19	offal	1.28e-06
19	perfumede	1.28e-06
19	fragrate	1.28e-06
19	trammell	1.28e-06
19	sludgy	1.28e-06
19	fog	1.28e-06
19	stencht	1.28e-06
19	rancour	1.28e-06
19	frankincence	1.28e-06
19	malcule	1.28e-06
19	rummell	1.28e-06
19	gory	1.28e-06
19	spicerie	1.28e-06
19	spicery	1.28e-06
19	rant	1.28e-06
19	sleep	1.28e-06
19	thepperfume	1.28e-06
19	shoal	1.28e-06
19	tomentofum	1.28e-06
19	sonous	1.28e-06
19	frouzy	1.28e-06
19	inform	1.28e-06
19	filth	1.28e-06
19	sweetly	1.28e-06
19	sniffd	1.28e-06
19	putrifye	1.28e-06
19	conserve	1.28e-06
19	flovser	1.28e-06
19	perfime	1.28e-06
19	olfactoryfigure	1.28e-06
19	vernal	1.28e-06
19	licious	1.28e-06
19	parfumé	1.28e-06
19	perfuming	1.28e-06
19	rivulet	1.28e-06
19	perfuga	1.28e-06
19	officious	1.28e-06
19	bituminous	1.28e-06
19	verdant	1.28e-06
19	gawky	1.28e-06
19	brilliantlytinte	1.28e-06
19	pommade	1.28e-06
19	aromaac	1.28e-06
19	andperfume	1.28e-06
19	welcome	1.28e-06
19	scoff	1.28e-06
19	perfufne	1.28e-06
19	lull	1.28e-06
19	frizzy	1.28e-06
19	morbiferous	1.28e-06
19	balmier	1.28e-06
19	curdy	1.28e-06
19	bliss	1.28e-06
19	suffice	1.28e-06
19	overheat	1.28e-06
19	ennui	1.28e-06
19	quiet	1.28e-06
19	irise	1.28e-06
19	fumeurs	1.28e-06
19	lily	1.28e-06
19	steem	1.28e-06
19	hot	1.28e-06
19	humm	1.28e-06
19	paw	1.28e-06
19	wreathe	1.28e-06
19	foulfeede	1.28e-06
19	glen	1.28e-06
19	untidy	1.28e-06
19	scud	1.28e-06
19	divine	1.28e-06
19	elfluvia	1.28e-06
19	dipterous	1.28e-06
19	fumid	1.28e-06
19	reekless	1.28e-06
19	bleek	1.28e-06
19	lkpior	1.28e-06
19	viour	1.28e-06
19	heavenly	1.28e-06
19	sulforus	1.28e-06
19	smelten	1.28e-06
19	offering	1.28e-06
19	stincas	1.28e-06
19	pendous	1.28e-06
19	cadous	1.28e-06
19	parfumes	1.28e-06
19	scentbottle	1.28e-06
19	unthrifty	1.28e-06
19	stining	1.28e-06
19	degrade	1.28e-06
19	scourge	1.28e-06
19	alfalfa	1.28e-06
19	fowd	1.28e-06
19	herbage	1.28e-06
19	zool	1.28e-06
19	monograme	1.28e-06
19	worldfame	1.28e-06
19	cavalcadour	1.28e-06
19	absiud	1.28e-06
19	carry	1.28e-06
19	ongemak	1.28e-06
19	growl	1.28e-06
19	pulse	1.28e-06
19	odoraut	1.28e-06
19	blushtint	1.28e-06
19	vagrancy	1.28e-06
19	everpellucid	1.28e-06
19	powerfullyperfume	1.28e-06
19	potash	1.28e-06
19	fearfid	1.28e-06
19	frajrant	1.28e-06
19	pipe	1.28e-06
19	smeltin	1.28e-06
19	odur	1.28e-06
19	zephyrous	1.28e-06
19	shadow	1.28e-06
19	perfue	1.28e-06
19	infragrant	1.28e-06
19	doo	1.28e-06
19	sip	1.28e-06
19	flavoriferous	1.28e-06
19	familiarlysweet	1.28e-06
19	warmtinte	1.28e-06
19	nextdoor	1.28e-06
19	oelour	1.28e-06
19	tonicandaromatic	1.28e-06
19	stinkit	1.28e-06
19	afflatus	1.28e-06
19	wiid	1.28e-06
19	smelfe	1.28e-06
19	garlicke	1.28e-06
19	variouslytinte	1.28e-06
19	btind	1.28e-06
19	orientalism	1.28e-06
19	unmelodious	1.28e-06
19	smelless	1.28e-06
19	drift	1.28e-06
19	variegate	1.28e-06
19	riband	1.28e-06
19	odoreferous	1.28e-06
19	passion	1.28e-06
19	fowl	1.28e-06
19	halfmelte	1.28e-06
19	lingual	1.28e-06
19	wiud	1.28e-06
19	frizz	1.28e-06
19	profuss	1.28e-06
19	primrose	1.28e-06
19	etfluvia	1.28e-06
19	untinted	1.28e-06
19	juice	1.28e-06
19	lamdourine	1.28e-06
19	snorsd	1.28e-06
19	twine	1.28e-06
19	titillation	1.28e-06
19	slipshod	1.28e-06
19	clangour	1.28e-06
19	skink	1.28e-06
19	spisd	1.28e-06
19	stinl	1.28e-06
19	ferocity	1.28e-06
19	milde	1.28e-06
19	ruinous	1.28e-06
19	horrour	1.28e-06
19	kummel	1.28e-06
19	cry	1.28e-06
19	shadoav	1.28e-06
19	flaring	1.28e-06
19	grottoe	1.28e-06
19	olea	1.28e-06
19	leafy	1.28e-06
19	warm	1.28e-06
19	gent	1.28e-06
19	decaydoor	1.28e-06
19	sulferous	1.28e-06
19	thirst	1.28e-06
19	vaporise	1.28e-06
19	foggy	1.28e-06
19	ium	1.28e-06
19	tread	1.28e-06
19	luxuriant	1.28e-06
19	foully	1.28e-06
19	puny	1.28e-06
19	cloverscente	1.28e-06
19	langorous	1.28e-06
19	surcharge	1.28e-06
19	foulsome	1.28e-06
19	insecty	1.28e-06
19	fragranze	1.28e-06
19	cushion	1.28e-06
19	harmony	1.28e-06
19	whirr	1.28e-06
19	chloroform	1.28e-06
19	acorus	1.28e-06
19	stun	1.28e-06
19	dahlia	1.28e-06
19	hateful	1.28e-06
19	aguish	1.28e-06
19	odoriserous	1.28e-06
19	monogramme	1.28e-06
19	sidoor	1.28e-06
19	imitation	1.28e-06
19	fraught	1.28e-06
19	odorilelous	1.28e-06
19	lragrance	1.28e-06
19	fagrant	1.28e-06
19	cockneyism	1.28e-06
19	rosehung	1.28e-06
19	sdouid	1.28e-06
19	stanchless	1.28e-06
19	ragrance	1.28e-06
19	richlyperfume	1.28e-06
19	slushy	1.28e-06
19	ice	1.28e-06
19	chaff	1.28e-06
19	sticky	1.28e-06
19	stenchcreate	1.28e-06
19	douceur	1.28e-06
19	xhale	1.28e-06
19	steal	1.28e-06
19	sizzle	1.28e-06
19	foppish	1.28e-06
19	revolt	1.28e-06
19	note	1.28e-06
19	unfade	1.28e-06
19	avas	1.28e-06
19	nevermelte	1.28e-06
19	besprinkle	1.28e-06
19	slum	1.28e-06
19	whine	1.28e-06
19	howl	1.28e-06
19	whilk	1.28e-06
19	orangescente	1.28e-06
19	saturnine	1.28e-06
19	fauna	1.28e-06
19	vagabond	1.28e-06
19	windsent	1.28e-06
19	glamour	1.28e-06
19	scentladen	1.28e-06
19	clavell	1.28e-06
19	faun	1.28e-06
19	oozy	1.28e-06
19	association	1.28e-06
19	frosty	1.28e-06
19	belathere	1.28e-06
19	splash	1.28e-06
19	sting	1.28e-06
19	pungentsmelle	1.28e-06
19	scoundrelly	1.28e-06
19	incandescence	1.28e-06
19	vegas	1.28e-06
19	stout	1.28e-06
19	dandified	1.28e-06
19	closesmelle	1.28e-06
19	chink	1.28e-06
19	renew	1.28e-06
19	salmontinte	1.28e-06
19	halfdoor	1.28e-06
19	holy	1.28e-06
19	istand	1.28e-06
19	olfl	1.28e-06
19	razor	1.28e-06
19	morass	1.28e-06
19	gommas	1.28e-06
19	sirocco	1.28e-06
19	phantasmal	1.28e-06
19	havana	1.28e-06
19	saffrontinte	1.28e-06
19	flowerperfume	1.28e-06
19	thorn	1.28e-06
19	fluorite	1.28e-06
19	dulness	1.28e-06
19	peppermint	1.28e-06
19	balsamical	1.28e-06
19	fashious	1.28e-06
19	fradrance	1.28e-06
19	flagrance	1.28e-06
19	animalise	1.28e-06
19	mcense	1.28e-06
19	scentlessness	1.28e-06
19	overcharge	1.28e-06
19	yellowtinte	1.28e-06
19	sheen	1.28e-06
19	emell	1.28e-06
19	aromatio	1.28e-06
19	restore	1.28e-06
19	load	1.28e-06
19	billowy	1.28e-06
19	odorousness	1.28e-06
19	hush	1.28e-06
19	loveliness	1.28e-06
19	olivetinte	1.28e-06
19	fygour	1.28e-06
19	nozzle	1.28e-06
19	hongroise	1.28e-06
19	odoreferant	1.28e-06
19	shampooed	1.28e-06
19	sunshine	1.28e-06
19	tom	1.28e-06
19	wistful	1.28e-06
19	withfamiliar	1.28e-06
19	meriel	1.28e-06
19	flush	1.28e-06
19	airless	1.28e-06
19	fewwhiff	1.28e-06
19	peruke	1.28e-06
19	haloe	1.28e-06
19	tricolour	1.28e-06
19	owd	1.28e-06
19	villanous	1.28e-06
19	bedeck	1.28e-06
19	lavender	1.28e-06
19	odorg	1.28e-06
19	cholera	1.28e-06
19	incensesniffe	1.28e-06
19	whioh	1.28e-06
19	scarrot	1.28e-06
19	nastysmelle	1.28e-06
19	thing	1.28e-06
19	steep	1.28e-06
19	honeyful	1.28e-06
19	deafen	1.28e-06
19	rebuff	1.28e-06
19	collar	1.28e-06
19	infandum	1.28e-06
19	hcffluvium	1.28e-06
19	supercilious	1.28e-06
19	closeness	1.28e-06
19	scentsachet	1.28e-06
19	odoura	1.28e-06
19	surly	1.28e-06
19	fishtank	1.28e-06
19	innuendoe	1.28e-06
19	phantasm	1.28e-06
19	melancholy	1.28e-06
19	iroma	1.28e-06
19	fur	1.28e-06
19	fluorid	1.28e-06
19	spiniferous	1.28e-06
19	stacte	1.28e-06
19	pollution	1.28e-06
19	unholy	1.28e-06
19	wilt	1.28e-06
19	pasture	1.28e-06
19	myriad	1.28e-06
19	frague	1.28e-06
19	avholesome	1.28e-06
19	gloomy	1.28e-06
19	buoyant	1.28e-06
19	stanks	1.28e-06
19	profanation	1.28e-06
19	perfumedly	1.28e-06
19	skank	1.28e-06
19	bepoetize	1.28e-06
19	farfame	1.28e-06
19	misty	1.28e-06
19	unharruonious	1.28e-06
19	aduring	1.28e-06
19	atr	1.28e-06
19	nutritive	1.28e-06
19	palate	1.28e-06
19	thority	1.28e-06
19	pulrid	1.28e-06
19	delicate	1.28e-06
19	ismelle	1.28e-06
19	dolorous	1.28e-06
19	hodow	1.28e-06
19	finoak	1.28e-06
19	unodoriferous	1.28e-06
19	glove	1.28e-06
19	istinshdk	1.28e-06
19	scentbag	1.28e-06
19	mossy	1.28e-06
19	saponaceous	1.28e-06
19	oleagenous	1.28e-06
19	attintion	1.28e-06
19	thrid	1.28e-06
19	pierfume	1.28e-06
19	mournfulness	1.28e-06
19	plebeianismodour	1.28e-06
19	haze	1.28e-06
19	fetiche	1.28e-06
19	dreadful	1.28e-06
19	diamonde	1.28e-06
19	fiagrant	1.28e-06
19	calefacient	1.28e-06
19	fumeless	1.28e-06
19	loveladen	1.28e-06
19	perfun	1.28e-06
19	smellng	1.28e-06
19	iodize	1.28e-06
19	blubbery	1.28e-06
19	pungently	1.28e-06
19	smeltlng	1.28e-06
19	coppertinte	1.28e-06
19	fuzze	1.28e-06
19	highlyperfume	1.28e-06
19	decay	1.28e-06
19	jjoisone	1.28e-06
19	scinc	1.28e-06
19	varicoloure	1.28e-06
19	velvet	1.28e-06
19	fabidous	1.28e-06
19	ottoe	1.28e-06
19	tallowylooke	1.28e-06
19	fumerole	1.28e-06
19	chamber	1.28e-06
19	fragranco	1.28e-06
19	mendous	1.28e-06
19	waxy	1.28e-06
19	aimonikperfume	1.28e-06
19	wfiich	1.28e-06
19	fluviatile	1.28e-06
19	smelk	1.28e-06
19	frankin	1.28e-06
19	freah	1.28e-06
19	infamy	1.28e-06
19	transgression	1.28e-06
19	furbelowcd	1.28e-06
19	ncense	1.28e-06
19	opulent	1.28e-06
19	fragm	1.28e-06
19	ridicule	1.28e-06
19	draughty	1.28e-06
19	sweete	1.28e-06
19	accurse	1.28e-06
19	ottar	1.28e-06
19	cavernous	1.28e-06
19	bedew	1.28e-06
19	ugliness	1.28e-06
19	tawdry	1.28e-06
19	effeminite	1.28e-06
19	tendril	1.28e-06
19	downy	1.28e-06
19	brekfus	1.28e-06
19	impart	1.28e-06
19	theorize	1.28e-06
19	oder	1.28e-06
19	skilful	1.28e-06
19	damp	1.28e-06
19	omelet	1.28e-06
19	exuberant	1.28e-06
19	contamination	1.28e-06
19	privy	1.28e-06
19	oxydize	1.28e-06
19	clove	1.28e-06
19	flec	1.28e-06
19	stinkest	1.28e-06
19	highlynectariferous	1.28e-06
19	aphide	1.28e-06
19	elixirs	1.28e-06
19	mink	1.28e-06
19	expel	1.28e-06
19	tious	1.28e-06
19	inous	1.28e-06
19	other	1.28e-06
19	smeuik	1.28e-06
19	spic	1.28e-06
19	exhib	1.28e-06
19	sujpliur	1.28e-06
19	aflurance	1.28e-06
19	whifis	1.28e-06
19	hypernephroma	1.28e-06
19	oinlment	1.28e-06
19	probity	1.28e-06
19	odorifd	1.28e-06
19	thoufand	1.28e-06
19	effervescent	1.28e-06
19	ptinh	1.28e-06
19	tan	1.28e-06
19	refiduum	1.28e-06
19	stinmlnnt	1.28e-06
19	olfactxis	1.28e-06
19	iftidoure	1.28e-06
19	tiiste	1.28e-06
19	noxi	1.28e-06
19	ganious	1.28e-06
19	enfumer	1.28e-06
19	arsenicum	1.28e-06
19	efflore	1.28e-06
19	limiinous	1.28e-06
19	jlfactory	1.28e-06
19	vilknous	1.28e-06
19	infummer	1.28e-06
19	slough	1.28e-06
19	hidrogen	1.28e-06
19	aiomatic	1.28e-06
19	vsmell	1.28e-06
19	bute	1.28e-06
19	efflor	1.28e-06
19	ozone	1.28e-06
19	sdorous	1.28e-06
19	otorrhoea	1.28e-06
19	berance	1.28e-06
19	andbromofume	1.28e-06
19	efiluvta	1.28e-06
19	sajiid	1.28e-06
19	afafetida	1.28e-06
19	sfume	1.28e-06
19	liere	1.28e-06
19	muscadine	1.28e-06
19	pertie	1.28e-06
19	sink	1.28e-06
19	snuf	1.28e-06
19	calamus	1.28e-06
19	headach	1.28e-06
19	vitriolous	1.28e-06
19	eath	1.28e-06
19	scenten	1.28e-06
19	coruscation	1.28e-06
19	inlufion	1.28e-06
19	venomous	1.28e-06
19	aromatieus	1.28e-06
19	fccrid	1.28e-06
19	biferous	1.28e-06
19	fltunk	1.28e-06
19	efiauvia	1.28e-06
19	frngrant	1.28e-06
19	turd	1.28e-06
19	ohuoxious	1.28e-06
19	fpiriiuous	1.28e-06
19	efifluvia	1.28e-06
19	limpid	1.28e-06
19	ffupid	1.28e-06
19	huff	1.28e-06
19	vulgar	1.28e-06
19	scentvdrogen	1.28e-06
19	aphidivorus	1.28e-06
19	snif	1.28e-06
19	turbinate	1.28e-06
19	stinrulant	1.28e-06
19	aromal	1.28e-06
19	another	1.28e-06
19	iperfume	1.28e-06
19	sweetne	1.28e-06
19	ase	1.28e-06
19	atomizer	1.28e-06
19	perfuiiie	1.28e-06
19	esinous	1.28e-06
19	fufe	1.28e-06
19	inefficacious	1.28e-06
19	fetoi	1.28e-06
19	coraceous	1.28e-06
19	lifactory	1.28e-06
19	ozama	1.28e-06
19	taate	1.28e-06
19	pragrant	1.28e-06
19	excretal	1.28e-06
19	dreffe	1.28e-06
19	manufactur	1.28e-06
19	couleur	1.28e-06
19	antient	1.28e-06
19	ampcloprafum	1.28e-06
19	prefumes	1.28e-06
19	belide	1.28e-06
19	phosphide	1.28e-06
19	scgefum	1.28e-06
19	odoii	1.28e-06
19	galbanum	1.28e-06
19	individual	1.28e-06
19	aetbylalcohol	1.28e-06
19	zylalcohol	1.28e-06
19	glycerinous	1.28e-06
19	glioma	1.28e-06
19	smelline	1.28e-06
19	dip	1.28e-06
19	eflbuvia	1.28e-06
19	efifluvium	1.28e-06
19	sjiirit	1.28e-06
19	efffect	1.28e-06
19	fetiff	1.28e-06
19	diffefent	1.28e-06
19	olfaflory	1.28e-06
19	serous	1.28e-06
19	efeuvia	1.28e-06
19	codour	1.28e-06
19	olten	1.28e-06
19	colorific	1.28e-06
19	ropy	1.28e-06
19	blend	1.28e-06
19	bihous	1.28e-06
19	mnoxious	1.28e-06
19	odure	1.28e-06
19	pallry	1.28e-06
19	likevvife	1.28e-06
19	odorata	1.28e-06
19	smiff	1.28e-06
19	snviff	1.28e-06
19	fraerant	1.28e-06
19	ornamental	1.28e-06
19	pijie	1.28e-06
19	dichromate	1.28e-06
19	glucose	1.28e-06
19	cil	1.28e-06
19	ubiquitous	1.28e-06
19	indole	1.28e-06
19	nosis	1.28e-06
19	eftluvia	1.28e-06
19	nofegay	1.28e-06
19	iierfume	1.28e-06
19	epistaxis	1.28e-06
19	unfafe	1.28e-06
19	scentpd	1.28e-06
19	elixir	1.28e-06
19	frowsy	1.28e-06
19	efflorefcence	1.28e-06
19	snuee	1.28e-06
19	odoralus	1.28e-06
19	femetime	1.28e-06
19	ptifan	1.28e-06
19	aff	1.28e-06
19	efsuvia	1.28e-06
19	lume	1.28e-06
19	fottor	1.28e-06
19	miasmatous	1.28e-06
19	riour	1.28e-06
19	olfactism	1.28e-06
19	bieath	1.28e-06
19	deleterious	1.28e-06
19	wet	1.28e-06
19	thymol	1.28e-06
19	itfume	1.28e-06
19	perfumc	1.28e-06
19	pepfume	1.28e-06
19	stim	1.28e-06
19	offensiveuess	1.28e-06
19	keep	1.28e-06
19	flarour	1.28e-06
19	intoxicator	1.28e-06
19	tranfparent	1.28e-06
19	afifume	1.28e-06
19	coproma	1.28e-06
19	fixtracfum	1.28e-06
19	aerobic	1.28e-06
19	nnwliolesome	1.28e-06
19	fdour	1.28e-06
19	ancy	1.28e-06
19	psoric	1.28e-06
19	tranflucid	1.28e-06
19	fpongy	1.28e-06
19	unconfumed	1.28e-06
19	antispasmodic	1.28e-06
19	nifuge	1.28e-06
19	fukry	1.28e-06
19	fmellin	1.28e-06
19	aelon	1.28e-06
19	univerfum	1.28e-06
19	stinkincr	1.28e-06
19	fectant	1.28e-06
19	decolor	1.28e-06
19	jiromatic	1.28e-06
19	snull	1.28e-06
19	oxymell	1.28e-06
19	inoffensive	1.28e-06
19	fervescent	1.28e-06
19	perfumeur	1.28e-06
19	jefinous	1.28e-06
19	omafum	1.28e-06
19	omafus	1.28e-06
19	abomafum	1.28e-06
19	liggetid	1.28e-06
19	rrrucous	1.28e-06
19	heterogeneous	1.28e-06
19	bitter	1.28e-06
19	blood	1.28e-06
19	jperjumed	1.28e-06
19	tapour	1.28e-06
19	felid	1.28e-06
19	sulphnreous	1.28e-06
19	aroinatise	1.28e-06
19	sraed	1.28e-06
19	toxical	1.28e-06
19	imioxious	1.28e-06
19	antifetor	1.28e-06
19	sph	1.28e-06
19	formula	1.28e-06
19	errhine	1.28e-06
19	tenesmus	1.28e-06
19	cohol	1.28e-06
19	rbizome	1.28e-06
19	tation	1.28e-06
19	mcifure	1.28e-06
19	efiiuvium	1.28e-06
19	bsrgamot	1.28e-06
19	marshy	1.28e-06
19	effedfual	1.28e-06
19	infufious	1.28e-06
19	prefumed	1.28e-06
19	smeltino	1.28e-06
19	efllluvia	1.28e-06
19	arofe	1.28e-06
19	infuficns	1.28e-06
19	overdofe	1.28e-06
19	anil	1.28e-06
19	unwholesoiue	1.28e-06
19	bretid	1.28e-06
19	balsami	1.28e-06
19	inodorife	1.28e-06
19	istinshak	1.28e-06
19	ozsena	1.28e-06
19	clean	1.28e-06
19	produds	1.28e-06
19	produd	1.28e-06
19	tfuste	1.28e-06
19	luscious	1.28e-06
19	decompose	1.28e-06
19	indecent	1.28e-06
19	watery	1.28e-06
19	effufion	1.28e-06
19	eman	1.28e-06
19	efflmium	1.28e-06
19	soporiferous	1.28e-06
19	hop	1.28e-06
19	undfuous	1.28e-06
19	ltinke	1.28e-06
19	sanguineous	1.28e-06
19	cape	1.28e-06
19	femoral	1.28e-06
19	stinkhorn	1.28e-06
19	purfume	1.28e-06
19	fragrint	1.28e-06
19	fadid	1.28e-06
19	tindure	1.28e-06
19	odoriferoir	1.28e-06
19	perfunre	1.28e-06
19	caducous	1.28e-06
19	stinm	1.28e-06
19	arsenate	1.28e-06
19	shmy	1.28e-06
19	odorative	1.28e-06
19	odoul	1.28e-06
19	melt	1.28e-06
19	deodoris	1.28e-06
19	fcul	1.28e-06
19	efiect	1.28e-06
19	ture	1.28e-06
19	ardor	1.28e-06
19	lactiferous	1.28e-06
19	excremeutitious	1.28e-06
19	ivvcous	1.28e-06
19	smellie	1.28e-06
19	infup	1.28e-06
19	cmelle	1.28e-06
19	effl	1.28e-06
19	furfuran	1.28e-06
19	wdld	1.28e-06
19	infure	1.28e-06
19	smellingsour	1.28e-06
19	anosmias	1.28e-06
19	scentem	1.28e-06
19	itching	1.28e-06
19	lweet	1.28e-06
19	accumulation	1.28e-06
19	favu	1.28e-06
19	coumaroma	1.28e-06
19	stinclc	1.28e-06
19	odoralo	1.28e-06
19	ting	1.28e-06
19	exudate	1.28e-06
19	pellilent	1.28e-06
19	sation	1.28e-06
19	aromatife	1.28e-06
19	lant	1.28e-06
19	faline	1.28e-06
19	veetish	1.28e-06
19	muske	1.28e-06
19	gnitin	1.28e-06
19	dichromatic	1.28e-06
19	ooleur	1.28e-06
19	tnnnin	1.28e-06
19	epiphora	1.28e-06
19	smeltery	1.28e-06
19	odortferous	1.28e-06
19	stinki	1.28e-06
19	manuiactory	1.28e-06
19	ling	1.28e-06
19	theolroma	1.28e-06
19	whiffe	1.28e-06
19	laetid	1.28e-06
19	perfedl	1.28e-06
19	fetirvy	1.28e-06
19	affeetion	1.28e-06
19	fretip	1.28e-06
19	odoviferous	1.28e-06
19	impetiginous	1.28e-06
19	sfug	1.28e-06
19	fame	1.28e-06
19	fweate	1.28e-06
19	perfumod	1.28e-06
19	perf	1.28e-06
19	malsenous	1.28e-06
19	fream	1.28e-06
19	appek	1.28e-06
19	sulphurefum	1.28e-06
19	ham	1.28e-06
19	uvium	1.28e-06
19	ptyalism	1.28e-06
19	smellen	1.28e-06
19	dlfactory	1.28e-06
19	perfumea	1.28e-06
19	odorern	1.28e-06
19	muik	1.28e-06
19	eindelijk	1.28e-06
19	crack	1.28e-06
19	porphyritic	1.28e-06
19	odoru	1.28e-06
19	oztenic	1.28e-06
19	trifid	1.28e-06
19	odois	1.28e-06
19	minous	1.28e-06
19	piquancy	1.28e-06
19	dipping	1.28e-06
19	odouterous	1.28e-06
19	boronia	1.28e-06
19	vajiour	1.28e-06
19	leffluvium	1.28e-06
19	herrid	1.28e-06
19	olfak	1.28e-06
19	affection	1.28e-06
19	odorc	1.28e-06
19	oifeous	1.28e-06
19	coloiir	1.28e-06
19	ether	1.28e-06
19	perfu	1.28e-06
19	fetiferous	1.28e-06
19	idour	1.28e-06
19	cosmetio	1.28e-06
19	eifluvia	1.28e-06
19	stiniferous	1.28e-06
19	antispasm	1.28e-06
19	stinknase	1.28e-06
19	worm	1.28e-06
19	chlorkalk	1.28e-06
19	disperser	1.28e-06
19	fmelly	1.28e-06
19	umour	1.28e-06
19	condition	1.28e-06
19	odoramentd	1.28e-06
19	fihrous	1.28e-06
19	paifume	1.28e-06
19	nuirky	1.28e-06
19	fuffumigation	1.28e-06
19	fuffume	1.28e-06
19	ocorous	1.28e-06
19	coniferous	1.28e-06
19	captan	1.28e-06
19	ossify	1.28e-06
19	fetidite	1.28e-06
19	ergaretid	1.28e-06
19	oxious	1.28e-06
19	intolerably	1.28e-06
19	fetife	1.28e-06
19	eflfiuvia	1.28e-06
19	nromaticus	1.28e-06
19	punaise	1.28e-06
19	fugaceous	1.28e-06
19	bromamid	1.28e-06
19	olficinal	1.28e-06
19	champacac	1.28e-06
19	kosmetik	1.28e-06
19	profuge	1.28e-06
19	alum	1.28e-06
19	urinal	1.28e-06
19	fractus	1.28e-06
19	ffece	1.28e-06
19	dtiny	1.28e-06
19	tfum	1.28e-06
19	odorn	1.28e-06
19	ftink	1.28e-06
19	fuiphur	1.28e-06
19	drianabsud	1.28e-06
19	nbxious	1.28e-06
19	niate	1.28e-06
19	itetid	1.28e-06
19	lustrous	1.28e-06
19	olficial	1.28e-06
19	gerous	1.28e-06
19	infuflble	1.28e-06
19	fulible	1.28e-06
19	feledke	1.28e-06
19	mfufion	1.28e-06
19	aromadc	1.28e-06
19	tafete	1.28e-06
19	factitious	1.28e-06
19	infective	1.28e-06
19	remely	1.28e-06
19	olfactom	1.28e-06
19	fcentecl	1.28e-06
19	effedls	1.28e-06
19	ticum	1.28e-06
19	eihuvia	1.28e-06
19	scor	1.28e-06
19	resm	1.28e-06
19	diffl	1.28e-06
19	fac	1.28e-06
19	eeke	1.28e-06
19	sonorous	1.28e-06
19	fletitious	1.28e-06
19	promifcuous	1.28e-06
19	ehinoscleroma	1.28e-06
19	fcy	1.28e-06
19	oxidum	1.28e-06
19	diagnofis	1.28e-06
19	efiduvium	1.28e-06
19	breathtainte	1.28e-06
19	aromad	1.28e-06
19	sparle	1.28e-06
19	bolic	1.28e-06
19	anagmic	1.28e-06
19	fwimme	1.28e-06
19	smelluig	1.28e-06
19	odouks	1.28e-06
19	noimiant	1.28e-06
19	odoidferous	1.28e-06
19	riscessive	1.28e-06
19	perfumia	1.28e-06
19	olfeous	1.28e-06
19	neurofibroma	1.28e-06
19	sloughy	1.28e-06
19	whifch	1.28e-06
19	organic	1.28e-06
19	fovil	1.28e-06
19	smelis	1.28e-06
19	odorifeiqus	1.28e-06
19	saromatic	1.28e-06
19	agglu	1.28e-06
19	loss	1.28e-06
19	tolcerous	1.28e-06
19	perfurao	1.28e-06
19	fesin	1.28e-06
19	rufous	1.28e-06
19	nervism	1.28e-06
19	odovu	1.28e-06
19	stinmlus	1.28e-06
19	stag	1.28e-06
19	mnsty	1.28e-06
19	stenchifie	1.28e-06
19	stincher	1.28e-06
19	enammelle	1.28e-06
19	infalabnous	1.28e-06
19	fsetor	1.28e-06
19	stinlre	1.28e-06
19	affinity	1.28e-06
19	ment	1.28e-06
19	pregnate	1.28e-06
19	spiritous	1.28e-06
19	nious	1.28e-06
19	rperfumed	1.28e-06
19	drop	1.28e-06
19	vapoui	1.28e-06
19	rnoxious	1.28e-06
19	albuminuria	1.28e-06
19	pilious	1.28e-06
19	spore	1.28e-06
19	sweetish	1.28e-06
19	pheric	1.28e-06
19	diflerence	1.28e-06
19	deoderant	1.28e-06
19	phenol	1.28e-06
19	thedresh	1.28e-06
19	tromatic	1.28e-06
19	nauseat	1.28e-06
19	asmell	1.28e-06
19	digefte	1.28e-06
19	fetour	1.28e-06
19	repugnant	1.28e-06
19	monobromata	1.28e-06
19	fattor	1.28e-06
19	coolness	1.28e-06
19	blfactory	1.28e-06
19	aromatizar	1.28e-06
19	chamomile	1.28e-06
19	whidi	1.28e-06
19	stercoraceous	1.28e-06
19	flake	1.28e-06
19	aromatim	1.28e-06
19	lilth	1.28e-06
19	stinulant	1.28e-06
19	tnodorous	1.28e-06
19	fetofum	1.28e-06
19	exfudant	1.28e-06
19	oleofum	1.28e-06
19	stinkimr	1.28e-06
19	bespice	1.28e-06
19	ubble	1.28e-06
19	perfumey	1.28e-06
19	blume	1.28e-06
19	mrente	1.28e-06
19	guste	1.28e-06
19	notfufible	1.28e-06
19	efiential	1.28e-06
19	charac	1.28e-06
19	syrupy	1.28e-06
19	llagnate	1.28e-06
19	baptifm	1.28e-06
19	reclufe	1.28e-06
19	tardius	1.28e-06
19	fetore	1.28e-06
19	rnusk	1.28e-06
19	snielte	1.28e-06
19	bromine	1.28e-06
19	ejection	1.28e-06
19	nonfetid	1.28e-06
19	ietie	1.28e-06
19	foliaceous	1.28e-06
19	case	1.28e-06
19	scrofula	1.28e-06
19	vitiation	1.28e-06
19	odoricide	1.28e-06
19	incurious	1.28e-06
19	sprat	1.28e-06
19	savoureth	1.28e-06
19	dition	1.28e-06
19	dlrogen	1.28e-06
19	flnid	1.28e-06
19	jdood	1.28e-06
19	marjoram	1.28e-06
19	didreffe	1.28e-06
19	dilfferent	1.28e-06
19	fcfetid	1.28e-06
19	vibration	1.28e-06
19	impetig	1.28e-06
19	odoron	1.28e-06
19	ferric	1.28e-06
19	valerian	1.28e-06
19	oifactory	1.28e-06
19	stinket	1.28e-06
19	fecal	1.28e-06
19	stimidate	1.28e-06
19	greasiness	1.28e-06
19	ulcerate	1.28e-06
19	ahohol	1.28e-06
19	infufon	1.28e-06
19	effeifl	1.28e-06
19	glutinofum	1.28e-06
19	odoratius	1.28e-06
19	umhelliferous	1.28e-06
19	fometiine	1.28e-06
19	nate	1.28e-06
19	miry	1.28e-06
19	hypodermic	1.28e-06
19	jection	1.28e-06
19	perfuafive	1.28e-06
19	plfactory	1.28e-06
19	liferous	1.28e-06
19	exhalent	1.28e-06
19	stinight	1.28e-06
19	sfishy	1.28e-06
19	follow	1.28e-06
19	alcoliol	1.28e-06
19	leetid	1.28e-06
19	odouw	1.28e-06
19	odorol	1.28e-06
19	pathetid	1.28e-06
19	odorifous	1.28e-06
19	aninfufion	1.28e-06
19	rioxious	1.28e-06
19	minaceous	1.28e-06
19	mentitious	1.28e-06
19	fnorte	1.28e-06
19	cumbufiible	1.28e-06
19	odolite	1.28e-06
19	frnoke	1.28e-06
19	nofed	1.28e-06
19	ioul	1.28e-06
19	appetibe	1.28e-06
19	niscence	1.28e-06
19	smelliny	1.28e-06
19	ulcerous	1.28e-06
19	suitumigation	1.28e-06
19	odorati	1.28e-06
19	aromatophorus	1.28e-06
19	muoihiginous	1.28e-06
19	punclur	1.28e-06
19	odorf	1.28e-06
19	difcordant	1.28e-06
19	ladaniferous	1.28e-06
19	fetida	1.28e-06
19	vromatic	1.28e-06
19	infuston	1.28e-06
19	fow	1.28e-06
19	aromaiic	1.28e-06
19	alkaloul	1.28e-06
19	snuh	1.28e-06
19	subfetid	1.28e-06
19	distasteful	1.28e-06
19	thisresinous	1.28e-06
19	orotheraroma	1.28e-06
19	deficcative	1.28e-06
19	terebinth	1.28e-06
19	stinjulate	1.28e-06
19	cowd	1.28e-06
19	fasciculate	1.28e-06
19	fuch	1.28e-06
19	incenfum	1.28e-06
19	perfurne	1.28e-06
19	filfactory	1.28e-06
19	otloriferous	1.28e-06
19	eerafum	1.28e-06
19	fetmel	1.28e-06
19	foisonous	1.28e-06
19	destructive	1.28e-06
19	doek	6.4e-07
19	soaggy	6.4e-07
19	soade	6.4e-07
19	perfam	6.4e-07
19	xuberance	6.4e-07
19	effu	6.4e-07
19	fuccour	6.4e-07
19	holfum	6.4e-07
19	afluraes	6.4e-07
19	khid	6.4e-07
19	shiv	6.4e-07
19	sotphur	6.4e-07
19	condour	6.4e-07
19	ftream	6.4e-07
19	fullperfumc	6.4e-07
19	pcifume	6.4e-07
19	body	6.4e-07
19	reaffume	6.4e-07
19	gorate	6.4e-07
19	stnoke	6.4e-07
19	ivind	6.4e-07
19	atapour	6.4e-07
19	uncleanliness	6.4e-07
19	unconfume	6.4e-07
19	efflmia	6.4e-07
19	infume	6.4e-07
19	grumble	6.4e-07
19	estiuvia	6.4e-07
19	reekit	6.4e-07
19	mire	6.4e-07
19	choak	6.4e-07
19	lycour	6.4e-07
19	asfe	6.4e-07
19	shampoe	6.4e-07
19	chace	6.4e-07
19	odoret	6.4e-07
19	arapour	6.4e-07
19	bubroma	6.4e-07
19	fetoel	6.4e-07
19	pecfume	6.4e-07
19	fop	6.4e-07
19	dyfode	6.4e-07
19	andfum	6.4e-07
19	torrent	6.4e-07
19	iucense	6.4e-07
19	recreation	6.4e-07
19	reushe	6.4e-07
19	perfumt	6.4e-07
19	suffrance	6.4e-07
19	leeke	6.4e-07
19	inodorus	6.4e-07
19	ark	6.4e-07
19	winnow	6.4e-07
19	offragrance	6.4e-07
19	musquitos	6.4e-07
19	musquito	6.4e-07
19	beate	6.4e-07
19	trifling	6.4e-07
19	tadow	6.4e-07
19	oderous	6.4e-07
19	smelj	6.4e-07
19	tffluvia	6.4e-07
19	immenfum	6.4e-07
19	thiug	6.4e-07
19	peal	6.4e-07
19	ananas	6.4e-07
19	savamp	6.4e-07
19	libatory	6.4e-07
19	unfeele	6.4e-07
19	mhale	6.4e-07
19	combustibles	6.4e-07
19	brealhe	6.4e-07
19	wing	6.4e-07
19	trophie	6.4e-07
19	genial	6.4e-07
19	prosy	6.4e-07
19	perfidy	6.4e-07
19	fdow	6.4e-07
19	reddour	6.4e-07
19	perfumaban	6.4e-07
19	ffawour	6.4e-07
19	intelligence	6.4e-07
19	stavour	6.4e-07
19	perfusne	6.4e-07
19	content	6.4e-07
19	edulcorate	6.4e-07
19	odourburst	6.4e-07
19	odoid	6.4e-07
19	seek	6.4e-07
19	jar	6.4e-07
19	bower	6.4e-07
19	whisker	6.4e-07
19	reentrance	6.4e-07
19	scem	6.4e-07
19	juiciness	6.4e-07
19	muendoe	6.4e-07
19	sty	6.4e-07
19	cootoess	6.4e-07
19	flowerenamelle	6.4e-07
19	stinft	6.4e-07
19	gaudy	6.4e-07
19	drag	6.4e-07
19	fragancy	6.4e-07
19	cherish	6.4e-07
19	cherished	6.4e-07
19	fewsniff	6.4e-07
19	smab	6.4e-07
19	orange	6.4e-07
19	iek	6.4e-07
19	blow	6.4e-07
19	decorate	6.4e-07
19	odorouss	6.4e-07
19	ughte	6.4e-07
19	sirsing	6.4e-07
19	snuffeth	6.4e-07
19	clovepink	6.4e-07
19	avowal	6.4e-07
19	tranquillize	6.4e-07
19	nie	6.4e-07
19	whibng	6.4e-07
19	rance	6.4e-07
19	schaffe	6.4e-07
19	afschaffe	6.4e-07
19	eth	6.4e-07
19	lubricity	6.4e-07
19	dropping	6.4e-07
19	stanching	6.4e-07
19	huuscs	6.4e-07
19	breather	6.4e-07
19	odouv	6.4e-07
19	odouvs	6.4e-07
19	banquet	6.4e-07
19	lilyperfume	6.4e-07
19	smoulder	6.4e-07
19	swalloweth	6.4e-07
19	mustek	6.4e-07
19	cosiness	6.4e-07
19	dilate	6.4e-07
19	yvind	6.4e-07
19	degraded	6.4e-07
19	slu	6.4e-07
19	airy	6.4e-07
19	loathe	6.4e-07
19	almug	6.4e-07
19	run	6.4e-07
19	vaunt	6.4e-07
19	two	6.4e-07
19	yvhiff	6.4e-07
19	nipping	6.4e-07
19	smook	6.4e-07
19	smalltalk	6.4e-07
19	intintion	6.4e-07
19	acacias	6.4e-07
19	blister	6.4e-07
19	sniffer	6.4e-07
19	cuiour	6.4e-07
19	odorala	6.4e-07
19	miff	6.4e-07
19	shig	6.4e-07
19	jars	6.4e-07
19	swingdoor	6.4e-07
19	engarlanding	6.4e-07
19	theodour	6.4e-07
19	erpower	6.4e-07
19	ntfisance	6.4e-07
19	fridts	6.4e-07
19	oxygen	6.4e-07
19	sprinkler	6.4e-07
19	censer	6.4e-07
19	shady	6.4e-07
19	floricultural	6.4e-07
19	permeating	6.4e-07
19	shroud	6.4e-07
19	pilloavs	6.4e-07
19	ariel	6.4e-07
19	btinke	6.4e-07
19	bearingdoor	6.4e-07
19	fawn	6.4e-07
19	vavasour	6.4e-07
19	curl	6.4e-07
19	deathly	6.4e-07
19	brumme	6.4e-07
19	phizze	6.4e-07
19	inebriatingperfume	6.4e-07
19	spink	6.4e-07
19	spy	6.4e-07
19	visi	6.4e-07
19	snuffshop	6.4e-07
19	asphixiate	6.4e-07
19	asphixiating	6.4e-07
19	totfud	6.4e-07
19	douse	6.4e-07
19	garlicflame	6.4e-07
19	fiezle	6.4e-07
19	avord	6.4e-07
19	several	6.4e-07
19	anecdot	6.4e-07
19	susurrus	6.4e-07
19	sweetsmede	6.4e-07
19	foam	6.4e-07
19	snowkcd	6.4e-07
19	cuss	6.4e-07
19	smebs	6.4e-07
19	bethink	6.4e-07
19	forethink	6.4e-07
19	sbriek	6.4e-07
19	ckeek	6.4e-07
19	skadow	6.4e-07
19	shaded	6.4e-07
19	smokiness	6.4e-07
19	bewilder	6.4e-07
19	bewildering	6.4e-07
19	sausagesmelle	6.4e-07
19	affitir	6.4e-07
19	headache	6.4e-07
19	mustiness	6.4e-07
19	joy	6.4e-07
19	pouute	6.4e-07
19	lymph	6.4e-07
19	tinkling	6.4e-07
19	throb	6.4e-07
19	starshape	6.4e-07
19	outpouring	6.4e-07
19	pferfume	6.4e-07
19	sdowe	6.4e-07
19	tickling	6.4e-07
19	daisy	6.4e-07
19	perfuiiss	6.4e-07
19	wax	6.4e-07
19	fragi	6.4e-07
19	lilt	6.4e-07
19	cottage	6.4e-07
19	iris	6.4e-07
19	toil	6.4e-07
19	comfort	6.4e-07
19	tittilate	6.4e-07
19	scentiment	6.4e-07
19	diffrance	6.4e-07
19	anff	6.4e-07
19	fever	6.4e-07
19	tomahawk	6.4e-07
19	putrif	6.4e-07
19	perfumd	6.4e-07
19	ssiake	6.4e-07
19	sunshiny	6.4e-07
19	snorer	6.4e-07
19	torrance	6.4e-07
19	skum	6.4e-07
19	howkit	6.4e-07
19	terrace	6.4e-07
19	champagny	6.4e-07
19	charcoalfume	6.4e-07
19	sffver	6.4e-07
19	smedmg	6.4e-07
19	fuh	6.4e-07
19	slumberous	6.4e-07
19	holsum	6.4e-07
19	ste	6.4e-07
19	fed	6.4e-07
19	snifftere	6.4e-07
19	ootos	6.4e-07
19	odorsten	6.4e-07
19	doetor	6.4e-07
19	bluish	6.4e-07
19	sassafras	6.4e-07
19	teipfum	6.4e-07
19	fetis	6.4e-07
19	thatmelt	6.4e-07
19	deheious	6.4e-07
19	snip	6.4e-07
19	fraqrance	6.4e-07
19	tloek	6.4e-07
19	reminder	6.4e-07
19	blossometh	6.4e-07
19	fragranee	6.4e-07
19	shun	6.4e-07
19	clank	6.4e-07
19	tumbak	6.4e-07
19	shunk	6.4e-07
19	iplendour	6.4e-07
19	preek	6.4e-07
19	athalebs	6.4e-07
19	rejoicing	6.4e-07
19	disparage	6.4e-07
19	mosquitos	6.4e-07
19	oilodore	6.4e-07
19	aphid	6.4e-07
19	spel	6.4e-07
19	htinc	6.4e-07
19	gloaming	6.4e-07
19	cuter	6.4e-07
19	prowl	6.4e-07
19	bury	6.4e-07
19	fule	6.4e-07
19	luek	6.4e-07
19	yedow	6.4e-07
19	brighttinted	6.4e-07
19	noisier	6.4e-07
19	rarer	6.4e-07
19	sighting	6.4e-07
19	ditto	6.4e-07
19	bee	6.4e-07
19	chud	6.4e-07
19	nimely	6.4e-07
19	rosetint	6.4e-07
19	snoro	6.4e-07
19	fragranc	6.4e-07
19	stroll	6.4e-07
19	odourof	6.4e-07
19	tdoy	6.4e-07
19	hellish	6.4e-07
19	drip	6.4e-07
19	stanche	6.4e-07
19	moor	6.4e-07
19	avhich	6.4e-07
19	meerschaum	6.4e-07
19	porcine	6.4e-07
19	torrid	6.4e-07
19	grummelle	6.4e-07
19	iced	6.4e-07
19	unmeasur	6.4e-07
19	blubber	6.4e-07
19	shine	6.4e-07
19	sultriness	6.4e-07
19	alue	6.4e-07
19	undercurrent	6.4e-07
19	nosegays	6.4e-07
19	plendour	6.4e-07
19	steenk	6.4e-07
19	snuffiness	6.4e-07
19	snsak	6.4e-07
19	vspour	6.4e-07
19	ntind	6.4e-07
19	illumed	6.4e-07
19	camomel	6.4e-07
19	trapdoor	6.4e-07
19	seller	6.4e-07
19	decoction	6.4e-07
19	lap	6.4e-07
19	epaulet	6.4e-07
19	perfumit	6.4e-07
19	geyser	6.4e-07
19	unfumed	6.4e-07
19	oppress	6.4e-07
19	distilling	6.4e-07
19	mimosas	6.4e-07
19	puffin	6.4e-07
19	nourishment	6.4e-07
19	avind	6.4e-07
19	smeh	6.4e-07
19	rosepink	6.4e-07
19	avar	6.4e-07
19	spatter	6.4e-07
19	doavnpour	6.4e-07
19	fiifur	6.4e-07
19	bluid	6.4e-07
19	comet	6.4e-07
19	fouk	6.4e-07
19	rme	6.4e-07
19	softtinte	6.4e-07
19	perfuuc	6.4e-07
19	thenmelte	6.4e-07
19	ere	6.4e-07
19	kiud	6.4e-07
19	induce	6.4e-07
19	vitiates	6.4e-07
19	panacea	6.4e-07
19	ekamp	6.4e-07
19	updoide	6.4e-07
19	purifie	6.4e-07
19	swoon	6.4e-07
19	clud	6.4e-07
19	scuff	6.4e-07
19	blooming	6.4e-07
19	fust	6.4e-07
19	eretime	6.4e-07
19	illuminant	6.4e-07
19	cloyed	6.4e-07
19	aveek	6.4e-07
19	musictone	6.4e-07
19	birch	6.4e-07
19	blaze	6.4e-07
19	throat	6.4e-07
19	fang	6.4e-07
19	dentifrice	6.4e-07
19	frind	6.4e-07
19	meed	6.4e-07
19	mfernal	6.4e-07
19	sicklyperfume	6.4e-07
19	snubbing	6.4e-07
19	vdolet	6.4e-07
19	enhale	6.4e-07
19	pius	6.4e-07
19	fresher	6.4e-07
19	undertint	6.4e-07
19	snoove	6.4e-07
19	creeper	6.4e-07
19	ssvord	6.4e-07
19	romadour	6.4e-07
19	whiffle	6.4e-07
19	ivhiff	6.4e-07
19	orangetinte	6.4e-07
19	whaff	6.4e-07
19	btank	6.4e-07
19	speedwell	6.4e-07
19	smellingout	6.4e-07
19	lum	6.4e-07
19	crimp	6.4e-07
19	infusion	6.4e-07
19	atar	6.4e-07
19	purr	6.4e-07
19	camomell	6.4e-07
19	chicory	6.4e-07
19	fold	6.4e-07
19	hauteur	6.4e-07
19	hyacinthperfume	6.4e-07
19	scorification	6.4e-07
19	rhyme	6.4e-07
19	disdain	6.4e-07
19	curling	6.4e-07
19	appal	6.4e-07
19	appalling	6.4e-07
19	stem	6.4e-07
19	zmell	6.4e-07
19	famé	6.4e-07
19	decologne	6.4e-07
19	mocha	6.4e-07
19	nerfume	6.4e-07
19	sulphureus	6.4e-07
19	rufus	6.4e-07
19	carol	6.4e-07
19	veil	6.4e-07
19	frames	6.4e-07
19	scaur	6.4e-07
19	old	6.4e-07
19	jeavel	6.4e-07
19	glint	6.4e-07
19	deekt	6.4e-07
19	mystic	6.4e-07
19	read	6.4e-07
19	goad	6.4e-07
19	hedge	6.4e-07
19	stricken	6.4e-07
19	frolic	6.4e-07
19	snowflake	6.4e-07
19	sluttishness	6.4e-07
19	clack	6.4e-07
19	noise	6.4e-07
19	speek	6.4e-07
19	noze	6.4e-07
19	frolicsome	6.4e-07
19	flask	6.4e-07
19	snitf	6.4e-07
19	verbena	6.4e-07
19	swank	6.4e-07
19	wrongdoin	6.4e-07
19	upfume	6.4e-07
19	tink	6.4e-07
19	hale	6.4e-07
19	fat	6.4e-07
19	extortion	6.4e-07
19	oath	6.4e-07
19	thousand	6.4e-07
19	disrance	6.4e-07
19	vengence	6.4e-07
19	blasting	6.4e-07
19	svork	6.4e-07
19	parlour	6.4e-07
19	browntinte	6.4e-07
19	succour	6.4e-07
19	wthiff	6.4e-07
19	burnish	6.4e-07
19	quietude	6.4e-07
19	stuffiness	6.4e-07
19	cromak	6.4e-07
19	ivorytinte	6.4e-07
19	disfavour	6.4e-07
19	fragility	6.4e-07
19	waff	6.4e-07
19	seem	6.4e-07
19	soot	6.4e-07
19	harem	6.4e-07
19	mujik	6.4e-07
19	badlysnuffe	6.4e-07
19	npour	6.4e-07
19	strekke	6.4e-07
19	avhistle	6.4e-07
19	rainbowtinted	6.4e-07
19	purlieus	6.4e-07
19	perfumeth	6.4e-07
19	reekin	6.4e-07
19	exiour	6.4e-07
19	manifactur	6.4e-07
19	souse	6.4e-07
19	snortiug	6.4e-07
19	dally	6.4e-07
19	croma	6.4e-07
19	hemelle	6.4e-07
19	durance	6.4e-07
19	coctume	6.4e-07
19	heap	6.4e-07
19	thrill	6.4e-07
19	felt	6.4e-07
19	beehive	6.4e-07
19	sickening	6.4e-07
19	dripping	6.4e-07
19	odenr	6.4e-07
19	eed	6.4e-07
19	snufftake	6.4e-07
19	sachet	6.4e-07
19	ribbon	6.4e-07
19	overdoor	6.4e-07
19	heady	6.4e-07
19	trolling	6.4e-07
19	coloured	6.4e-07
19	tad	6.4e-07
19	snoek	6.4e-07
19	lead	6.4e-07
19	dhroope	6.4e-07
19	savvour	6.4e-07
19	dirtysmelling	6.4e-07
19	bole	6.4e-07
19	perfick	6.4e-07
19	shadoavs	6.4e-07
19	perfumin	6.4e-07
19	refpeck	6.4e-07
19	befrille	6.4e-07
19	stunken	6.4e-07
19	perfumeburdened	6.4e-07
19	tiff	6.4e-07
19	gurgle	6.4e-07
19	lutvuur	6.4e-07
19	ribanded	6.4e-07
19	diff	6.4e-07
19	fufl	6.4e-07
19	hanour	6.4e-07
19	fetition	6.4e-07
19	stinzen	6.4e-07
19	azure	6.4e-07
19	broiling	6.4e-07
19	conglobe	6.4e-07
19	ibomene	6.4e-07
19	fmellethe	6.4e-07
19	shout	6.4e-07
19	snieek	6.4e-07
19	steeven	6.4e-07
19	bquor	6.4e-07
19	sweeter	6.4e-07
19	airs	6.4e-07
19	fid	6.4e-07
19	throbs	6.4e-07
19	repelling	6.4e-07
19	clothe	6.4e-07
19	pestilence	6.4e-07
19	siroccos	6.4e-07
19	stew	6.4e-07
19	auriculas	6.4e-07
19	flek	6.4e-07
19	sniffs	6.4e-07
19	perfunung	6.4e-07
19	foldingdoor	6.4e-07
19	revive	6.4e-07
19	reviving	6.4e-07
19	intenseperfume	6.4e-07
19	spread	6.4e-07
19	mustmelt	6.4e-07
19	olfato	6.4e-07
19	mpour	6.4e-07
19	inspirit	6.4e-07
19	inspiriting	6.4e-07
19	spire	6.4e-07
19	breauie	6.4e-07
19	relish	6.4e-07
19	grunt	6.4e-07
19	syrup	6.4e-07
19	savouriness	6.4e-07
19	vistas	6.4e-07
19	feigencactus	6.4e-07
19	taverndoor	6.4e-07
19	shik	6.4e-07
19	perfumpd	6.4e-07
19	perfumos	6.4e-07
19	daffodil	6.4e-07
19	ning	6.4e-07
19	afeite	6.4e-07
19	outsmell	6.4e-07
19	fogs	6.4e-07
19	gutter	6.4e-07
19	exotic	6.4e-07
19	tessekte	6.4e-07
19	solfatara	6.4e-07
19	aromatike	6.4e-07
19	beflower	6.4e-07
19	manufacture	6.4e-07
19	feelhig	6.4e-07
19	soothe	6.4e-07
19	roue	6.4e-07
19	horseavhipping	6.4e-07
19	evening	6.4e-07
19	broider	6.4e-07
19	enfume	6.4e-07
19	recrosse	6.4e-07
19	tempt	6.4e-07
19	pdot	6.4e-07
19	cuchillos	6.4e-07
19	deaise	6.4e-07
19	appetiz	6.4e-07
19	cele	6.4e-07
19	emblazon	6.4e-07
19	smellstink	6.4e-07
19	sulf	6.4e-07
19	tuneful	6.4e-07
19	effluadum	6.4e-07
19	gout	6.4e-07
19	medow	6.4e-07
19	tmel	6.4e-07
19	turk	6.4e-07
19	feeld	6.4e-07
19	offactory	6.4e-07
19	cheek	6.4e-07
19	cheeked	6.4e-07
19	aud	6.4e-07
19	stol	6.4e-07
19	untramelled	6.4e-07
19	stinkify	6.4e-07
19	support	6.4e-07
19	stenchis	6.4e-07
19	fodowe	6.4e-07
19	perfunied	6.4e-07
19	caue	6.4e-07
19	pue	6.4e-07
19	canum	6.4e-07
19	chetik	6.4e-07
19	denationalize	6.4e-07
19	foule	6.4e-07
19	snuffier	6.4e-07
19	spicesmelle	6.4e-07
19	levity	6.4e-07
19	untramelle	6.4e-07
19	odourl	6.4e-07
19	solitude	6.4e-07
19	diffused	6.4e-07
19	peffum	6.4e-07
19	strewd	6.4e-07
19	dizen	6.4e-07
19	pollen	6.4e-07
19	fillip	6.4e-07
19	prouendour	6.4e-07
19	permeates	6.4e-07
19	raciness	6.4e-07
19	reede	6.4e-07
19	coke	6.4e-07
19	soak	6.4e-07
19	life	6.4e-07
19	wheezing	6.4e-07
19	napkin	6.4e-07
19	mess	6.4e-07
19	bleed	6.4e-07
19	anecdotage	6.4e-07
19	whifft	6.4e-07
19	irradiation	6.4e-07
19	smeekit	6.4e-07
19	thereof	6.4e-07
19	bacterian	6.4e-07
19	absoroe	6.4e-07
19	gully	6.4e-07
19	bulk	6.4e-07
19	effluent	6.4e-07
19	channel	6.4e-07
19	reflux	6.4e-07
19	effluv	6.4e-07
19	snifter	6.4e-07
19	odorej	6.4e-07
19	whigh	6.4e-07
19	whigg	6.4e-07
19	stik	6.4e-07
19	crowns	6.4e-07
19	profanity	6.4e-07
19	aldehyde	6.4e-07
19	odoratus	6.4e-07
19	baulk	6.4e-07
19	carpet	6.4e-07
19	exaction	6.4e-07
19	kind	6.4e-07
19	exhalatinn	6.4e-07
19	mature	6.4e-07
19	frowsiness	6.4e-07
19	koros	6.4e-07
19	koro	6.4e-07
19	glimpse	6.4e-07
19	water	6.4e-07
19	strummel	6.4e-07
19	sight	6.4e-07
19	hound	6.4e-07
19	stince	6.4e-07
19	saur	6.4e-07
19	sacdrafum	6.4e-07
19	efduvia	6.4e-07
19	lexus	6.4e-07
19	spongiofum	6.4e-07
19	acetonuria	6.4e-07
19	smatounecle	6.4e-07
19	dedoublent	6.4e-07
19	deposition	6.4e-07
19	throac	6.4e-07
19	fpre	6.4e-07
19	luvia	6.4e-07
19	infumate	6.4e-07
19	rmelt	6.4e-07
19	doud	6.4e-07
19	frictious	6.4e-07
19	odoraius	6.4e-07
19	perspmation	6.4e-07
19	balmodour	6.4e-07
19	effecc	6.4e-07
19	effluvi	6.4e-07
19	stinkitig	6.4e-07
19	oxigene	6.4e-07
19	achorous	6.4e-07
19	exem	6.4e-07
19	elegance	6.4e-07
19	fecretion	6.4e-07
19	fhifte	6.4e-07
19	efisuvia	6.4e-07
19	vcink	6.4e-07
19	frangrancy	6.4e-07
19	dnnk	6.4e-07
19	camifum	6.4e-07
19	gangraenofum	6.4e-07
19	adfually	6.4e-07
19	imit	6.4e-07
19	aromar	6.4e-07
19	efflur	6.4e-07
19	affec	6.4e-07
19	ntive	6.4e-07
19	tomodourl	6.4e-07
19	jlask	6.4e-07
19	granulation	6.4e-07
19	corpora	6.4e-07
19	tmnour	6.4e-07
19	stinche	6.4e-07
19	effusiou	6.4e-07
19	fyflem	6.4e-07
19	pulfe	6.4e-07
19	cafe	6.4e-07
19	undrained	6.4e-07
19	undraine	6.4e-07
19	augue	6.4e-07
19	efflwuia	6.4e-07
19	infumo	6.4e-07
19	etherealsmell	6.4e-07
19	oecurs	6.4e-07
19	cofour	6.4e-07
19	leucorrhoea	6.4e-07
19	affluvium	6.4e-07
19	nnour	6.4e-07
19	adfuit	6.4e-07
19	simell	6.4e-07
19	fiflure	6.4e-07
19	foramina	6.4e-07
19	irritation	6.4e-07
19	gonfume	6.4e-07
19	obstruc	6.4e-07
19	fliriek	6.4e-07
19	lation	6.4e-07
19	emetie	6.4e-07
19	scenty	6.4e-07
19	piirifie	6.4e-07
19	erfuming	6.4e-07
19	flich	6.4e-07
19	fnow	6.4e-07
19	effcr	6.4e-07
19	produdlion	6.4e-07
19	infed	6.4e-07
19	ftem	6.4e-07
19	difcharge	6.4e-07
19	tastfjs	6.4e-07
19	eflsuvia	6.4e-07
19	chili	6.4e-07
19	whitefume	6.4e-07
19	abfe	6.4e-07
19	ftrongfmell	6.4e-07
19	mephitifm	6.4e-07
19	foliaoeous	6.4e-07
19	eihalation	6.4e-07
19	santafum	6.4e-07
19	neiwous	6.4e-07
19	smelkd	6.4e-07
19	oftint	6.4e-07
19	collection	6.4e-07
19	jasper	6.4e-07
19	active	6.4e-07
19	cotzfume	6.4e-07
19	imel	6.4e-07
19	sleake	6.4e-07
19	brush	6.4e-07
19	pnrifying	6.4e-07
19	liffey	6.4e-07
19	snilf	6.4e-07
19	exorcisme	6.4e-07
19	cffluvia	6.4e-07
19	odorouseffluvia	6.4e-07
19	mdoous	6.4e-07
19	fetorem	6.4e-07
19	cloth	6.4e-07
19	eflduvia	6.4e-07
19	etuuvia	6.4e-07
19	perforan	6.4e-07
19	whidde	6.4e-07
19	tinous	6.4e-07
19	fiavuur	6.4e-07
19	effebs	6.4e-07
19	sterk	6.4e-07
19	odouh	6.4e-07
19	pyramid	6.4e-07
19	thorize	6.4e-07
19	fragror	6.4e-07
19	plaut	6.4e-07
19	irritant	6.4e-07
19	wdour	6.4e-07
19	crave	6.4e-07
19	exudation	6.4e-07
19	tragrance	6.4e-07
19	oalour	6.4e-07
19	ejfluvia	6.4e-07
19	oece	6.4e-07
19	sedative	6.4e-07
19	gay	6.4e-07
19	lmelling	6.4e-07
19	graffy	6.4e-07
19	noife	6.4e-07
19	infufibility	6.4e-07
19	fradfure	6.4e-07
19	aiad	6.4e-07
19	piquant	6.4e-07
19	snufle	6.4e-07
19	difpofuion	6.4e-07
19	hing	6.4e-07
19	aethylalcohol	6.4e-07
19	auras	6.4e-07
19	hydatids	6.4e-07
19	cesspit	6.4e-07
19	uvia	6.4e-07
19	fragraucy	6.4e-07
19	vrind	6.4e-07
19	atmos	6.4e-07
19	ale	6.4e-07
19	ignite	6.4e-07
19	avourfor	6.4e-07
19	fmellk	6.4e-07
19	scorodum	6.4e-07
19	ater	6.4e-07
19	handfomelt	6.4e-07
19	effence	6.4e-07
19	peffume	6.4e-07
19	ity	6.4e-07
19	clfluvia	6.4e-07
19	frelli	6.4e-07
19	niagazines	6.4e-07
19	holdiugperfume	6.4e-07
19	mhalation	6.4e-07
19	odomr	6.4e-07
19	weetish	6.4e-07
19	ameue	6.4e-07
19	heamiful	6.4e-07
19	zweet	6.4e-07
19	reflex	6.4e-07
19	fiber	6.4e-07
19	sourodour	6.4e-07
19	qolour	6.4e-07
19	odorit	6.4e-07
19	nmcous	6.4e-07
19	fraprance	6.4e-07
19	llavouring	6.4e-07
19	effervesce	6.4e-07
19	expectorant	6.4e-07
19	sulphate	6.4e-07
19	disiufectunt	6.4e-07
19	fetiture	6.4e-07
19	olfende	6.4e-07
19	jjerfumes	6.4e-07
19	membranous	6.4e-07
19	mamellate	6.4e-07
19	disgust	6.4e-07
19	cek	6.4e-07
19	tischem	6.4e-07
19	bmelle	6.4e-07
19	perfumep	6.4e-07
19	act	6.4e-07
19	effiuvium	6.4e-07
19	custon	6.4e-07
19	ltind	6.4e-07
19	odie	6.4e-07
19	audible	6.4e-07
19	stercoreus	6.4e-07
19	weighty	6.4e-07
19	shred	6.4e-07
19	harmful	6.4e-07
19	cflfect	6.4e-07
19	frankincenfe	6.4e-07
19	tbul	6.4e-07
19	fetiditv	6.4e-07
19	imjiacte	6.4e-07
19	afafoetidain	6.4e-07
19	tibroma	6.4e-07
19	ftench	6.4e-07
19	biff	6.4e-07
19	allotropic	6.4e-07
19	ozena	6.4e-07
19	vaeuum	6.4e-07
19	stinljs	6.4e-07
19	elhuvia	6.4e-07
19	aflfume	6.4e-07
19	fcouring	6.4e-07
19	ciation	6.4e-07
19	lmog	6.4e-07
19	fmelie	6.4e-07
19	afffidde	6.4e-07
19	fetnt	6.4e-07
19	irntatm	6.4e-07
19	vepour	6.4e-07
19	mem	6.4e-07
19	facture	6.4e-07
19	ocleur	6.4e-07
19	embrocation	6.4e-07
19	hcensent	6.4e-07
19	breathy	6.4e-07
19	snufi	6.4e-07
19	ovperfume	6.4e-07
19	passage	6.4e-07
19	eflftuvia	6.4e-07
19	appetirance	6.4e-07
19	stinz	6.4e-07
19	celery	6.4e-07
19	etnerfum	6.4e-07
19	ocour	6.4e-07
19	smokuig	6.4e-07
19	dilu	6.4e-07
19	ftigma	6.4e-07
19	andodour	6.4e-07
19	emanating	6.4e-07
19	strongodour	6.4e-07
19	conflu	6.4e-07
19	infiltration	6.4e-07
19	acritochromacy	6.4e-07
19	perfumi	6.4e-07
19	uascented	6.4e-07
19	uascente	6.4e-07
19	odfum	6.4e-07
19	pnfume	6.4e-07
19	olfacti	6.4e-07
19	fats	6.4e-07
19	odaur	6.4e-07
19	hjodour	6.4e-07
19	towhiff	6.4e-07
19	fhivour	6.4e-07
19	ccolour	6.4e-07
19	bult	6.4e-07
19	fpperrance	6.4e-07
19	beverage	6.4e-07
19	bimellate	6.4e-07
19	scentm	6.4e-07
19	smellmg	6.4e-07
19	fetch	6.4e-07
19	fele	6.4e-07
19	phale	6.4e-07
19	bushy	6.4e-07
19	lasping	6.4e-07
19	eflfed	6.4e-07
19	odonrs	6.4e-07
19	gur	6.4e-07
19	ttlon	6.4e-07
19	antisep	6.4e-07
19	efflorefcent	6.4e-07
19	cleaner	6.4e-07
19	umfluous	6.4e-07
19	vourite	6.4e-07
19	effliivia	6.4e-07
19	snusk	6.4e-07
19	carbon	6.4e-07
19	ibeen	6.4e-07
19	ofesmell	6.4e-07
19	fale	6.4e-07
19	perfedion	6.4e-07
19	fhade	6.4e-07
19	lute	6.4e-07
19	nootkas	6.4e-07
19	sweating	6.4e-07
19	omtment	6.4e-07
19	nufacture	6.4e-07
19	tlimr	6.4e-07
19	ance	6.4e-07
19	afllirance	6.4e-07
19	ssink	6.4e-07
19	tloor	6.4e-07
19	applrance	6.4e-07
19	odoujs	6.4e-07
19	mifufion	6.4e-07
19	effett	6.4e-07
19	talfe	6.4e-07
19	dodot	6.4e-07
19	tfuth	6.4e-07
19	aifection	6.4e-07
19	oifactus	6.4e-07
19	liafur	6.4e-07
19	coiour	6.4e-07
19	imoke	6.4e-07
19	acohol	6.4e-07
19	fensive	6.4e-07
19	nincous	6.4e-07
19	smellt	6.4e-07
19	fomeume	6.4e-07
19	uneafinef	6.4e-07
19	udeur	6.4e-07
19	rank	6.4e-07
19	jihale	6.4e-07
19	tiunours	6.4e-07
19	agent	6.4e-07
19	alke	6.4e-07
19	elfiuvia	6.4e-07
19	vimn	6.4e-07
19	ceraceous	6.4e-07
19	arethusece	6.4e-07
19	spathe	6.4e-07
19	whole	6.4e-07
19	fetors	6.4e-07
19	fvagrance	6.4e-07
19	aldehydic	6.4e-07
19	ffifafa	6.4e-07
19	jurious	6.4e-07
19	stinction	6.4e-07
19	ejbluvia	6.4e-07
19	uonditioried	6.4e-07
19	uonditiorie	6.4e-07
19	aromalicd	6.4e-07
19	oedema	6.4e-07
19	ftagnate	6.4e-07
19	everlaste	6.4e-07
19	juft	6.4e-07
19	odoior	6.4e-07
19	iiour	6.4e-07
19	imelt	6.4e-07
19	antifep	6.4e-07
19	putrefeent	6.4e-07
19	perfedly	6.4e-07
19	deodoiise	6.4e-07
19	lsour	6.4e-07
19	dirtie	6.4e-07
19	eftluvim	6.4e-07
19	softenmg	6.4e-07
19	fuftcnance	6.4e-07
19	fmells	6.4e-07
19	officinal	6.4e-07
19	frnarance	6.4e-07
19	bittersand	6.4e-07
19	odojur	6.4e-07
19	ffase	6.4e-07
19	acetofum	6.4e-07
19	ifmell	6.4e-07
19	ginous	6.4e-07
19	febaceous	6.4e-07
19	arifen	6.4e-07
19	smeltable	6.4e-07
19	arsenide	6.4e-07
19	globule	6.4e-07
19	oele	6.4e-07
19	tade	6.4e-07
19	rnoke	6.4e-07
19	spinosus	6.4e-07
19	stuk	6.4e-07
19	wxputrid	6.4e-07
19	hromate	6.4e-07
19	schiedam	6.4e-07
19	scariosus	6.4e-07
19	mulate	6.4e-07
19	stupour	6.4e-07
19	cdcur	6.4e-07
19	erfumc	6.4e-07
19	rammell	6.4e-07
19	scentb	6.4e-07
19	antidote	6.4e-07
19	whids	6.4e-07
19	fectire	6.4e-07
19	vulffus	6.4e-07
19	confute	6.4e-07
19	gulph	6.4e-07
19	frasquitos	6.4e-07
19	frasquito	6.4e-07
19	smellinge	6.4e-07
19	bulbs	6.4e-07
19	efflilvia	6.4e-07
19	bdour	6.4e-07
19	imperturbable	6.4e-07
19	patchak	6.4e-07
19	feclufion	6.4e-07
19	perfurme	6.4e-07
19	snuflt	6.4e-07
19	ecte	6.4e-07
19	eftfuvia	6.4e-07
19	fpiriruous	6.4e-07
19	turbidity	6.4e-07
19	afuror	6.4e-07
19	niammellate	6.4e-07
19	liqxiid	6.4e-07
19	fere	6.4e-07
19	ovour	6.4e-07
19	smoker	6.4e-07
19	antispasmodie	6.4e-07
19	idood	6.4e-07
19	alkalefcent	6.4e-07
19	enehondroma	6.4e-07
19	fes	6.4e-07
19	ejfuvia	6.4e-07
19	fomise	6.4e-07
19	safrol	6.4e-07
19	malady	6.4e-07
19	mull	6.4e-07
19	thefmell	6.4e-07
19	fecvetion	6.4e-07
19	efleff	6.4e-07
19	eflence	6.4e-07
19	fremitus	6.4e-07
19	odoiar	6.4e-07
19	effeff	6.4e-07
19	fiorid	6.4e-07
19	medicament	6.4e-07
19	sludo	6.4e-07
19	fonietime	6.4e-07
19	fletor	6.4e-07
19	climacteric	6.4e-07
19	tmelle	6.4e-07
19	pafle	6.4e-07
19	salivation	6.4e-07
19	horde	6.4e-07
19	effpet	6.4e-07
19	appetis	6.4e-07
19	ffate	6.4e-07
19	erudation	6.4e-07
19	snulfs	6.4e-07
19	antisepsis	6.4e-07
19	cheke	6.4e-07
19	odoor	6.4e-07
19	perfumese	6.4e-07
19	odotcr	6.4e-07
19	eltcct	6.4e-07
19	lltaste	6.4e-07
19	profume	6.4e-07
19	iragrance	6.4e-07
19	effluviiun	6.4e-07
19	fweetene	6.4e-07
19	proliferous	6.4e-07
19	coeke	6.4e-07
19	himmell	6.4e-07
19	petrifeiction	6.4e-07
19	fidour	6.4e-07
19	fixivour	6.4e-07
19	odoixr	6.4e-07
19	effedl	6.4e-07
19	aurse	6.4e-07
19	oaor	6.4e-07
19	sprink	6.4e-07
19	symptom	6.4e-07
19	suirar	6.4e-07
19	aldehyd	6.4e-07
19	azofum	6.4e-07
19	abcefie	6.4e-07
19	fmeltto	6.4e-07
19	fffitid	6.4e-07
19	efuption	6.4e-07
19	aromaticm	6.4e-07
19	pulpy	6.4e-07
19	residts	6.4e-07
19	transfufion	6.4e-07
19	ethuvia	6.4e-07
19	perisheth	6.4e-07
19	snifl	6.4e-07
19	snufl	6.4e-07
19	smuke	6.4e-07
19	outstink	6.4e-07
19	tmella	6.4e-07
19	folloius	6.4e-07
19	tas	6.4e-07
19	deodorizng	6.4e-07
19	scarlatina	6.4e-07
19	bichromas	6.4e-07
19	afmell	6.4e-07
19	giass	6.4e-07
19	destroyer	6.4e-07
19	odot	6.4e-07
19	jwer	6.4e-07
19	oower	6.4e-07
19	fegetable	6.4e-07
19	dromata	6.4e-07
19	cndous	6.4e-07
19	pulfatilla	6.4e-07
19	liqueurs	6.4e-07
19	pitate	6.4e-07
19	aromatiser	6.4e-07
19	diet	6.4e-07
19	istank	6.4e-07
19	celour	6.4e-07
19	deodori	6.4e-07
19	eechondromata	6.4e-07
19	sraelle	6.4e-07
19	inchor	6.4e-07
19	perfumeri	6.4e-07
19	lavour	6.4e-07
19	stinmlant	6.4e-07
19	aldol	6.4e-07
19	syphilis	6.4e-07
19	cylindroma	6.4e-07
19	snnff	6.4e-07
19	ptint	6.4e-07
19	remiffion	6.4e-07
19	sotand	6.4e-07
19	evacua	6.4e-07
19	fuppuration	6.4e-07
19	thirll	6.4e-07
19	effcd	6.4e-07
19	lit	6.4e-07
19	itsmell	6.4e-07
19	vintage	6.4e-07
19	cosmetiqm	6.4e-07
19	odylic	6.4e-07
19	ffuit	6.4e-07
19	aromatice	6.4e-07
19	pejfume	6.4e-07
19	itse	6.4e-07
19	verdour	6.4e-07
19	thermal	6.4e-07
19	feece	6.4e-07
19	fuetid	6.4e-07
19	fryrance	6.4e-07
19	licpud	6.4e-07
19	eflfuvia	6.4e-07
19	fluvium	6.4e-07
19	eflluvium	6.4e-07
19	perfur	6.4e-07
19	fecur	6.4e-07
19	fpint	6.4e-07
19	foulncf	6.4e-07
19	odorejylus	6.4e-07
19	triehopterous	6.4e-07
19	tisirt	6.4e-07
19	avour	6.4e-07
19	aolour	6.4e-07
19	osteofibroma	6.4e-07
19	ffution	6.4e-07
19	arseniferous	6.4e-07
19	offensiveaess	6.4e-07
19	sniflf	6.4e-07
19	snifling	6.4e-07
19	lahiff	6.4e-07
19	perchlorafum	6.4e-07
19	itrance	6.4e-07
19	einfache	6.4e-07
19	piss	6.4e-07
19	cyst	6.4e-07
19	oure	6.4e-07
19	bdelhum	6.4e-07
19	liniment	6.4e-07
19	oifragrance	6.4e-07
19	wiwfume	6.4e-07
19	excre	6.4e-07
19	thematerialsbumedformakingperfume	6.4e-07
19	kodorize	6.4e-07
19	ite	6.4e-07
19	exuvite	6.4e-07
19	fragrancv	6.4e-07
19	hamell	6.4e-07
19	fiarour	6.4e-07
19	smart	6.4e-07
19	chondromata	6.4e-07
19	fjuiosey	6.4e-07
19	tuniour	6.4e-07
19	smtounde	6.4e-07
19	feetor	6.4e-07
19	ldoin	6.4e-07
19	fenfe	6.4e-07
19	abimdant	6.4e-07
19	sensitive	6.4e-07
19	wholesaleperfume	6.4e-07
19	bitterness	6.4e-07
19	illicit	6.4e-07
19	anglicanus	6.4e-07
19	aromaticr	6.4e-07
19	perfumr	6.4e-07
19	vajiur	6.4e-07
19	diluvia	6.4e-07
19	cataplasm	6.4e-07
19	bruife	6.4e-07
19	infun	6.4e-07
19	smelkng	6.4e-07
19	anytlie	6.4e-07
19	made	6.4e-07
19	rre	6.4e-07
19	humming	6.4e-07
19	mattei	6.4e-07
19	vajyour	6.4e-07
19	aromatias	6.4e-07
19	stencheth	6.4e-07
19	organism	6.4e-07
19	srpell	6.4e-07
19	usion	6.4e-07
19	smokmg	6.4e-07
19	rub	6.4e-07
19	hydromel	6.4e-07
19	efauvia	6.4e-07
19	hulk	6.4e-07
19	odoin	6.4e-07
19	odotu	6.4e-07
19	megrim	6.4e-07
19	comfume	6.4e-07
19	efilu	6.4e-07
19	psroxido	6.4e-07
19	brating	6.4e-07
19	efifeot	6.4e-07
19	matter	6.4e-07
19	odourwhich	6.4e-07
19	disguiser	6.4e-07
19	peculiatveffluvia	6.4e-07
19	excrementitious	6.4e-07
19	effbct	6.4e-07
19	tdour	6.4e-07
19	hydroflu	6.4e-07
19	virous	6.4e-07
19	afije	6.4e-07
19	climber	6.4e-07
19	lliey	6.4e-07
19	paroma	6.4e-07
19	flaamur	6.4e-07
19	effltivia	6.4e-07
19	flavoring	6.4e-07
19	blaek	6.4e-07
19	tasteless	6.4e-07
19	tue	6.4e-07
19	caramelle	6.4e-07
19	retinse	6.4e-07
19	tinguish	6.4e-07
19	tfhiivia	6.4e-07
19	adipocirous	6.4e-07
19	gleet	6.4e-07
19	eflhuvia	6.4e-07
19	doodoriziug	6.4e-07
19	distulcd	6.4e-07
19	mouseysmell	6.4e-07
19	efflnvia	6.4e-07
19	rootsmelleth	6.4e-07
19	efpluvia	6.4e-07
19	reetifie	6.4e-07
19	fqetor	6.4e-07
19	extravagant	6.4e-07
19	ornamenting	6.4e-07
19	apocarpous	6.4e-07
19	untidiness	6.4e-07
19	cholic	6.4e-07
19	sinell	6.4e-07
19	jilkd	6.4e-07
19	vodeur	6.4e-07
19	perfummg	6.4e-07
19	stunce	6.4e-07
19	itchuig	6.4e-07
19	fluic	6.4e-07
19	xjerfumer	6.4e-07
19	tallow	6.4e-07
19	aforename	6.4e-07
19	stincende	6.4e-07
19	perversion	6.4e-07
19	ffetor	6.4e-07
19	afusum	6.4e-07
19	liquenr	6.4e-07
19	iur	6.4e-07
19	ihiff	6.4e-07
19	fnuffing	6.4e-07
19	colome	6.4e-07
19	etflnvia	6.4e-07
19	imelle	6.4e-07
19	eume	6.4e-07
19	carbinol	6.4e-07
19	loerfume	6.4e-07
19	fub	6.4e-07
19	fraerance	6.4e-07
19	caseous	6.4e-07
19	produc	6.4e-07
19	afflatur	6.4e-07
19	effluviee	6.4e-07
19	dient	6.4e-07
19	spoilt	6.4e-07
19	lilavour	6.4e-07
19	bulbus	6.4e-07
19	odouiws	6.4e-07
19	fluorine	6.4e-07
19	tory	6.4e-07
19	fetyr	6.4e-07
19	iffluvia	6.4e-07
19	baifam	6.4e-07
19	fulphufet	6.4e-07
19	effeas	6.4e-07
19	jroma	6.4e-07
19	extenfum	6.4e-07
19	afiume	6.4e-07
19	iodoform	6.4e-07
19	effervefcence	6.4e-07
19	odoot	6.4e-07
19	fancy	6.4e-07
19	falutiferous	6.4e-07
19	anchovy	6.4e-07
19	sauce	6.4e-07
19	ventilator	6.4e-07
19	effecds	6.4e-07
19	cavity	6.4e-07
19	eflfecta	6.4e-07
19	surround	6.4e-07
19	aromalics	6.4e-07
19	oiiour	6.4e-07
19	fatty	6.4e-07
19	nos	6.4e-07
19	trum	6.4e-07
19	fonrade	6.4e-07
19	nucus	6.4e-07
19	qualilie	6.4e-07
19	diffufe	6.4e-07
19	exfudation	6.4e-07
19	nouridiment	6.4e-07
19	clod	6.4e-07
19	xentrance	6.4e-07
19	tinguishing	6.4e-07
19	snour	6.4e-07
19	smiffe	6.4e-07
19	torulofum	6.4e-07
19	unctuofum	6.4e-07
19	fpafm	6.4e-07
19	ffluvia	6.4e-07
19	tandoor	6.4e-07
19	thymellus	6.4e-07
19	antiscor	6.4e-07
19	aromatisation	6.4e-07
19	famic	6.4e-07
19	itfelffmelleth	6.4e-07
19	thetinblure	6.4e-07
19	lours	6.4e-07
19	efluvium	6.4e-07
19	somid	6.4e-07
19	elfluvium	6.4e-07
19	scentecl	6.4e-07
19	fruerance	6.4e-07
19	pestiferious	6.4e-07
19	ose	6.4e-07
19	feent	6.4e-07
19	ufeof	6.4e-07
19	impreffion	6.4e-07
19	abud	6.4e-07
19	dichromas	6.4e-07
19	pofleffe	6.4e-07
19	fiavour	6.4e-07
19	feck	6.4e-07
19	stinudate	6.4e-07
19	efftuvia	6.4e-07
19	sulphm	6.4e-07
19	slosh	6.4e-07
19	wastepipe	6.4e-07
19	sulphid	6.4e-07
19	scleroma	6.4e-07
19	slunk	6.4e-07
19	concocle	6.4e-07
19	concocled	6.4e-07
19	claffed	6.4e-07
19	fach	6.4e-07
19	fetov	6.4e-07
19	ejluvia	6.4e-07
19	glan	6.4e-07
19	wheeze	6.4e-07
19	desolation	6.4e-07
19	fliavour	6.4e-07
19	mical	6.4e-07
19	perfluous	6.4e-07
19	terebemhinous	6.4e-07
19	muder	6.4e-07
19	ffumer	6.4e-07
19	sprinkling	6.4e-07
19	strain	6.4e-07
19	odflur	6.4e-07
19	sente	6.4e-07
19	pood	6.4e-07
19	infufibri	6.4e-07
19	itstdour	6.4e-07
19	efflmaa	6.4e-07
19	eflduvium	6.4e-07
19	otur	6.4e-07
19	coryza	6.4e-07
19	olfacia	6.4e-07
19	odouit	6.4e-07
19	advertise	6.4e-07
19	libroma	6.4e-07
19	droma	6.4e-07
19	liissing	6.4e-07
19	verrucosus	6.4e-07
19	foretaste	6.4e-07
19	phial	6.4e-07
19	disintegrator	6.4e-07
19	profumi	6.4e-07
19	chant	6.4e-07
19	idrug	6.4e-07
19	thfodour	6.4e-07
19	opfum	6.4e-07
19	reel	6.4e-07
19	odar	6.4e-07
19	dmell	6.4e-07
19	odopr	6.4e-07
19	bluflie	6.4e-07
19	ferozone	6.4e-07
19	snuft	6.4e-07
19	fetop	6.4e-07
19	lssmell	6.4e-07
19	cliolera	6.4e-07
19	sinus	6.4e-07
19	stinnilus	6.4e-07
19	eflquvia	6.4e-07
19	colom	6.4e-07
19	adnnre	6.4e-07
19	illumined	6.4e-07
19	odoribus	6.4e-07
19	oan	6.4e-07
19	fermentation	6.4e-07
19	smely	6.4e-07
19	annearance	6.4e-07
19	ovia	6.4e-07
19	infuuon	6.4e-07
19	effefis	6.4e-07
19	raucous	6.4e-07
19	frangrance	6.4e-07
19	odof	6.4e-07
19	towek	6.4e-07
19	hoil	6.4e-07
19	thafs	6.4e-07
19	foulnass	6.4e-07
19	fragrnncy	6.4e-07
19	fetidiry	6.4e-07
19	asarum	6.4e-07
19	sometinc	6.4e-07
19	eflfluvium	6.4e-07
19	frice	6.4e-07
19	flayour	6.4e-07
19	tative	6.4e-07
19	stiniulaut	6.4e-07
19	bechamelle	6.4e-07
19	odtfur	6.4e-07
19	orfour	6.4e-07
19	odouvy	6.4e-07
19	loetor	6.4e-07
19	ahir	6.4e-07
19	fcdour	6.4e-07
19	odorafus	6.4e-07
19	odorafu	6.4e-07
19	ufed	6.4e-07
19	fissure	6.4e-07
19	flivjur	6.4e-07
19	odorization	6.4e-07
19	guent	6.4e-07
19	aromatized	6.4e-07
19	rankness	6.4e-07
19	pollut	6.4e-07
19	infushm	6.4e-07
19	toothe	6.4e-07
19	tofum	6.4e-07
19	nuifance	6.4e-07
19	gratefut	6.4e-07
19	havingnosmell	6.4e-07
19	ochroma	6.4e-07
19	manufactme	6.4e-07
19	plur	6.4e-07
19	olfactoi	6.4e-07
19	ius	6.4e-07
19	mesmerise	6.4e-07
19	quor	6.4e-07
19	cense	6.4e-07
19	smeljs	6.4e-07
19	cacy	6.4e-07
19	arsenicas	6.4e-07
19	accompaniment	6.4e-07
19	solforico	6.4e-07
19	irrit	6.4e-07
19	otince	6.4e-07
19	fostor	6.4e-07
19	fcod	6.4e-07
19	odqur	6.4e-07
19	provok	6.4e-07
19	emiflion	6.4e-07
19	fperfume	6.4e-07
19	eperlans	6.4e-07
19	dorant	6.4e-07
19	hysteric	6.4e-07
19	behavin	6.4e-07
19	sweue	6.4e-07
19	aur	6.4e-07
19	leueorrhoea	6.4e-07
19	fnuf	6.4e-07
19	dtink	6.4e-07
19	fluence	6.4e-07
19	eluuvia	6.4e-07
19	ftrutfure	6.4e-07
19	allume	6.4e-07
19	persiste	6.4e-07
19	catarrk	6.4e-07
19	fumette	6.4e-07
19	gaseous	6.4e-07
19	infufirig	6.4e-07
19	tliem	6.4e-07
19	oxidant	6.4e-07
19	immoral	6.4e-07
19	tenacious	6.4e-07
19	der	6.4e-07
19	dom	6.4e-07
19	efflcacy	6.4e-07
19	intoxicat	6.4e-07
19	muft	6.4e-07
19	thefummer	6.4e-07
19	mcafure	6.4e-07
19	stimulat	6.4e-07
19	intoxicati	6.4e-07
19	hreeze	6.4e-07
19	trawl	6.4e-07
19	ventilate	6.4e-07
19	nlsance	6.4e-07
19	qlfactory	6.4e-07
19	fpour	6.4e-07
19	fanie	6.4e-07
19	lesinous	6.4e-07
19	offmell	6.4e-07
19	scentdom	6.4e-07
19	aperfume	6.4e-07
19	refioement	6.4e-07
19	ndour	6.4e-07
19	efbuvia	6.4e-07
19	stinre	6.4e-07
19	oiour	6.4e-07
19	effuvia	6.4e-07
19	oinor	6.4e-07
19	odrm	6.4e-07
19	snielf	6.4e-07
19	urinary	6.4e-07
19	odoxir	6.4e-07
19	kingsmell	6.4e-07
19	nourriture	6.4e-07
19	sap	6.4e-07
19	exalation	6.4e-07
19	odourjt	6.4e-07
19	confe	6.4e-07
19	poppie	6.4e-07
19	inademe	6.4e-07
19	dceodorize	6.4e-07
19	something	6.4e-07
19	inferiour	6.4e-07
19	foutor	6.4e-07
19	stinkey	6.4e-07
19	unseemly	6.4e-07
19	tiiivour	6.4e-07
19	propagandism	6.4e-07
19	dize	6.4e-07
19	mdol	6.4e-07
19	olour	6.4e-07
19	purifies	6.4e-07
19	kodour	6.4e-07
19	sulfurous	6.4e-07
19	bioh	6.4e-07
19	poriferous	6.4e-07
19	fumea	6.4e-07
19	tat	6.4e-07
19	vermifuge	6.4e-07
19	isfue	6.4e-07
19	ong	6.4e-07
19	fmeller	6.4e-07
19	noie	6.4e-07
19	nozle	6.4e-07
19	aflfeetion	6.4e-07
19	jfum	6.4e-07
19	oleum	6.4e-07
19	nent	6.4e-07
19	alkalim	6.4e-07
19	diffuser	6.4e-07
19	odovxr	6.4e-07
19	peroxide	6.4e-07
19	fiuvia	6.4e-07
19	fcour	6.4e-07
19	efftdff	6.4e-07
19	mustard	6.4e-07
19	emanat	6.4e-07
19	oeeur	6.4e-07
19	appetitize	6.4e-07
19	appetitizing	6.4e-07
19	suff	6.4e-07
19	acrimony	6.4e-07
19	pevfume	6.4e-07
19	efflux	6.4e-07
19	tittivate	6.4e-07
19	apophyfe	6.4e-07
19	fpeake	6.4e-07
19	ppek	6.4e-07
19	prodooe	6.4e-07
19	petfume	6.4e-07
19	ftasm	6.4e-07
19	evacuation	6.4e-07
19	typlioid	6.4e-07
19	fmile	6.4e-07
19	suffume	6.4e-07
19	trichcpterous	6.4e-07
19	osiuvia	6.4e-07
19	fostid	6.4e-07
19	obour	6.4e-07
19	dreed	6.4e-07
19	dree	6.4e-07
19	affectation	6.4e-07
19	odort	6.4e-07
19	perfumo	6.4e-07
19	ozmazome	6.4e-07
19	ure	6.4e-07
19	stufhiness	6.4e-07
19	qnaff	6.4e-07
19	perfumoa	6.4e-07
19	fotus	6.4e-07
19	timour	6.4e-07
19	troma	6.4e-07
19	theperfume	6.4e-07
19	compofe	6.4e-07
19	nnscente	6.4e-07
19	dowered	6.4e-07
19	hydrocyanic	6.4e-07
19	anoint	6.4e-07
19	mufky	6.4e-07
19	fpiritucus	6.4e-07
19	efff	6.4e-07
19	flafk	6.4e-07
19	fragrauco	6.4e-07
19	foctor	6.4e-07
19	astink	6.4e-07
19	noisiness	6.4e-07
19	granul	6.4e-07
19	itate	6.4e-07
19	itating	6.4e-07
19	oiganise	6.4e-07
19	nacreous	6.4e-07
19	tiayour	6.4e-07
19	jieifume	6.4e-07
19	adore	6.4e-07
19	trichopterous	6.4e-07
19	regioune	6.4e-07
19	ufum	6.4e-07
19	savourie	6.4e-07
20	smell	0.19261717
20	odour	0.13699639
20	perfume	0.11539778
20	aromatic	0.09870869
20	odor	0.06522597
20	olfactory	0.04864144
20	scent	0.04547615
20	fragrant	0.03815225
20	fragrance	0.03026515
20	fetid	0.01655601
20	scented	0.01483078
20	stink	0.01352617
20	odorous	0.01244255
20	putrid	0.01083139
20	aroma	0.01052959
20	fume	0.01002343
20	foul	0.00981669
20	snuff	0.00716944
20	reek	0.00650881
20	sniff	0.00602642
20	odoriferous	0.00599077
20	stench	0.00589572
20	whiff	0.00404454
20	offensive	0.00403266
20	aerosol	0.00375938
20	perfumes	0.00359779
20	odourless	0.00332689
20	parfum	0.00311777
20	breath	0.00304885
20	vapour	0.00253556
20	smelly	0.00233833
20	noxious	0.00230506
20	essential	0.00223139
20	deodorize	0.00198663
20	effluvia	0.00178226
20	essence	0.00175612
20	fetor	0.00147096
20	perfumery	0.00130699
20	odorless	0.00129273
20	nostril	0.00096717
20	deodorant	0.00095054
20	nauseous	0.00086261
20	scentless	0.00084123
20	savour	0.00081271
20	emanation	0.00077707
20	obnoxious	0.00076043
20	oxidize	0.00072003
20	perfumer	0.00071766
20	intoxicate	0.00063448
20	noisome	0.00061072
20	effluvium	0.00061072
20	liqueur	0.00060122
20	aqueous	0.00059646
20	nose	0.00056082
20	inhale	0.00055369
20	ing	0.00054894
20	soaps	0.00050616
20	incense	0.00050141
20	acrid	0.00048477
20	stank	0.00047527
20	aromas	0.00047052
20	cologne	0.00045388
20	antiperspirant	0.00044675
20	nuisance	0.00043725
20	inodorous	0.00040873
20	pungent	0.00039685
20	aromatics	0.00038259
20	odorant	0.0003612
20	malodorous	0.00035883
20	flavor	0.0003517
20	viscous	0.00034932
20	spray	0.00031605
20	soap	0.00031368
20	arsenic	0.00031368
20	fetish	0.00030893
20	tang	0.0003018
20	foetid	0.0003018
20	exhalation	0.00029229
20	indol	0.00029229
20	perspirant	0.00029229
20	grance	0.00028754
20	sulphur	0.00028516
20	smoke	0.00027803
20	indolent	0.00027566
20	deodorizer	0.00027566
20	vapours	0.00024952
20	spice	0.00024001
20	sweet	0.00023763
20	hue	0.00023051
20	olfactive	0.00021862
20	deodorizing	0.00021387
20	malodour	0.00021149
20	fetishism	0.00020199
20	vagrant	0.00019724
20	erfume	0.00019248
20	whiffing	0.00019011
20	smelt	0.00019011
20	splendour	0.00018298
20	odore	0.0001806
20	fresh	0.00017823
20	puff	0.00017585
20	appetize	0.00017585
20	otto	0.00017585
20	unperfumed	0.00017585
20	aromatise	0.0001711
20	olfaction	0.00016872
20	laden	0.00015922
20	garland	0.00015446
20	mucus	0.00015446
20	unperfume	0.00015446
20	alkaloid	0.00014971
20	stunk	0.00013545
20	appetise	0.00012832
20	theobroma	0.00012595
20	odourous	0.00012119
20	ferous	0.00012119
20	powder	0.00011882
20	spicy	0.00011169
20	vitiate	0.00010931
20	rfume	0.00010931
20	appetising	0.00010694
20	appetizing	0.00010694
20	lipstick	0.00010694
20	odol	0.00010694
20	frag	0.00010456
20	oily	0.00010456
20	savor	0.00010218
20	ous	0.00010218
20	impregnate	9.981e-05
20	cream	9.743e-05
20	breathe	9.505e-05
20	smoking	9.505e-05
20	smut	9.268e-05
20	turbid	9.268e-05
20	toxin	9.268e-05
20	effeminate	9.03e-05
20	taste	9.03e-05
20	fouled	8.792e-05
20	feculent	8.792e-05
20	mist	8.792e-05
20	antiseptic	8.792e-05
20	chromate	8.555e-05
20	offend	8.317e-05
20	sludge	8.317e-05
20	poisonous	8.08e-05
20	florid	8.08e-05
20	taint	7.842e-05
20	deodorise	7.842e-05
20	cosmetic	7.842e-05
20	bergamot	7.604e-05
20	perfum	7.604e-05
20	exhale	7.367e-05
20	sound	7.367e-05
20	odoure	7.367e-05
20	fete	7.367e-05
20	discharge	7.129e-05
20	chromatic	6.891e-05
20	sweetness	6.891e-05
20	fece	6.891e-05
20	aromatick	6.891e-05
20	smuts	6.654e-05
20	alcohol	6.654e-05
20	fcetid	6.654e-05
20	smel	6.416e-05
20	snuffy	6.416e-05
20	sweeten	6.416e-05
20	aromatize	6.416e-05
20	odorat	6.416e-05
20	deodor	6.179e-05
20	pestiferous	5.941e-05
20	vapor	5.941e-05
20	sultry	5.941e-05
20	frankincense	5.941e-05
20	aromat	5.941e-05
20	parfume	5.703e-05
20	iferous	5.703e-05
20	hypernephroma	5.703e-05
20	olfactorie	5.466e-05
20	deodorization	5.466e-05
20	fragrancy	5.466e-05
20	resinous	5.466e-05
20	fmell	5.466e-05
20	stifle	5.228e-05
20	fecte	5.228e-05
20	odorific	5.228e-05
20	jasmine	4.99e-05
20	fluoride	4.99e-05
20	disgusting	4.99e-05
20	odorise	4.99e-05
20	dorant	4.99e-05
20	aromaticus	4.99e-05
20	famish	4.753e-05
20	atmosphere	4.753e-05
20	musty	4.753e-05
20	iridescent	4.753e-05
20	stimulant	4.753e-05
20	carmine	4.753e-05
20	salt	4.515e-05
20	candour	4.515e-05
20	oil	4.515e-05
20	aromatical	4.515e-05
20	smok	4.515e-05
20	rhinoscleroma	4.515e-05
20	smeller	4.277e-05
20	nosing	4.277e-05
20	nauseating	4.277e-05
20	repellent	4.277e-05
20	indole	4.277e-05
20	achromatic	4.277e-05
20	kiss	4.04e-05
20	impregnated	4.04e-05
20	strew	4.04e-05
20	extract	4.04e-05
20	malodourous	4.04e-05
20	odoi	4.04e-05
20	tic	4.04e-05
20	phosphoric	4.04e-05
20	odo	4.04e-05
20	ottos	4.04e-05
20	downpour	3.802e-05
20	ooze	3.802e-05
20	tasty	3.802e-05
20	delicious	3.802e-05
20	infusible	3.802e-05
20	effete	3.802e-05
20	permeate	3.802e-05
20	sanious	3.802e-05
20	fetishistic	3.802e-05
20	palatable	3.802e-05
20	loathsome	3.802e-05
20	fouler	3.565e-05
20	dye	3.565e-05
20	nauseate	3.565e-05
20	sulfur	3.565e-05
20	note	3.565e-05
20	refreshing	3.565e-05
20	pus	3.565e-05
20	stagnant	3.327e-05
20	breeze	3.327e-05
20	smoky	3.327e-05
20	verminous	3.327e-05
20	toxic	3.327e-05
20	tint	3.327e-05
20	fester	3.327e-05
20	luminous	3.327e-05
20	pollute	3.327e-05
20	gland	3.327e-05
20	floral	3.327e-05
20	whiffy	3.327e-05
20	smelhng	3.327e-05
20	feed	3.327e-05
20	sapid	3.327e-05
20	anaerobic	3.327e-05
20	fetide	3.327e-05
20	karvol	3.327e-05
20	snort	3.089e-05
20	stale	3.089e-05
20	frothy	3.089e-05
20	thyme	3.089e-05
20	odeur	3.089e-05
20	spirant	3.089e-05
20	smog	3.089e-05
20	miparfum	3.089e-05
20	smelle	3.089e-05
20	infusum	3.089e-05
20	fectious	3.089e-05
20	stinke	2.852e-05
20	smelleth	2.852e-05
20	vibration	2.852e-05
20	frigid	2.852e-05
20	appetizer	2.852e-05
20	odorize	2.852e-05
20	accumulation	2.852e-05
20	inhalation	2.852e-05
20	monobromate	2.852e-05
20	olf	2.852e-05
20	fetishist	2.852e-05
20	odoban	2.852e-05
20	anosmic	2.852e-05
20	smutty	2.614e-05
20	alkali	2.614e-05
20	cdour	2.614e-05
20	remelte	2.614e-05
20	sneeze	2.614e-05
20	oxid	2.614e-05
20	pheromone	2.614e-05
20	chondroma	2.614e-05
20	stance	2.614e-05
20	head	2.614e-05
20	fent	2.614e-05
20	smudge	2.376e-05
20	stinkin	2.376e-05
20	leek	2.376e-05
20	foulness	2.376e-05
20	anaemic	2.376e-05
20	intolerable	2.376e-05
20	scald	2.376e-05
20	aftershave	2.376e-05
20	alkaline	2.376e-05
20	scour	2.376e-05
20	ness	2.376e-05
20	odorem	2.376e-05
20	odourise	2.376e-05
20	gangrenous	2.376e-05
20	perfun	2.376e-05
20	compound	2.376e-05
20	pasty	2.376e-05
20	ferruginous	2.376e-05
20	olfac	2.376e-05
20	bear	2.376e-05
20	balsamic	2.376e-05
20	fetidity	2.139e-05
20	vigour	2.139e-05
20	breathing	2.139e-05
20	zephyr	2.139e-05
20	blossom	2.139e-05
20	steam	2.139e-05
20	sulphurous	2.139e-05
20	otorrhoea	2.139e-05
20	aloe	2.139e-05
20	miasmic	2.139e-05
20	glaucous	2.139e-05
20	stuffy	2.139e-05
20	disinfect	2.139e-05
20	perfumier	2.139e-05
20	anhydrous	2.139e-05
20	iroma	2.139e-05
20	olfactus	2.139e-05
20	aerofume	2.139e-05
20	effluent	2.139e-05
20	inhaler	2.139e-05
20	germ	2.139e-05
20	oceur	2.139e-05
20	unscented	2.139e-05
20	agar	2.139e-05
20	requisite	2.139e-05
20	meek	1.901e-05
20	mellow	1.901e-05
20	vile	1.901e-05
20	spoor	1.901e-05
20	drink	1.901e-05
20	denaturalize	1.901e-05
20	impure	1.901e-05
20	lukewarm	1.901e-05
20	parfums	1.901e-05
20	slush	1.901e-05
20	odora	1.901e-05
20	overpower	1.901e-05
20	slur	1.901e-05
20	musky	1.901e-05
20	speck	1.901e-05
20	albuminous	1.901e-05
20	hydatid	1.901e-05
20	jerfume	1.901e-05
20	allergy	1.901e-05
20	enchondroma	1.901e-05
20	eff	1.901e-05
20	rfum	1.901e-05
20	odom	1.901e-05
20	stinct	1.901e-05
20	chroma	1.901e-05
20	perfumair	1.901e-05
20	olfacto	1.901e-05
20	stik	1.901e-05
20	diarrhoea	1.901e-05
20	harmful	1.901e-05
20	rich	1.901e-05
20	sebaceous	1.901e-05
20	trill	1.663e-05
20	skunk	1.663e-05
20	allure	1.663e-05
20	stanch	1.663e-05
20	effeminacy	1.663e-05
20	splendor	1.663e-05
20	pomade	1.663e-05
20	oman	1.663e-05
20	snub	1.663e-05
20	chemical	1.663e-05
20	fluoridation	1.663e-05
20	stincan	1.663e-05
20	olfact	1.663e-05
20	poison	1.663e-05
20	pungency	1.663e-05
20	gum	1.663e-05
20	liquid	1.663e-05
20	fecal	1.663e-05
20	nitrous	1.663e-05
20	pultaceous	1.663e-05
20	conscious	1.663e-05
20	frangrance	1.663e-05
20	oxidise	1.663e-05
20	overdose	1.663e-05
20	mosquito	1.663e-05
20	condiment	1.663e-05
20	aldehydic	1.663e-05
20	unscente	1.663e-05
20	fumigation	1.663e-05
20	ichorous	1.663e-05
20	aromatie	1.663e-05
20	olfactoiy	1.663e-05
20	fetal	1.663e-05
20	tise	1.663e-05
20	deodoriza	1.663e-05
20	dreamy	1.426e-05
20	gust	1.426e-05
20	balmy	1.426e-05
20	effluvial	1.426e-05
20	vapid	1.426e-05
20	evil	1.426e-05
20	suffocate	1.426e-05
20	pall	1.426e-05
20	pallor	1.426e-05
20	fetidness	1.426e-05
20	shampoo	1.426e-05
20	garish	1.426e-05
20	honey	1.426e-05
20	carnivorous	1.426e-05
20	air	1.426e-05
20	decay	1.426e-05
20	caress	1.426e-05
20	sordid	1.426e-05
20	murky	1.426e-05
20	libation	1.426e-05
20	umbelliferous	1.426e-05
20	sense	1.426e-05
20	one	1.426e-05
20	pulpy	1.426e-05
20	fumes	1.426e-05
20	miasma	1.426e-05
20	pallid	1.426e-05
20	fragran	1.426e-05
20	flavour	1.426e-05
20	sniffy	1.426e-05
20	swarm	1.426e-05
20	humid	1.426e-05
20	perfumar	1.426e-05
20	olfactor	1.426e-05
20	secretion	1.426e-05
20	iromatic	1.426e-05
20	feel	1.426e-05
20	odoui	1.426e-05
20	perfumist	1.426e-05
20	tannin	1.426e-05
20	nerve	1.426e-05
20	bouquet	1.426e-05
20	gas	1.426e-05
20	discolor	1.426e-05
20	oetor	1.426e-05
20	fem	1.426e-05
20	frill	1.426e-05
20	bedeck	1.426e-05
20	foam	1.426e-05
20	caseate	1.426e-05
20	mal	1.426e-05
20	detect	1.426e-05
20	infufe	1.426e-05
20	odoret	1.426e-05
20	perfumak	1.426e-05
20	tragrance	1.426e-05
20	ftetid	1.426e-05
20	odorare	1.426e-05
20	aromaticall	1.426e-05
20	antidotal	1.426e-05
20	percolation	1.426e-05
20	superfluous	1.426e-05
20	smellable	1.426e-05
20	whisk	1.188e-05
20	infuse	1.188e-05
20	stenche	1.188e-05
20	tonic	1.188e-05
20	shimmer	1.188e-05
20	wreath	1.188e-05
20	cargo	1.188e-05
20	noise	1.188e-05
20	faecal	1.188e-05
20	fry	1.188e-05
20	omen	1.188e-05
20	nozzle	1.188e-05
20	amorous	1.188e-05
20	areek	1.188e-05
20	blush	1.188e-05
20	festive	1.188e-05
20	horrid	1.188e-05
20	hum	1.188e-05
20	unguent	1.188e-05
20	produce	1.188e-05
20	perfumèd	1.188e-05
20	rotten	1.188e-05
20	febrifuge	1.188e-05
20	paration	1.188e-05
20	eflfect	1.188e-05
20	odoiu	1.188e-05
20	duct	1.188e-05
20	lochia	1.188e-05
20	supertint	1.188e-05
20	odorator	1.188e-05
20	additive	1.188e-05
20	perfurr	1.188e-05
20	sulphide	1.188e-05
20	scleroma	1.188e-05
20	stroma	1.188e-05
20	ragrance	1.188e-05
20	perfur	1.188e-05
20	tion	1.188e-05
20	femur	1.188e-05
20	olfactoria	1.188e-05
20	greasy	1.188e-05
20	impetigo	1.188e-05
20	odou	1.188e-05
20	stinker	1.188e-05
20	arsenical	1.188e-05
20	syrupy	1.188e-05
20	deodorized	1.188e-05
20	send	1.188e-05
20	bearing	1.188e-05
20	peefume	1.188e-05
20	saline	1.188e-05
20	aura	1.188e-05
20	frolic	1.188e-05
20	sudoriferous	1.188e-05
20	pynefume	1.188e-05
20	inflammable	9.51e-06
20	odious	9.51e-06
20	alluring	9.51e-06
20	exuberance	9.51e-06
20	invigorate	9.51e-06
20	ardour	9.51e-06
20	snore	9.51e-06
20	intoxication	9.51e-06
20	waft	9.51e-06
20	pestilential	9.51e-06
20	purr	9.51e-06
20	innuendo	9.51e-06
20	crackle	9.51e-06
20	carcinogenic	9.51e-06
20	fumigant	9.51e-06
20	dandified	9.51e-06
20	enchant	9.51e-06
20	perfuméd	9.51e-06
20	pudeur	9.51e-06
20	sensuous	9.51e-06
20	diffuse	9.51e-06
20	supercilious	9.51e-06
20	leave	9.51e-06
20	incandescent	9.51e-06
20	tumid	9.51e-06
20	fag	9.51e-06
20	radiant	9.51e-06
20	whiz	9.51e-06
20	bloom	9.51e-06
20	flavorous	9.51e-06
20	polluted	9.51e-06
20	pesky	9.51e-06
20	salubrious	9.51e-06
20	oozy	9.51e-06
20	calefaceous	9.51e-06
20	juice	9.51e-06
20	scents	9.51e-06
20	aloes	9.51e-06
20	seductive	9.51e-06
20	efiluvium	9.51e-06
20	garlick	9.51e-06
20	oozing	9.51e-06
20	savours	9.51e-06
20	drowsy	9.51e-06
20	savory	9.51e-06
20	muggy	9.51e-06
20	dour	9.51e-06
20	efflorescent	9.51e-06
20	sweat	9.51e-06
20	ddize	9.51e-06
20	carbon	9.51e-06
20	putrefy	9.51e-06
20	udize	9.51e-06
20	froth	9.51e-06
20	folic	9.51e-06
20	perfuma	9.51e-06
20	sensation	9.51e-06
20	scente	9.51e-06
20	antafume	9.51e-06
20	osteofibroma	9.51e-06
20	ovum	9.51e-06
20	emission	9.51e-06
20	antitoxin	9.51e-06
20	stool	9.51e-06
20	contaminant	9.51e-06
20	perm	9.51e-06
20	snuffle	9.51e-06
20	odorus	9.51e-06
20	ohactory	9.51e-06
20	oxidizer	9.51e-06
20	foetor	9.51e-06
20	splash	9.51e-06
20	pheromones	9.51e-06
20	perfumee	9.51e-06
20	oleaginous	9.51e-06
20	odorisation	9.51e-06
20	stinctive	9.51e-06
20	arsenious	9.51e-06
20	delightful	9.51e-06
20	efiluvia	9.51e-06
20	mosquitoes	9.51e-06
20	parfumer	9.51e-06
20	heating	9.51e-06
20	hydrocarbon	9.51e-06
20	allergenic	9.51e-06
20	scenty	9.51e-06
20	monochromatic	9.51e-06
20	apochromatic	9.51e-06
20	odiferous	9.51e-06
20	violet	9.51e-06
20	aliphatic	9.51e-06
20	radical	9.51e-06
20	fragranccd	9.51e-06
20	fietid	9.51e-06
20	cactus	9.51e-06
20	gustatory	9.51e-06
20	ammoniacal	9.51e-06
20	feetid	9.51e-06
20	unpleasant	9.51e-06
20	stagnate	9.51e-06
20	stimulate	9.51e-06
20	appetiser	9.51e-06
20	tangy	9.51e-06
20	mixture	9.51e-06
20	garlicky	9.51e-06
20	abnoxious	9.51e-06
20	swampy	9.51e-06
20	casket	9.51e-06
20	odorate	9.51e-06
20	odourant	9.51e-06
20	toxine	9.51e-06
20	impetiginous	9.51e-06
20	lanolise	9.51e-06
20	etherealise	9.51e-06
20	faece	9.51e-06
20	fugacious	9.51e-06
20	peifume	9.51e-06
20	ish	9.51e-06
20	emetine	9.51e-06
20	adour	9.51e-06
20	exhalent	9.51e-06
20	odorigenic	9.51e-06
20	pehfume	9.51e-06
20	sulfuric	9.51e-06
20	halitus	9.51e-06
20	dentifrice	9.51e-06
20	rial	9.51e-06
20	etherealize	9.51e-06
20	ridize	9.51e-06
20	chromaffin	9.51e-06
20	odorum	9.51e-06
20	odoiir	9.51e-06
20	bichromate	9.51e-06
20	styptic	9.51e-06
20	stinkand	9.51e-06
20	phenol	9.51e-06
20	grumous	9.51e-06
20	antipathy	9.51e-06
20	carvacrol	9.51e-06
20	acetone	9.51e-06
20	obscene	7.13e-06
20	unmelted	7.13e-06
20	hint	7.13e-06
20	narcissus	7.13e-06
20	spume	7.13e-06
20	frille	7.13e-06
20	aniseed	7.13e-06
20	nosed	7.13e-06
20	murk	7.13e-06
20	effervescence	7.13e-06
20	linger	7.13e-06
20	leeke	7.13e-06
20	sweetener	7.13e-06
20	wilt	7.13e-06
20	shriek	7.13e-06
20	herbaceous	7.13e-06
20	smokin	7.13e-06
20	alfalfa	7.13e-06
20	radiance	7.13e-06
20	bite	7.13e-06
20	filthy	7.13e-06
20	disinfectant	7.13e-06
20	snivel	7.13e-06
20	smear	7.13e-06
20	moan	7.13e-06
20	aliment	7.13e-06
20	fluffy	7.13e-06
20	emit	7.13e-06
20	smelling	7.13e-06
20	stinketh	7.13e-06
20	thrill	7.13e-06
20	vista	7.13e-06
20	charm	7.13e-06
20	heavenly	7.13e-06
20	misty	7.13e-06
20	fervor	7.13e-06
20	infernal	7.13e-06
20	taker	7.13e-06
20	faggot	7.13e-06
20	blend	7.13e-06
20	offensiveness	7.13e-06
20	refresh	7.13e-06
20	perspiration	7.13e-06
20	detoxicate	7.13e-06
20	slurry	7.13e-06
20	property	7.13e-06
20	mucous	7.13e-06
20	apifuge	7.13e-06
20	ture	7.13e-06
20	odoro	7.13e-06
20	rancour	7.13e-06
20	trafuril	7.13e-06
20	spelt	7.13e-06
20	vitamin	7.13e-06
20	fiask	7.13e-06
20	hallucination	7.13e-06
20	liour	7.13e-06
20	ethereal	7.13e-06
20	odotir	7.13e-06
20	freshen	7.13e-06
20	hysteria	7.13e-06
20	idood	7.13e-06
20	perfumi	7.13e-06
20	crystallise	7.13e-06
20	fetus	7.13e-06
20	nectar	7.13e-06
20	perspiirant	7.13e-06
20	lepromata	7.13e-06
20	razor	7.13e-06
20	bmell	7.13e-06
20	iragrance	7.13e-06
20	dition	7.13e-06
20	rragrance	7.13e-06
20	affluvia	7.13e-06
20	snack	7.13e-06
20	aerobic	7.13e-06
20	exhala	7.13e-06
20	intoxicant	7.13e-06
20	smellin	7.13e-06
20	perfumeria	7.13e-06
20	chlorinous	7.13e-06
20	odorizer	7.13e-06
20	dichromate	7.13e-06
20	distribute	7.13e-06
20	infestation	7.13e-06
20	neurofibroma	7.13e-06
20	bath	7.13e-06
20	com	7.13e-06
20	vaporize	7.13e-06
20	miasm	7.13e-06
20	fcetor	7.13e-06
20	latter	7.13e-06
20	cosmetique	7.13e-06
20	odorament	7.13e-06
20	balsam	7.13e-06
20	iperfume	7.13e-06
20	contaminate	7.13e-06
20	odoral	7.13e-06
20	perfame	7.13e-06
20	odourle	7.13e-06
20	aromatice	7.13e-06
20	tuberance	7.13e-06
20	fibre	7.13e-06
20	odoir	7.13e-06
20	perfuine	7.13e-06
20	impression	7.13e-06
20	derfume	7.13e-06
20	pulse	7.13e-06
20	stin	7.13e-06
20	odorifer	7.13e-06
20	heat	7.13e-06
20	pentatomid	7.13e-06
20	ferment	7.13e-06
20	stinkende	7.13e-06
20	trimethylamine	7.13e-06
20	oxidation	7.13e-06
20	fumer	7.13e-06
20	phlegm	7.13e-06
20	polish	7.13e-06
20	preem	7.13e-06
20	stinkande	7.13e-06
20	colour	7.13e-06
20	itch	7.13e-06
20	phorous	7.13e-06
20	sing	7.13e-06
20	aromatica	7.13e-06
20	emana	7.13e-06
20	odois	7.13e-06
20	oecur	7.13e-06
20	influence	7.13e-06
20	frank	7.13e-06
20	fracture	7.13e-06
20	dead	4.75e-06
20	trail	4.75e-06
20	tobaccos	4.75e-06
20	luscious	4.75e-06
20	infuriate	4.75e-06
20	elegance	4.75e-06
20	infumate	4.75e-06
20	vilely	4.75e-06
20	vivify	4.75e-06
20	overheat	4.75e-06
20	sprightly	4.75e-06
20	fecund	4.75e-06
20	exude	4.75e-06
20	chill	4.75e-06
20	noisom	4.75e-06
20	timorous	4.75e-06
20	mellifluous	4.75e-06
20	unattractive	4.75e-06
20	tansy	4.75e-06
20	reeky	4.75e-06
20	rakish	4.75e-06
20	snuffin	4.75e-06
20	ill	4.75e-06
20	effluvious	4.75e-06
20	inspissate	4.75e-06
20	parfumi	4.75e-06
20	deviltry	4.75e-06
20	silk	4.75e-06
20	sting	4.75e-06
20	fleck	4.75e-06
20	ichor	4.75e-06
20	scuff	4.75e-06
20	snipe	4.75e-06
20	keen	4.75e-06
20	fetive	4.75e-06
20	perfumeless	4.75e-06
20	vermin	4.75e-06
20	damaske	4.75e-06
20	lilac	4.75e-06
20	gipsy	4.75e-06
20	discomfort	4.75e-06
20	fly	4.75e-06
20	amine	4.75e-06
20	writhe	4.75e-06
20	stinkpot	4.75e-06
20	unwholesome	4.75e-06
20	chilly	4.75e-06
20	hanging	4.75e-06
20	sight	4.75e-06
20	lace	4.75e-06
20	nightstalk	4.75e-06
20	rancid	4.75e-06
20	clanking	4.75e-06
20	fascination	4.75e-06
20	stencher	4.75e-06
20	sour	4.75e-06
20	fill	4.75e-06
20	floriferous	4.75e-06
20	prance	4.75e-06
20	underfur	4.75e-06
20	ghoulish	4.75e-06
20	smellow	4.75e-06
20	clean	4.75e-06
20	gustus	4.75e-06
20	heady	4.75e-06
20	perfumedly	4.75e-06
20	scentific	4.75e-06
20	pleasant	4.75e-06
20	stynke	4.75e-06
20	immaculate	4.75e-06
20	odorful	4.75e-06
20	infest	4.75e-06
20	flowery	4.75e-06
20	clank	4.75e-06
20	cachous	4.75e-06
20	sparkle	4.75e-06
20	schmell	4.75e-06
20	odorously	4.75e-06
20	flaccid	4.75e-06
20	mink	4.75e-06
20	dawnsmelle	4.75e-06
20	fucus	4.75e-06
20	rash	4.75e-06
20	melodious	4.75e-06
20	odourful	4.75e-06
20	slaver	4.75e-06
20	smudgy	4.75e-06
20	vapory	4.75e-06
20	crest	4.75e-06
20	fervid	4.75e-06
20	frigor	4.75e-06
20	snizzle	4.75e-06
20	stanche	4.75e-06
20	flower	4.75e-06
20	fawn	4.75e-06
20	exuberant	4.75e-06
20	pellmell	4.75e-06
20	vesicator	4.75e-06
20	pestilent	4.75e-06
20	torrid	4.75e-06
20	earthperfume	4.75e-06
20	seethe	4.75e-06
20	alcoholic	4.75e-06
20	occult	4.75e-06
20	disdainful	4.75e-06
20	torpid	4.75e-06
20	anoint	4.75e-06
20	stinuilate	4.75e-06
20	stirring	4.75e-06
20	anxiety	4.75e-06
20	whizz	4.75e-06
20	tranquil	4.75e-06
20	valour	4.75e-06
20	lascivious	4.75e-06
20	stinky	4.75e-06
20	gayetie	4.75e-06
20	ambergris	4.75e-06
20	overbear	4.75e-06
20	carromata	4.75e-06
20	spore	4.75e-06
20	faintly	4.75e-06
20	aphide	4.75e-06
20	hazy	4.75e-06
20	balm	4.75e-06
20	acorusaromaticus	4.75e-06
20	narcotic	4.75e-06
20	cafifeolic	4.75e-06
20	aftertaste	4.75e-06
20	carpel	4.75e-06
20	tasteless	4.75e-06
20	mock	4.75e-06
20	aromatizar	4.75e-06
20	perfumate	4.75e-06
20	perfumear	4.75e-06
20	foramina	4.75e-06
20	pest	4.75e-06
20	perfumiser	4.75e-06
20	fragranc	4.75e-06
20	char	4.75e-06
20	drant	4.75e-06
20	olfactorally	4.75e-06
20	lerspirant	4.75e-06
20	micaceous	4.75e-06
20	antitoxic	4.75e-06
20	smoaky	4.75e-06
20	eaudeparfum	4.75e-06
20	pollutant	4.75e-06
20	particon	4.75e-06
20	sulphid	4.75e-06
20	disinfeetant	4.75e-06
20	spirit	4.75e-06
20	flum	4.75e-06
20	isent	4.75e-06
20	odouri	4.75e-06
20	fetidis	4.75e-06
20	erinaceous	4.75e-06
20	attractant	4.75e-06
20	impulse	4.75e-06
20	toxicate	4.75e-06
20	shave	4.75e-06
20	formaldehyde	4.75e-06
20	rant	4.75e-06
20	eek	4.75e-06
20	fragrancet	4.75e-06
20	olfatory	4.75e-06
20	emasculation	4.75e-06
20	stinik	4.75e-06
20	superheate	4.75e-06
20	shelafume	4.75e-06
20	stinkard	4.75e-06
20	fseculent	4.75e-06
20	granul	4.75e-06
20	furfural	4.75e-06
20	jicifume	4.75e-06
20	letrie	4.75e-06
20	rmell	4.75e-06
20	maladorous	4.75e-06
20	stincke	4.75e-06
20	stincking	4.75e-06
20	fetitl	4.75e-06
20	dorous	4.75e-06
20	frightful	4.75e-06
20	patch	4.75e-06
20	polychroma	4.75e-06
20	stinkir	4.75e-06
20	home	4.75e-06
20	sickly	4.75e-06
20	pervade	4.75e-06
20	colourant	4.75e-06
20	pariparfum	4.75e-06
20	mery	4.75e-06
20	sachet	4.75e-06
20	asafetida	4.75e-06
20	carnation	4.75e-06
20	oxicliznig	4.75e-06
20	screech	4.75e-06
20	aromalic	4.75e-06
20	seizure	4.75e-06
20	extraneous	4.75e-06
20	imuderm	4.75e-06
20	infect	4.75e-06
20	friendly	4.75e-06
20	convak	4.75e-06
20	acrolein	4.75e-06
20	uthority	4.75e-06
20	pleasing	4.75e-06
20	scenteth	4.75e-06
20	fretime	4.75e-06
20	rimmell	4.75e-06
20	odoior	4.75e-06
20	fetour	4.75e-06
20	odoriser	4.75e-06
20	steamy	4.75e-06
20	vibrant	4.75e-06
20	sfuff	4.75e-06
20	allergen	4.75e-06
20	cyst	4.75e-06
20	maker	4.75e-06
20	fetitdum	4.75e-06
20	aromaticum	4.75e-06
20	disperse	4.75e-06
20	dazzle	4.75e-06
20	lilafleur	4.75e-06
20	alchohol	4.75e-06
20	smellie	4.75e-06
20	fear	4.75e-06
20	excite	4.75e-06
20	ubiquitous	4.75e-06
20	exudate	4.75e-06
20	nausea	4.75e-06
20	appetiz	4.75e-06
20	sludgy	4.75e-06
20	combma	4.75e-06
20	aicohol	4.75e-06
20	handkerchief	4.75e-06
20	charak	4.75e-06
20	nostalgia	4.75e-06
20	ossom	4.75e-06
20	protandrous	4.75e-06
20	brummell	4.75e-06
20	worid	4.75e-06
20	faetid	4.75e-06
20	focetid	4.75e-06
20	smellirig	4.75e-06
20	spikenard	4.75e-06
20	fuliginous	4.75e-06
20	soporiferous	4.75e-06
20	choline	4.75e-06
20	scrofulous	4.75e-06
20	perfumet	4.75e-06
20	jasmin	4.75e-06
20	nitrogenous	4.75e-06
20	diatom	4.75e-06
20	oifactory	4.75e-06
20	agent	4.75e-06
20	ment	4.75e-06
20	odoiur	4.75e-06
20	perfuman	4.75e-06
20	wynsomul	4.75e-06
20	aldehyde	4.75e-06
20	pollution	4.75e-06
20	liquor	4.75e-06
20	aromaticse	4.75e-06
20	fric	4.75e-06
20	smokeless	4.75e-06
20	indoloid	4.75e-06
20	thick	4.75e-06
20	petrify	4.75e-06
20	petrifying	4.75e-06
20	hear	4.75e-06
20	toothpaste	4.75e-06
20	pepfumds	4.75e-06
20	bacteria	4.75e-06
20	infuson	4.75e-06
20	parfumeur	4.75e-06
20	ize	4.75e-06
20	tar	4.75e-06
20	sterilise	4.75e-06
20	fluid	4.75e-06
20	bulbs	4.75e-06
20	oolour	4.75e-06
20	benzoinate	4.75e-06
20	oetid	4.75e-06
20	sensitize	4.75e-06
20	photosensitive	4.75e-06
20	tarry	4.75e-06
20	apour	4.75e-06
20	ncfume	4.75e-06
20	excrement	4.75e-06
20	dermatology	4.75e-06
20	dis	4.75e-06
20	aphrodisiac	4.75e-06
20	osmazome	4.75e-06
20	chromatone	4.75e-06
20	persipirant	4.75e-06
20	efluvia	4.75e-06
20	charge	4.75e-06
20	perfumeiy	4.75e-06
20	furfurol	4.75e-06
20	aromatiec	4.75e-06
20	flavory	4.75e-06
20	rliinoscleroma	4.75e-06
20	omnivorous	4.75e-06
20	hqueur	4.75e-06
20	exhilarate	4.75e-06
20	noisonous	4.75e-06
20	pekfume	4.75e-06
20	tinguish	4.75e-06
20	disodour	4.75e-06
20	emetin	4.75e-06
20	felt	4.75e-06
20	feck	4.75e-06
20	indols	4.75e-06
20	size	4.75e-06
20	tingle	4.75e-06
20	tingling	4.75e-06
20	agglu	4.75e-06
20	fascinatirig	4.75e-06
20	iierfume	4.75e-06
20	stinken	4.75e-06
20	oderiferous	4.75e-06
20	fetida	4.75e-06
20	aromatique	4.75e-06
20	perfumeiry	4.75e-06
20	cleanse	4.75e-06
20	intolerance	4.75e-06
20	efflu	4.75e-06
20	skatol	4.75e-06
20	olfactie	4.75e-06
20	slimy	4.75e-06
20	smelic	4.75e-06
20	smeue	4.75e-06
20	resm	4.75e-06
20	sunshimmer	4.75e-06
20	oxidum	4.75e-06
20	gektinous	4.75e-06
20	nasal	4.75e-06
20	bad	4.75e-06
20	nauseant	4.75e-06
20	monobromata	4.75e-06
20	flection	4.75e-06
20	lour	4.75e-06
20	pernicious	4.75e-06
20	aphid	4.75e-06
20	phenolic	4.75e-06
20	ketine	4.75e-06
20	nervus	4.75e-06
20	savoury	4.75e-06
20	ierfume	4.75e-06
20	elkluvia	4.75e-06
20	liaracter	4.75e-06
20	fragrace	4.75e-06
20	nephroma	4.75e-06
20	vaporous	4.75e-06
20	olfactorius	4.75e-06
20	orthochromatic	4.75e-06
20	oxido	4.75e-06
20	achromatopsia	4.75e-06
20	irritant	4.75e-06
20	fragrantly	4.75e-06
20	cetor	4.75e-06
20	libatory	4.75e-06
20	nectarous	4.75e-06
20	soip	4.75e-06
20	chloorkalk	4.75e-06
20	jfume	4.75e-06
20	olfactif	4.75e-06
20	rabid	4.75e-06
20	oxoniferous	4.75e-06
20	nectariferous	4.75e-06
20	wash	4.75e-06
20	dangerous	4.75e-06
20	spirituous	4.75e-06
20	odorophorous	4.75e-06
20	unmelte	4.75e-06
20	refinous	4.75e-06
20	perfumec	4.75e-06
20	acromatic	4.75e-06
20	erous	4.75e-06
20	systolic	4.75e-06
20	virulent	4.75e-06
20	influ	4.75e-06
20	elliman	4.75e-06
20	odonr	4.75e-06
20	ugh	4.75e-06
20	infufion	4.75e-06
20	asafetid	4.75e-06
20	tlie	4.75e-06
20	viscosity	4.75e-06
20	spic	4.75e-06
20	sulfone	4.75e-06
20	qdour	4.75e-06
20	aiid	4.75e-06
20	aerosal	4.75e-06
20	turmeric	4.75e-06
20	garlanded	4.75e-06
20	mouldy	4.75e-06
20	peruke	4.75e-06
20	ect	4.75e-06
20	actiavate	4.75e-06
20	clog	4.75e-06
20	intoxi	4.75e-06
20	nosebleed	4.75e-06
20	umed	4.75e-06
20	unisex	4.75e-06
20	resin	4.75e-06
20	rancidity	4.75e-06
20	profumo	4.75e-06
20	olfactorium	4.75e-06
20	fet	4.75e-06
20	disinfection	4.75e-06
20	anasmic	4.75e-06
20	take	4.75e-06
20	insecticide	4.75e-06
20	femin	4.75e-06
20	odoura	4.75e-06
20	eolour	4.75e-06
20	smelting	4.75e-06
20	excitation	4.75e-06
20	evocative	4.75e-06
20	hurtful	4.75e-06
20	fluss	4.75e-06
20	fragiant	4.75e-06
20	frigorific	4.75e-06
20	unmelodious	4.75e-06
20	filth	4.75e-06
20	rasmic	4.75e-06
20	ause	4.75e-06
20	snip	4.75e-06
20	washinos	4.75e-06
20	odouriferous	4.75e-06
20	snilf	4.75e-06
20	odorose	4.75e-06
20	mote	4.75e-06
20	vinous	4.75e-06
20	alkal	4.75e-06
20	aromair	4.75e-06
20	panchromatic	4.75e-06
20	zal	4.75e-06
20	okactory	4.75e-06
20	odouis	4.75e-06
20	semifluic	4.75e-06
20	gustable	4.75e-06
20	fad	4.75e-06
20	incendiary	4.75e-06
20	haunt	4.75e-06
20	voluptuous	4.75e-06
20	gdour	4.75e-06
20	odowr	4.75e-06
20	flammable	4.75e-06
20	coriaceous	4.75e-06
20	polychromatic	4.75e-06
20	ffetid	4.75e-06
20	unhealthful	4.75e-06
20	sensitise	4.75e-06
20	emollient	4.75e-06
20	xaromatic	4.75e-06
20	insecticidal	4.75e-06
20	love	4.75e-06
20	amity	4.75e-06
20	ranic	4.75e-06
20	aer	4.75e-06
20	scentlessness	4.75e-06
20	satifactory	4.75e-06
20	ornament	4.75e-06
20	cigar	4.75e-06
20	antivenomous	4.75e-06
20	mushy	4.75e-06
20	tat	4.75e-06
20	resorcin	4.75e-06
20	ridsmell	4.75e-06
20	citrous	4.75e-06
20	stinhe	4.75e-06
20	corrupt	4.75e-06
20	perfumef	4.75e-06
20	deodora	4.75e-06
20	echinocactus	4.75e-06
20	cosmetie	4.75e-06
20	tacky	4.75e-06
20	vesicate	4.75e-06
20	citrussy	4.75e-06
20	cetid	4.75e-06
20	odoraria	4.75e-06
20	stacte	4.75e-06
20	toilet	4.75e-06
20	perfumey	4.75e-06
20	fetiche	4.75e-06
20	sulfurous	4.75e-06
20	chalant	4.75e-06
20	acter	4.75e-06
20	repulsive	4.75e-06
20	persplrant	4.75e-06
20	ente	4.75e-06
20	tique	4.75e-06
20	amorphous	4.75e-06
20	faint	4.75e-06
20	smoulder	2.38e-06
20	drizzle	2.38e-06
20	drizzling	2.38e-06
20	cloud	2.38e-06
20	japan	2.38e-06
20	haze	2.38e-06
20	clangour	2.38e-06
20	drool	2.38e-06
20	wreathe	2.38e-06
20	percolator	2.38e-06
20	suffuse	2.38e-06
20	scorch	2.38e-06
20	throb	2.38e-06
20	hummed	2.38e-06
20	fervour	2.38e-06
20	vagrancy	2.38e-06
20	potent	2.38e-06
20	overfe	2.38e-06
20	sputter	2.38e-06
20	glance	2.38e-06
20	annoyance	2.38e-06
20	stanching	2.38e-06
20	shoal	2.38e-06
20	different	2.38e-06
20	liquour	2.38e-06
20	sap	2.38e-06
20	doff	2.38e-06
20	intolerant	2.38e-06
20	presence	2.38e-06
20	glimpse	2.38e-06
20	outsmelt	2.38e-06
20	disease	2.38e-06
20	languid	2.38e-06
20	boojum	2.38e-06
20	smelliest	2.38e-06
20	paragraph	2.38e-06
20	drench	2.38e-06
20	dew	2.38e-06
20	jewel	2.38e-06
20	frizzle	2.38e-06
20	steaming	2.38e-06
20	texture	2.38e-06
20	subterfuge	2.38e-06
20	pleasure	2.38e-06
20	perk	2.38e-06
20	withindoors	2.38e-06
20	emotion	2.38e-06
20	signal	2.38e-06
20	baulk	2.38e-06
20	prink	2.38e-06
20	dipping	2.38e-06
20	poesy	2.38e-06
20	odorousness	2.38e-06
20	raritie	2.38e-06
20	rarity	2.38e-06
20	whig	2.38e-06
20	putridity	2.38e-06
20	stork	2.38e-06
20	seasmell	2.38e-06
20	woful	2.38e-06
20	stuffiness	2.38e-06
20	illumine	2.38e-06
20	pungence	2.38e-06
20	fountain	2.38e-06
20	ring	2.38e-06
20	magic	2.38e-06
20	alyssum	2.38e-06
20	smeltin	2.38e-06
20	spick	2.38e-06
20	fuzz	2.38e-06
20	deodouriser	2.38e-06
20	effluyia	2.38e-06
20	river	2.38e-06
20	frothiness	2.38e-06
20	leak	2.38e-06
20	pastime	2.38e-06
20	sprinkle	2.38e-06
20	swish	2.38e-06
20	allotropic	2.38e-06
20	ravenous	2.38e-06
20	badger	2.38e-06
20	reeketh	2.38e-06
20	evildoer	2.38e-06
20	souring	2.38e-06
20	fur	2.38e-06
20	loveliness	2.38e-06
20	snorting	2.38e-06
20	snicker	2.38e-06
20	contagion	2.38e-06
20	mirth	2.38e-06
20	bobolink	2.38e-06
20	fruitsmelle	2.38e-06
20	shun	2.38e-06
20	illume	2.38e-06
20	curse	2.38e-06
20	stenching	2.38e-06
20	alarum	2.38e-06
20	lick	2.38e-06
20	snaff	2.38e-06
20	fluttering	2.38e-06
20	sniffin	2.38e-06
20	vibrancy	2.38e-06
20	skirt	2.38e-06
20	draught	2.38e-06
20	divan	2.38e-06
20	quest	2.38e-06
20	stinkum	2.38e-06
20	odiir	2.38e-06
20	manuresmelle	2.38e-06
20	manuresmelling	2.38e-06
20	wail	2.38e-06
20	cat	2.38e-06
20	electrick	2.38e-06
20	llaor	2.38e-06
20	hulky	2.38e-06
20	unphilosophizing	2.38e-06
20	misdoer	2.38e-06
20	burnouse	2.38e-06
20	pelt	2.38e-06
20	perfumesin	2.38e-06
20	scentin	2.38e-06
20	snife	2.38e-06
20	hulk	2.38e-06
20	shower	2.38e-06
20	befurre	2.38e-06
20	brackish	2.38e-06
20	iniiammable	2.38e-06
20	outsmell	2.38e-06
20	gush	2.38e-06
20	perjury	2.38e-06
20	exhalem	2.38e-06
20	glue	2.38e-06
20	hubbub	2.38e-06
20	pummel	2.38e-06
20	crowns	2.38e-06
20	lime	2.38e-06
20	stain	2.38e-06
20	spud	2.38e-06
20	ferocity	2.38e-06
20	rustle	2.38e-06
20	pluvium	2.38e-06
20	whusky	2.38e-06
20	wing	2.38e-06
20	dreariness	2.38e-06
20	lily	2.38e-06
20	scentbox	2.38e-06
20	olfaetor	2.38e-06
20	hydrophobia	2.38e-06
20	intoxicat	2.38e-06
20	tinkle	2.38e-06
20	freight	2.38e-06
20	sunniness	2.38e-06
20	spilt	2.38e-06
20	tinue	2.38e-06
20	saponifie	2.38e-06
20	fumigate	2.38e-06
20	ote	2.38e-06
20	fossfe	2.38e-06
20	mask	2.38e-06
20	smeli	2.38e-06
20	emetie	2.38e-06
20	tremor	2.38e-06
20	aromate	2.38e-06
20	conception	2.38e-06
20	susbtance	2.38e-06
20	caseous	2.38e-06
20	skin	2.38e-06
20	kadouri	2.38e-06
20	pebfume	2.38e-06
20	saccharine	2.38e-06
20	berzelius	2.38e-06
20	smellcan	2.38e-06
20	smeld	2.38e-06
20	perfu	2.38e-06
20	lragrance	2.38e-06
20	nperfume	2.38e-06
20	jtank	2.38e-06
20	rfeek	2.38e-06
20	stanks	2.38e-06
20	snifle	2.38e-06
20	lute	2.38e-06
20	acetonuria	2.38e-06
20	massage	2.38e-06
20	excretion	2.38e-06
20	unhealthiness	2.38e-06
20	istink	2.38e-06
20	strews	2.38e-06
20	miniperfume	2.38e-06
20	biook	2.38e-06
20	abatfe	2.38e-06
20	anoldenamelle	2.38e-06
20	fetidi	2.38e-06
20	mamelle	2.38e-06
20	coffret	2.38e-06
20	fluorosis	2.38e-06
20	sprayer	2.38e-06
20	ismell	2.38e-06
20	entozoa	2.38e-06
20	fluvia	2.38e-06
20	smeil	2.38e-06
20	show	2.38e-06
20	splay	2.38e-06
20	ladanum	2.38e-06
20	pregnated	2.38e-06
20	tickle	2.38e-06
20	vsmell	2.38e-06
20	vitamell	2.38e-06
20	slock	2.38e-06
20	pact	2.38e-06
20	olfende	2.38e-06
20	olfending	2.38e-06
20	tiavour	2.38e-06
20	smelter	2.38e-06
20	fdm	2.38e-06
20	herbissimo	2.38e-06
20	sniffing	2.38e-06
20	faeculent	2.38e-06
20	chromogens	2.38e-06
20	chromogen	2.38e-06
20	twig	2.38e-06
20	caffeine	2.38e-06
20	fern	2.38e-06
20	peffume	2.38e-06
20	umperfume	2.38e-06
20	scentman	2.38e-06
20	snoll	2.38e-06
20	jrance	2.38e-06
20	odous	2.38e-06
20	addhig	2.38e-06
20	detergent	2.38e-06
20	smelles	2.38e-06
20	arance	2.38e-06
20	vaiiour	2.38e-06
20	odoilrs	2.38e-06
20	chemicalize	2.38e-06
20	voure	2.38e-06
20	antisep	2.38e-06
20	bottle	2.38e-06
20	growth	2.38e-06
20	sebum	2.38e-06
20	pegamoid	2.38e-06
20	olfato	2.38e-06
20	vopularverfume	2.38e-06
20	smeffe	2.38e-06
20	fetit	2.38e-06
20	jierfume	2.38e-06
20	saliva	2.38e-06
20	arona	2.38e-06
20	solanaceous	2.38e-06
20	odot	2.38e-06
20	effusus	2.38e-06
20	label	2.38e-06
20	skinke	2.38e-06
20	fceitid	2.38e-06
20	sugar	2.38e-06
20	eflluvia	2.38e-06
20	smelf	2.38e-06
20	almond	2.38e-06
20	odohze	2.38e-06
20	odouris	2.38e-06
20	perfumerie	2.38e-06
20	anolise	2.38e-06
20	oonipresaed	2.38e-06
20	fluff	2.38e-06
20	halation	2.38e-06
20	catarrh	2.38e-06
20	electrical	2.38e-06
20	solvent	2.38e-06
20	eliiuvia	2.38e-06
20	aromacare	2.38e-06
20	lancome	2.38e-06
20	faetor	2.38e-06
20	spicier	2.38e-06
20	dichromas	2.38e-06
20	rance	2.38e-06
20	permeation	2.38e-06
20	meerstinz	2.38e-06
20	purifying	2.38e-06
20	aberrant	2.38e-06
20	clfect	2.38e-06
20	edema	2.38e-06
20	dilu	2.38e-06
20	tuation	2.38e-06
20	vodour	2.38e-06
20	fennenta	2.38e-06
20	hydrant	2.38e-06
20	suggestive	2.38e-06
20	collection	2.38e-06
20	taetor	2.38e-06
20	bonestink	2.38e-06
20	fetore	2.38e-06
20	smello	2.38e-06
20	jragrance	2.38e-06
20	dilution	2.38e-06
20	purify	2.38e-06
20	inhalant	2.38e-06
20	sale	2.38e-06
20	smellinge	2.38e-06
20	pdrfume	2.38e-06
20	deodoris	2.38e-06
20	lust	2.38e-06
20	pimpemell	2.38e-06
20	titillation	2.38e-06
20	perdifume	2.38e-06
20	prepacke	2.38e-06
20	excrete	2.38e-06
20	terror	2.38e-06
20	deek	2.38e-06
20	osal	2.38e-06
20	urinous	2.38e-06
20	dip	2.38e-06
20	sundour	2.38e-06
20	line	2.38e-06
20	refuse	2.38e-06
20	beautify	2.38e-06
20	sent	2.38e-06
20	smelless	2.38e-06
20	provocative	2.38e-06
20	monoxide	2.38e-06
20	ologne	2.38e-06
20	perfim	2.38e-06
20	frame	2.38e-06
20	crool	2.38e-06
20	tinguishe	2.38e-06
20	sneez	2.38e-06
20	newunperfume	2.38e-06
20	yedour	2.38e-06
20	embalm	2.38e-06
20	insect	2.38e-06
20	vromatic	2.38e-06
20	cloy	2.38e-06
20	content	2.38e-06
20	antagonism	2.38e-06
20	incensw	2.38e-06
20	psychotropic	2.38e-06
20	unclean	2.38e-06
20	residuum	2.38e-06
20	root	2.38e-06
20	hydrate	2.38e-06
20	rasp	2.38e-06
20	friction	2.38e-06
20	odouv	2.38e-06
20	oerfumed	2.38e-06
20	pill	2.38e-06
20	savoure	2.38e-06
20	grancy	2.38e-06
20	odouru	2.38e-06
20	medicate	2.38e-06
20	hircus	2.38e-06
20	fuse	2.38e-06
20	urinate	2.38e-06
20	odur	2.38e-06
20	demulcent	2.38e-06
20	desk	2.38e-06
20	flatus	2.38e-06
20	noser	2.38e-06
20	paste	2.38e-06
20	speciality	2.38e-06
20	rubber	2.38e-06
20	mouthwashe	2.38e-06
20	chek	2.38e-06
20	perfurm	2.38e-06
20	embrace	2.38e-06
20	perfumeur	2.38e-06
20	pesk	2.38e-06
20	compact	2.38e-06
20	cordial	2.38e-06
20	inhala	2.38e-06
20	rabic	2.38e-06
20	sundrie	2.38e-06
20	smeu	2.38e-06
20	ketol	2.38e-06
20	aldehyd	2.38e-06
20	odorf	2.38e-06
20	cacodylsmell	2.38e-06
20	oyntment	2.38e-06
20	snuffing	2.38e-06
20	aphis	2.38e-06
20	bejewel	2.38e-06
20	ergastulum	2.38e-06
20	atomiser	2.38e-06
20	membrance	2.38e-06
20	bromamid	2.38e-06
20	tation	2.38e-06
20	manufactur	2.38e-06
20	turbulence	2.38e-06
20	ode	2.38e-06
20	antiscor	2.38e-06
20	odrur	2.38e-06
20	smelh	2.38e-06
20	aromatis	2.38e-06
20	aromaticity	2.38e-06
20	oaour	2.38e-06
20	addle	2.38e-06
20	acid	2.38e-06
20	meliiod	2.38e-06
20	cfum	2.38e-06
20	perfumen	2.38e-06
20	jtind	2.38e-06
20	douse	2.38e-06
20	nauseat	2.38e-06
20	choke	2.38e-06
20	chdour	2.38e-06
20	goiit	2.38e-06
20	comfort	2.38e-06
20	profluvia	2.38e-06
20	epistaxis	2.38e-06
20	eczema	2.38e-06
20	amines	2.38e-06
20	dejecta	2.38e-06
20	ette	2.38e-06
20	smelll	2.38e-06
20	make	2.38e-06
20	pood	2.38e-06
20	display	2.38e-06
20	inetie	2.38e-06
20	agglutinate	2.38e-06
20	oisone	2.38e-06
20	phosphor	2.38e-06
20	ate	2.38e-06
20	lido	2.38e-06
20	prefume	2.38e-06
20	ancy	2.38e-06
20	gourd	2.38e-06
20	brand	2.38e-06
20	distributer	2.38e-06
20	riferous	2.38e-06
20	aflfect	2.38e-06
20	effiuvia	2.38e-06
20	oxidiser	2.38e-06
20	aerosols	2.38e-06
20	fetido	2.38e-06
20	sweeter	2.38e-06
20	wmod	2.38e-06
20	orfume	2.38e-06
20	fragrancie	2.38e-06
20	tinate	2.38e-06
20	caterpillar	2.38e-06
20	apours	2.38e-06
20	crust	2.38e-06
20	eetish	2.38e-06
20	radcidity	2.38e-06
20	smellim	2.38e-06
20	perfuil	2.38e-06
20	smiff	2.38e-06
20	polabsfum	2.38e-06
20	agrance	2.38e-06
20	odoari	2.38e-06
20	fluctuation	2.38e-06
20	parasite	2.38e-06
20	savoureth	2.38e-06
20	smellc	2.38e-06
20	sraetl	2.38e-06
20	perfec	2.38e-06
20	suffrance	2.38e-06
20	aromatischen	2.38e-06
20	advertise	2.38e-06
20	neuroma	2.38e-06
20	fragrtlnce	2.38e-06
20	aromatherapy	2.38e-06
20	hoek	2.38e-06
20	water	2.38e-06
20	seething	2.38e-06
20	tdour	2.38e-06
20	equahnlroma	2.38e-06
20	cdoure	2.38e-06
20	sniffle	2.38e-06
20	vitriolic	2.38e-06
20	occlu	2.38e-06
20	ejection	2.38e-06
20	inhieradous	2.38e-06
20	perfamery	2.38e-06
20	tliem	2.38e-06
20	bromate	2.38e-06
20	passage	2.38e-06
20	exuding	2.38e-06
20	linir	2.38e-06
20	sluff	2.38e-06
20	ulcerate	2.38e-06
20	nicofume	2.38e-06
20	vapiour	2.38e-06
20	adenofibroma	2.38e-06
20	myofibroma	2.38e-06
20	fekd	2.38e-06
20	naxperfume	2.38e-06
20	threeperfume	2.38e-06
20	chromatin	2.38e-06
20	olfactomotor	2.38e-06
20	oerfume	2.38e-06
20	foule	2.38e-06
20	olfactum	2.38e-06
20	efamol	2.38e-06
20	odoar	2.38e-06
20	ffavour	2.38e-06
20	vor	2.38e-06
20	elixir	2.38e-06
20	difierence	2.38e-06
20	inhib	2.38e-06
20	glycyrrhizin	2.38e-06
20	odcur	2.38e-06
20	unburne	2.38e-06
20	eftiuvia	2.38e-06
20	delight	2.38e-06
20	mud	2.38e-06
20	defecate	2.38e-06
20	methylate	2.38e-06
20	riavour	2.38e-06
20	fecula	2.38e-06
20	dize	2.38e-06
20	suppuration	2.38e-06
20	bromid	2.38e-06
20	fumigat	2.38e-06
20	nosy	2.38e-06
20	orunpleasantodour	2.38e-06
20	comb	2.38e-06
20	fragr	2.38e-06
20	affafetita	2.38e-06
20	tlavor	2.38e-06
20	oedema	2.38e-06
20	efhuvia	2.38e-06
20	odorif	2.38e-06
20	rolour	2.38e-06
20	wastinf	2.38e-06
20	trate	2.38e-06
20	odovr	2.38e-06
20	greeting	2.38e-06
20	mercurome	2.38e-06
20	quisites	2.38e-06
20	toap	2.38e-06
20	indour	2.38e-06
20	wmdow	2.38e-06
20	phlogisticate	2.38e-06
20	effeft	2.38e-06
20	curl	2.38e-06
20	tantalus	2.38e-06
20	lalodour	2.38e-06
20	ilafleur	2.38e-06
20	cholonome	2.38e-06
20	jjerfumer	2.38e-06
20	eodorant	2.38e-06
20	manufacture	2.38e-06
20	vinegar	2.38e-06
20	stead	2.38e-06
20	freshener	2.38e-06
20	citrus	2.38e-06
20	arseniurette	2.38e-06
20	iris	2.38e-06
20	semifluid	2.38e-06
20	olfacton	2.38e-06
20	filjre	2.38e-06
20	oodvork	2.38e-06
20	odoof	2.38e-06
20	perfumeo	2.38e-06
20	accelerator	2.38e-06
20	sraoake	2.38e-06
20	hadroma	2.38e-06
20	oionic	2.38e-06
20	flu	2.38e-06
20	secretiom	2.38e-06
20	fissur	2.38e-06
20	puffing	2.38e-06
20	anointing	2.38e-06
20	timiour	2.38e-06
20	crave	2.38e-06
20	suk	2.38e-06
20	aromata	2.38e-06
20	ftetor	2.38e-06
20	ume	2.38e-06
20	otlour	2.38e-06
20	gimmick	2.38e-06
20	refilt	2.38e-06
20	smeltof	2.38e-06
20	odoux	2.38e-06
20	oxidi	2.38e-06
20	ttiparfum	2.38e-06
20	scentstrips	2.38e-06
20	deparfum	2.38e-06
20	dote	2.38e-06
20	smeff	2.38e-06
20	ime	2.38e-06
20	exhaul	2.38e-06
20	ving	2.38e-06
20	sniil	2.38e-06
20	dichromatic	2.38e-06
20	pandour	2.38e-06
20	confute	2.38e-06
20	immellowe	2.38e-06
20	tip	2.38e-06
20	product	2.38e-06
20	dertol	2.38e-06
20	sell	2.38e-06
20	condition	2.38e-06
20	cantharide	2.38e-06
20	izer	2.38e-06
20	sauce	2.38e-06
20	cedour	2.38e-06
20	aorid	2.38e-06
20	fections	2.38e-06
20	sterilize	2.38e-06
20	terpene	2.38e-06
20	xtink	2.38e-06
20	catchpit	2.38e-06
20	disturbance	2.38e-06
20	tiding	2.38e-06
20	drank	2.38e-06
20	aim	2.38e-06
20	cess	2.38e-06
20	pit	2.38e-06
20	acne	2.38e-06
20	troma	2.38e-06
20	sninke	2.38e-06
20	confusum	2.38e-06
20	ovfume	2.38e-06
20	weed	2.38e-06
20	perfumj	2.38e-06
20	germicidal	2.38e-06
20	ofttime	2.38e-06
20	effiuvium	2.38e-06
20	nitrolime	2.38e-06
20	sycomorus	2.38e-06
20	sycomoru	2.38e-06
20	oline	2.38e-06
20	outbreak	2.38e-06
20	ijerfume	2.38e-06
20	putrefactive	2.38e-06
20	fasculent	2.38e-06
20	chiasm	2.38e-06
20	rifake	2.38e-06
20	bodyspray	2.38e-06
20	bismuth	2.38e-06
20	fragrancing	2.38e-06
20	stuek	2.38e-06
20	utdoor	2.38e-06
20	pharmaceutical	2.38e-06
20	ase	2.38e-06
20	fragrancer	2.38e-06
20	erfumery	2.38e-06
20	smelung	2.38e-06
20	effec	2.38e-06
20	tricolor	2.38e-06
20	odorafus	2.38e-06
20	odorafu	2.38e-06
20	stinkest	2.38e-06
20	nnscente	2.38e-06
20	photophobia	2.38e-06
20	bake	2.38e-06
20	sidizing	2.38e-06
20	requisites	2.38e-06
20	idesk	2.38e-06
20	fetime	2.38e-06
20	mould	2.38e-06
20	aimant	2.38e-06
20	troaes	2.38e-06
20	odnur	2.38e-06
20	bellow	2.38e-06
20	allergic	2.38e-06
20	smelie	2.38e-06
20	emanate	2.38e-06
20	fog	2.38e-06
20	langour	2.38e-06
20	iodorant	2.38e-06
20	ance	2.38e-06
20	phonochroma	2.38e-06
20	deodori	2.38e-06
20	feme	2.38e-06
20	smelllug	2.38e-06
20	tize	2.38e-06
20	morbific	2.38e-06
20	perfumette	2.38e-06
20	ducer	2.38e-06
20	reeked	2.38e-06
20	perfumr	2.38e-06
20	mell	2.38e-06
20	bdour	2.38e-06
20	tange	2.38e-06
20	ether	2.38e-06
20	give	2.38e-06
20	ffour	2.38e-06
20	asthma	2.38e-06
20	galenical	2.38e-06
20	hudnut	2.38e-06
20	diffus	2.38e-06
20	stiniuh	2.38e-06
20	other	2.38e-06
20	fcmell	2.38e-06
20	escape	2.38e-06
20	haddenham	2.38e-06
20	nostrum	2.38e-06
20	contagious	2.38e-06
20	oqdour	2.38e-06
20	sdour	2.38e-06
20	gleam	2.38e-06
20	pdour	2.38e-06
20	aromather	2.38e-06
20	spiee	2.38e-06
20	osteochondroma	2.38e-06
20	charac	2.38e-06
20	ter	2.38e-06
20	whine	2.38e-06
20	fetors	2.38e-06
20	tiqueur	2.38e-06
20	fermentation	2.38e-06
20	whifi	2.38e-06
20	ikiperfume	2.38e-06
20	sniffed	2.38e-06
20	diagran	2.38e-06
20	fractured	2.38e-06
20	sion	2.38e-06
20	adours	2.38e-06
20	eolor	2.38e-06
20	fungous	2.38e-06